Canal,Frecuencia,Magnitud
0,0.0,-26.017500539160608
0,0.5,-24.416255344720845
0,1.0,-22.050996277346258
0,1.5,-19.95423479942368
0,2.0,-18.25406661891469
0,2.5,-16.88877674577006
0,3.0,-15.787871924886208
0,3.5,-14.931436800687749
0,4.0,-14.231572028374751
0,4.5,-13.689889669757113
0,5.0,-13.287840745466694
0,5.5,-12.981696910591204
0,6.0,-12.571340377409976
0,6.5,-12.02810880277269
0,7.0,-11.541951528991392
0,7.5,-11.14266727042946
0,8.0,-10.80418123429537
0,8.5,-10.536913912668927
0,9.0,-10.34053627857975
0,9.5,-10.212319988854864
0,10.0,-10.153182729795422
0,10.5,-10.158769025261453
0,11.0,-10.230491752108012
0,11.5,-10.369434006176991
0,12.0,-10.574168647902704
0,12.5,-10.836629868804076
0,13.0,-11.173680941156144
0,13.5,-11.578048268322108
0,14.0,-12.03700815370748
0,14.5,-12.581877840096412
0,15.0,-13.20218411554701
0,15.5,-13.905081834772338
0,16.0,-14.69610393443644
0,16.5,-15.556672533369383
0,17.0,-16.548260560089897
0,17.5,-17.644538529884755
0,18.0,-18.82274356862581
0,18.5,-19.99136944913244
0,19.0,-20.914498328531963
0,19.5,-21.377595508611357
0,20.0,-21.30353801594347
0,20.5,-20.86016133939843
0,21.0,-20.11512418690714
0,21.5,-19.087101709766387
0,22.0,-17.83058199486699
0,22.5,-16.534409914672786
0,23.0,-15.357730684428812
0,23.5,-14.265584589211857
0,24.0,-13.300831486921192
0,24.5,-12.462884526002233
0,25.0,-11.743996949584734
0,25.5,-11.157620012826484
0,26.0,-10.6631678403571
0,26.5,-10.276271626307794
0,27.0,-10.003937002079496
0,27.5,-9.828817783712664
0,28.0,-9.760274965378084
0,28.5,-9.802582916902326
0,29.0,-9.956780381726675
0,29.5,-10.21902757926796
0,30.0,-10.611135986378402
0,30.5,-11.1307516410754
0,31.0,-11.7857960695307
0,31.5,-12.57535208041993
0,32.0,-13.464601561551646
0,32.5,-14.482658478372496
0,33.0,-15.539504441794804
0,33.5,-16.480687113775833
0,34.0,-17.13224275970021
0,34.5,-17.150961866236997
0,35.0,-16.42235330314728
0,35.5,-15.254304182429935
0,36.0,-14.022257463207756
0,36.5,-12.83176419321419
0,37.0,-11.780687825135308
0,37.5,-10.903847377652095
0,38.0,-10.13491725733748
0,38.5,-9.481695749509116
0,39.0,-8.91413741400053
0,39.5,-8.3767416826095
0,40.0,-7.848024988268084
0,40.5,-7.3227645530580014
0,41.0,-6.850475332006475
0,41.5,-6.444661899775434
0,42.0,-6.106870363795862
0,42.5,-5.845344280559207
0,43.0,-5.643072103591356
0,43.5,-5.507496516015894
0,44.0,-5.4401492323232965
0,44.5,-5.4364937196548455
0,45.0,-5.498599575218903
0,45.5,-5.628093212951538
0,46.0,-5.824236049633623
0,46.5,-6.079979318823107
0,47.0,-6.412637128220318
0,47.5,-6.815917891911094
0,48.0,-7.293456106631244
0,48.5,-7.846350976511734
0,49.0,-8.45840977656639
0,49.5,-9.171053272555904
0,50.0,-9.967635588399691
0,50.5,-10.81971944796647
0,51.0,-11.749811546490262
0,51.5,-12.56070904096931
0,52.0,-13.128157799252392
0,52.5,-13.645724853978596
0,53.0,-14.182297152645598
0,53.5,-14.79735875741364
0,54.0,-15.490500565041003
0,54.5,-16.27903136007991
0,55.0,-17.176946029589832
0,55.5,-18.169784378138115
0,56.0,-19.33693199654823
0,56.5,-20.66281512651598
0,57.0,-22.10842228348013
0,57.5,-23.731775321203006
0,58.0,-25.325143540139283
0,58.5,-26.34721596711454
0,59.0,-26.11656837354504
0,59.5,-25.26406889258924
0,60.0,-24.272728980858904
0,60.5,-23.34117806727654
0,61.0,-22.47023869495683
0,61.5,-21.575366548174355
0,62.0,-20.62299959997933
0,62.5,-19.57194888658369
0,63.0,-18.5057598378326
0,63.5,-17.51005784359613
0,64.0,-16.56052354062439
0,64.5,-15.702209062507162
0,65.0,-14.93736430989785
0,65.5,-14.25901429812925
0,66.0,-13.678542460790425
0,66.5,-13.152442490258071
0,67.0,-12.691720717228186
0,67.5,-12.290130152749915
0,68.0,-11.938246328396446
0,68.5,-11.635303839701908
0,69.0,-11.3471432818708
0,69.5,-11.059291038021616
0,70.0,-10.748166154428567
0,70.5,-10.372063367666328
0,71.0,-9.96133284899209
0,71.5,-9.562504503390214
0,72.0,-9.20972023535097
0,72.5,-8.92812935438024
0,73.0,-8.706758147482223
0,73.5,-8.556629007108194
0,74.0,-8.479785049042292
0,74.5,-8.474828937678685
0,75.0,-8.539810977551209
0,75.5,-8.679118314919139
0,76.0,-8.891360248461345
0,76.5,-9.168804383525044
0,77.0,-9.529936806789916
0,77.5,-9.96716871980452
0,78.0,-10.482671666742364
0,78.5,-11.074263124907894
0,79.0,-11.718902411551175
0,79.5,-12.450160573962918
0,80.0,-13.236163141447593
0,80.5,-14.059878439314405
0,81.0,-14.897258788612822
0,81.5,-15.694861882329366
0,82.0,-16.463766559069917
0,82.5,-17.121879986462044
0,83.0,-17.57222254013929
0,83.5,-17.750694780177405
0,84.0,-17.60459651345631
0,84.5,-17.1922312363232
0,85.0,-16.645828890485657
0,85.5,-16.09522984777052
0,86.0,-15.577147153910202
0,86.5,-15.143912313673685
0,87.0,-14.812716876312464
0,87.5,-14.586510905902196
0,88.0,-14.469476934169066
0,88.5,-14.453243864386152
0,89.0,-14.54015920605092
0,89.5,-14.723424987780737
0,90.0,-15.0136663981994
0,90.5,-15.40413174204926
0,91.0,-15.894348071952656
0,91.5,-16.475916733253666
0,92.0,-17.114282744245415
0,92.5,-17.82052204716319
0,93.0,-18.533030486298607
0,93.5,-19.18968550398221
0,94.0,-19.795643639477973
0,94.5,-20.27873696189561
0,95.0,-20.54496681578127
0,95.5,-20.49734164573576
0,96.0,-20.10845184284353
0,96.5,-19.420598949462747
0,97.0,-18.57001489905054
0,97.5,-17.668455868115
0,98.0,-16.790013598393024
0,98.5,-15.998754842862644
0,99.0,-15.26517966752873
0,99.5,-14.623253053772457
0,100.0,-14.214539493439094
1,0.0,-15.58566041928698
1,0.5,-14.631273675391666
1,1.0,-13.186473053059018
1,1.5,-11.806470159177106
1,2.0,-10.612294916147953
1,2.5,-9.598886725476566
1,3.0,-8.738483428541642
1,3.5,-8.030521142443868
1,4.0,-7.411816748650443
1,4.5,-6.889657714979474
1,5.0,-6.453778267224656
1,5.5,-6.09286323992928
1,6.0,-5.808381040594324
1,6.5,-5.577133863034773
1,7.0,-5.405110015719851
1,7.5,-5.295453305951956
1,8.0,-5.243275461038465
1,8.5,-5.255035353389135
1,9.0,-5.334943056258622
1,9.5,-5.483223956721356
1,10.0,-5.692981218671292
1,10.5,-5.974452267250546
1,11.0,-6.315013249557521
1,11.5,-6.705092591156834
1,12.0,-7.127361551981573
1,12.5,-7.545720273785439
1,13.0,-7.955619860958052
1,13.5,-8.308491454020402
1,14.0,-8.560704978714147
1,14.5,-8.699227852190825
1,15.0,-8.703494111497552
1,15.5,-8.580127438172884
1,16.0,-8.36288275425452
1,16.5,-8.104077670814338
1,17.0,-7.833529803597728
1,17.5,-7.596927143805504
1,18.0,-7.423494340332005
1,18.5,-7.331390254801688
1,19.0,-7.333882443733951
1,19.5,-7.440086339943231
1,20.0,-7.612001694562878
1,20.5,-7.649515885216518
1,21.0,-7.721133619530029
1,21.5,-7.9034481577356255
1,22.0,-8.206817318284896
1,22.5,-8.63611591037932
1,23.0,-9.183174552862164
1,23.5,-9.893492251125338
1,24.0,-10.763157345863124
1,24.5,-11.809453184251309
1,25.0,-13.036968349753293
1,25.5,-14.389715511375837
1,26.0,-15.878447882882536
1,26.5,-17.184976469171808
1,27.0,-17.189477315209235
1,27.5,-16.10518847016826
1,28.0,-14.933710486141068
1,28.5,-13.99485542725914
1,29.0,-13.31227694253848
1,29.5,-12.87995705019355
1,30.0,-12.651344294036152
1,30.5,-12.627837839474775
1,31.0,-12.809057526416725
1,31.5,-13.19394694184415
1,32.0,-13.774075472951152
1,32.5,-14.59934371721137
1,33.0,-15.656025596101768
1,33.5,-16.854517051035312
1,34.0,-18.037711535670525
1,34.5,-18.77978140369984
1,35.0,-18.78237885930108
1,35.5,-17.440400709890575
1,36.0,-15.93295809263662
1,36.5,-14.508474596184232
1,37.0,-13.259638334877106
1,37.5,-12.225067648864306
1,38.0,-11.328819892234668
1,38.5,-10.587467269448007
1,39.0,-9.991160506034188
1,39.5,-9.53153860239083
1,40.0,-9.21894534066726
1,40.5,-9.03674095280299
1,41.0,-8.998169867541556
1,41.5,-9.110952525706251
1,42.0,-9.37916487458145
1,42.5,-9.800342733258525
1,43.0,-10.416962479348188
1,43.5,-11.238824074642176
1,44.0,-12.265796507219378
1,44.5,-13.60421568980436
1,45.0,-15.261563362572426
1,45.5,-17.200148766689832
1,46.0,-18.90680305929018
1,46.5,-19.05294395429224
1,47.0,-17.538737339329792
1,47.5,-15.609913209759386
1,48.0,-13.879527260175012
1,48.5,-12.448518627283086
1,49.0,-11.327800196809283
1,49.5,-10.405619222445964
1,50.0,-9.680788449364004
1,50.5,-9.1411927313065
1,51.0,-8.73025298173655
1,51.5,-8.448215435267185
1,52.0,-8.286452172900546
1,52.5,-8.236666048753358
1,53.0,-8.294657562196852
1,53.5,-8.463106214061787
1,54.0,-8.739122252199413
1,54.5,-9.122138189124245
1,55.0,-9.60379314375771
1,55.5,-10.154274775734828
1,56.0,-10.783608225052411
1,56.5,-11.432235569219529
1,57.0,-12.01433495072009
1,57.5,-12.472131713313605
1,58.0,-12.696169973466072
1,58.5,-12.648390622707456
1,59.0,-12.38841921811867
1,59.5,-12.0216663712414
1,60.0,-11.609378806574233
1,60.5,-11.219207837421983
1,61.0,-10.887073388894375
1,61.5,-10.633423446444894
1,62.0,-10.478639241742943
1,62.5,-10.427097985034028
1,63.0,-10.497377192878195
1,63.5,-10.69766556802534
1,64.0,-11.056966447174846
1,64.5,-11.588674880135256
1,65.0,-12.322418240613793
1,65.5,-13.287382202169503
1,66.0,-14.484755115372051
1,66.5,-16.00634132837028
1,67.0,-17.611756123300108
1,67.5,-18.20740893105146
1,68.0,-17.174489287038632
1,68.5,-15.628038662178923
1,69.0,-14.12660215984781
1,69.5,-12.85941430526251
1,70.0,-11.855748977993818
1,70.5,-11.02399616841165
1,71.0,-10.366601956564594
1,71.5,-9.85994135205632
1,72.0,-9.475258600120734
1,72.5,-9.195693767520146
1,73.0,-8.98236822579666
1,73.5,-8.83767361562538
1,74.0,-8.773421119855213
1,74.5,-8.803829668712572
1,75.0,-8.937524230622406
1,75.5,-9.192157734416565
1,76.0,-9.570697551870817
1,76.5,-10.063886795040974
1,77.0,-10.707216435119385
1,77.5,-11.485132253140582
1,78.0,-12.38640113915632
1,78.5,-13.362121274307796
1,79.0,-14.274297454012151
1,79.5,-14.984290784356688
1,80.0,-15.25175490365188
1,80.5,-14.999064693256951
1,81.0,-14.401956238230724
1,81.5,-13.71299392426587
1,82.0,-13.030481865449744
1,82.5,-12.427377557513536
1,83.0,-11.925281556398785
1,83.5,-11.47786677772356
1,84.0,-11.084375601485428
1,84.5,-10.745069849131117
1,85.0,-10.475248986190234
1,85.5,-10.29943749146943
1,86.0,-10.219513865245828
1,86.5,-10.247509913563796
1,87.0,-10.389017573260285
1,87.5,-10.643902031281348
1,88.0,-11.00296960428355
1,88.5,-11.49105543029817
1,89.0,-12.099516103075146
1,89.5,-12.808324260369568
1,90.0,-13.661792060472894
1,90.5,-14.632123109993808
1,91.0,-15.702023282985538
1,91.5,-16.819710467442672
1,92.0,-17.83840311091847
1,92.5,-18.588229384464885
1,93.0,-18.774650213894244
1,93.5,-18.412544147842237
1,94.0,-17.754993016479926
1,94.5,-17.048212921983986
1,95.0,-16.40473605944259
1,95.5,-15.863648648541744
1,96.0,-15.449117376133657
1,96.5,-15.135188534387972
1,97.0,-14.930056450456089
1,97.5,-14.828806683098229
1,98.0,-14.821208120086276
1,98.5,-14.896088075050672
1,99.0,-15.04842384019278
1,99.5,-15.265653225758932
1,100.0,-15.457424123801283
2,0.0,-27.661384527365332
2,0.5,-26.998122046986666
2,1.0,-25.87399455497687
2,1.5,-24.58651006008617
2,2.0,-23.308289324173156
2,2.5,-22.106346546843778
2,3.0,-21.00662549902819
2,3.5,-20.049375303870825
2,4.0,-19.17815400816318
2,4.5,-18.42344325036274
2,5.0,-17.78728719784736
2,5.5,-17.26692908129639
2,6.0,-16.874555018241942
2,6.5,-16.586013598777235
2,7.0,-16.414348782516733
2,7.5,-16.362182849236373
2,8.0,-16.4269922408682
2,8.5,-16.609942375207012
2,9.0,-16.910114496286248
2,9.5,-17.317087036739654
2,10.0,-17.8018582424199
2,10.5,-18.377320056721327
2,11.0,-19.01567858267584
2,11.5,-19.71756486711977
2,12.0,-20.49123436825515
2,12.5,-21.315317021493996
2,13.0,-22.1882108560274
2,13.5,-22.69236605749208
2,14.0,-22.123799143011265
2,14.5,-20.963936027462783
2,15.0,-19.78872048543388
2,15.5,-18.748360103349125
2,16.0,-17.895567976070126
2,16.5,-17.25432878654267
2,17.0,-16.773158086033078
2,17.5,-16.458394277809926
2,18.0,-16.298699596993004
2,18.5,-16.271699037662195
2,19.0,-16.33325884227563
2,19.5,-16.352981802824356
2,20.0,-16.11507770648009
2,20.5,-15.695637773528842
2,21.0,-15.246102750019972
2,21.5,-14.830910981524104
2,22.0,-14.446755254567435
2,22.5,-14.066427985434924
2,23.0,-13.662479697117048
2,23.5,-13.182171473502924
2,24.0,-12.654436344691852
2,24.5,-12.11532504395315
2,25.0,-11.59175273048373
2,25.5,-11.114480579397446
2,26.0,-10.663947982501586
2,26.5,-10.261682318415003
2,27.0,-9.92226265042244
2,27.5,-9.62620770305108
2,28.0,-9.383865278302892
2,28.5,-9.194267505854867
2,29.0,-9.05272441643684
2,29.5,-8.957126808861272
2,30.0,-8.894831522464736
2,30.5,-8.860932880813488
2,31.0,-8.846907811751679
2,31.5,-8.843445980446955
2,32.0,-8.843118885685225
2,32.5,-8.8409991691717
2,33.0,-8.835291868260477
2,33.5,-8.826761547846694
2,34.0,-8.816483205422331
2,34.5,-8.806388727839806
2,35.0,-8.79784993868427
2,35.5,-8.791843528744673
2,36.0,-8.789300222267952
2,36.5,-8.790964166173993
2,37.0,-8.797947850252594
2,37.5,-8.81105476961179
2,38.0,-8.832519689491772
2,38.5,-8.86348107211141
2,39.0,-8.90583618061785
2,39.5,-8.961007626096865
2,40.0,-9.028307372183388
2,40.5,-9.112875664382305
2,41.0,-9.212684283594983
2,41.5,-9.326860653246614
2,42.0,-9.452395150833464
2,42.5,-9.580872182455751
2,43.0,-9.71417071103398
2,43.5,-9.840975574656603
2,44.0,-9.950166336301614
2,44.5,-10.041543467062938
2,45.0,-10.106930887740274
2,45.5,-10.144279355148017
2,46.0,-10.15647296995426
2,46.5,-10.149260097616516
2,47.0,-10.129540367202925
2,47.5,-10.104368256944566
2,48.0,-10.078370964247094
2,48.5,-10.054165680017949
2,49.0,-10.036509279921468
2,49.5,-10.034366895970386
2,50.0,-10.0629558843276
2,50.5,-10.13505066113645
2,51.0,-10.268048640573165
2,51.5,-10.469899202765417
2,52.0,-10.750870138266242
2,52.5,-11.117239216055289
2,53.0,-11.56253974075766
2,53.5,-12.121882813584811
2,54.0,-12.787234973717997
2,54.5,-13.561617064021757
2,55.0,-14.426285663534015
2,55.5,-15.281781952154796
2,56.0,-15.942006035816236
2,56.5,-15.937187092932062
2,57.0,-15.159708153609444
2,57.5,-14.04711660330407
2,58.0,-12.967712491024615
2,58.5,-12.028004162030465
2,59.0,-11.24192892962943
2,59.5,-10.6221509820775
2,60.0,-10.11858158432226
2,60.5,-9.740021152528223
2,61.0,-9.479963849414968
2,61.5,-9.329088870460296
2,62.0,-9.283632215845149
2,62.5,-9.336866585586796
2,63.0,-9.487434304130703
2,63.5,-9.72581730236188
2,64.0,-10.065143711518257
2,64.5,-10.4960024280762
2,65.0,-11.01715348932405
2,65.5,-11.621387565918468
2,66.0,-12.27850313530393
2,66.5,-13.012167961352183
2,67.0,-13.77296829861264
2,67.5,-14.51461721234086
2,68.0,-15.173568231896798
2,68.5,-15.661988568945292
2,69.0,-15.949896066280266
2,69.5,-16.002798814641384
2,70.0,-15.855731322231817
2,70.5,-15.563665252157026
2,71.0,-15.199245258300502
2,71.5,-14.817440334459237
2,72.0,-14.455334416677298
2,72.5,-14.143195703105064
2,73.0,-13.871020231372045
2,73.5,-13.650628809462422
2,74.0,-13.480563116766344
2,74.5,-13.35474589888911
2,75.0,-13.26964879164627
2,75.5,-13.213366337284258
2,76.0,-13.182024569936289
2,76.5,-13.16910462846467
2,77.0,-13.165995492738128
2,77.5,-13.164997058561976
2,78.0,-13.158449864070818
2,78.5,-13.140702214751649
2,79.0,-13.109318858316216
2,79.5,-13.06105816956439
2,80.0,-12.997350454175896
2,80.5,-12.919509205803836
2,81.0,-12.829922625463468
2,81.5,-12.733572529287974
2,82.0,-12.625805193877609
2,82.5,-12.510020850439552
2,83.0,-12.389385644216068
2,83.5,-12.255094642490617
2,84.0,-12.109839522207269
2,84.5,-11.953654575033696
2,85.0,-11.78948092039092
2,85.5,-11.628047310079412
2,86.0,-11.46778147340773
2,86.5,-11.323777637156349
2,87.0,-11.207119585946982
2,87.5,-11.126954816009595
2,88.0,-11.092259002534933
2,88.5,-11.106569230725936
2,89.0,-11.173610091786802
2,89.5,-11.288258276900892
2,90.0,-11.449346269231029
2,90.5,-11.634350412706691
2,91.0,-11.809071140984068
2,91.5,-11.931181958392552
2,92.0,-11.975060196876662
2,92.5,-11.95878194189785
2,93.0,-11.918784080096671
2,93.5,-11.888841374493294
2,94.0,-11.885939606110966
2,94.5,-11.917525205464
2,95.0,-11.98235279238544
2,95.5,-12.072025315886355
2,96.0,-12.17234043300524
2,96.5,-12.27760655934572
2,97.0,-12.375394051354084
2,97.5,-12.461458823311482
2,98.0,-12.53889362024958
2,98.5,-12.614584591036998
2,99.0,-12.70748023385926
2,99.5,-12.831761897438271
2,100.0,-12.950434015746092
3,0.0,-17.897748096915578
3,0.5,-17.02277041989235
3,1.0,-15.658828519371353
3,1.5,-14.284225125559797
3,2.0,-13.05727806014214
3,2.5,-12.00274998030641
3,3.0,-11.109327033714967
3,3.5,-10.385392169045392
3,4.0,-9.771617823069578
3,4.5,-9.278857725553646
3,5.0,-8.899743596489907
3,5.5,-8.624406391761221
3,6.0,-8.4524144382769
3,6.5,-8.368495800504535
3,7.0,-8.374647195760975
3,7.5,-8.465468561547157
3,8.0,-8.644632559776682
3,8.5,-8.907653996004107
3,9.0,-9.2545102723554
3,9.5,-9.681152309698524
3,10.0,-10.16754441732268
3,10.5,-10.72520540407676
3,11.0,-11.193662728086949
3,11.5,-11.315670891117232
3,12.0,-11.296026657155204
3,12.5,-11.22974068903964
3,13.0,-11.12174447555314
3,13.5,-10.977065929486082
3,14.0,-10.8056228137964
3,14.5,-10.604021998680004
3,15.0,-10.387230064324998
3,15.5,-10.166466531526112
3,16.0,-9.953471903766854
3,16.5,-9.764862423880988
3,17.0,-9.598162595579648
3,17.5,-9.466559075421324
3,18.0,-9.376449109705264
3,18.5,-9.331056032584923
3,19.0,-9.333225627808169
3,19.5,-9.385365259951415
3,20.0,-9.489291102800095
3,20.5,-9.641981306215609
3,21.0,-9.854714287867033
3,21.5,-10.12430833335708
3,22.0,-10.453023095099192
3,22.5,-10.838942623040444
3,23.0,-11.262431257369704
3,23.5,-11.724157401985307
3,24.0,-12.134303781590402
3,24.5,-12.399604381862916
3,25.0,-12.58855075144812
3,25.5,-12.811375855656404
3,26.0,-13.1395233857845
3,26.5,-13.59085781090714
3,27.0,-14.160700042090228
3,27.5,-14.888762788708242
3,28.0,-15.74561265613704
3,28.5,-16.68720627611867
3,29.0,-17.598469644317856
3,29.5,-18.244000653707253
3,30.0,-18.38761659020376
3,30.5,-17.90094620585654
3,31.0,-16.954360963741806
3,31.5,-15.831369335777238
3,32.0,-14.756935699013336
3,32.5,-13.760503130743
3,33.0,-12.91196167444124
3,33.5,-12.241030092632776
3,34.0,-11.702881435648608
3,34.5,-11.31123040691507
3,35.0,-11.059720727021752
3,35.5,-10.934927533674948
3,36.0,-10.924294719867593
3,36.5,-11.009519218019172
3,37.0,-11.166159434018866
3,37.5,-11.35323498575524
3,38.0,-11.535521662580324
3,38.5,-11.656828409429078
3,39.0,-11.676245085302972
3,39.5,-11.58318378487188
3,40.0,-11.395309172593388
3,40.5,-11.124075734081032
3,41.0,-10.789955471727472
3,41.5,-10.267133433123025
3,42.0,-9.41752256427221
3,42.5,-8.626029324481724
3,43.0,-7.940285490730749
3,43.5,-7.3881132858070835
3,44.0,-6.979766768447748
3,44.5,-6.6874295687036645
3,45.0,-6.522990160602413
3,45.5,-6.490077717351596
3,46.0,-6.589312259852706
3,46.5,-6.819359639739931
3,47.0,-7.203860091502993
3,47.5,-7.748879343497064
3,48.0,-8.476940893322912
3,48.5,-9.40985188621053
3,49.0,-10.53903008273618
3,49.5,-11.722416394020998
3,50.0,-12.59711908240421
3,50.5,-13.407451608244989
3,51.0,-14.076146576264213
3,51.5,-14.286990577575606
3,52.0,-13.79525731078497
3,52.5,-12.726924098457731
3,53.0,-11.462577621576838
3,53.5,-10.19452334577185
3,54.0,-9.07624997636719
3,54.5,-8.139191388476668
3,55.0,-7.375393465563881
3,55.5,-6.7906169060463935
3,56.0,-6.335414784439771
3,56.5,-6.017517264240954
3,57.0,-5.834723585563399
3,57.5,-5.7702254869885055
3,58.0,-5.826887255115999
3,58.5,-6.006650777481376
3,59.0,-6.308862650342854
3,59.5,-6.724627918266861
3,60.0,-7.286459305449246
3,60.5,-7.98993888883408
3,61.0,-8.848180024550247
3,61.5,-9.866969640801718
3,62.0,-11.013170661493268
3,62.5,-12.347461348779817
3,63.0,-13.795642075324029
3,63.5,-15.20098158445282
3,64.0,-16.3571750426301
3,64.5,-16.723253706181787
3,65.0,-16.02104900802439
3,65.5,-14.729996054162465
3,66.0,-13.405341800376725
3,66.5,-12.182932284535372
3,67.0,-11.157410009193104
3,67.5,-10.33149838772728
3,68.0,-9.68579482860951
3,68.5,-9.218934848478083
3,69.0,-8.888555404909269
3,69.5,-8.699984554541924
3,70.0,-8.64918542034772
3,70.5,-8.730862846102989
3,71.0,-8.948039385473221
3,71.5,-9.308837065992876
3,72.0,-9.819904162584043
3,72.5,-10.475051123867914
3,73.0,-11.335328659081998
3,73.5,-12.404372006745415
3,74.0,-13.703711678208869
3,74.5,-15.166217096987696
3,75.0,-16.168279533618513
3,75.5,-15.6520470527703
3,76.0,-14.20722262477817
3,76.5,-12.762714663034073
3,77.0,-11.489341599392525
3,77.5,-10.445453419974983
3,78.0,-9.60759057566388
3,78.5,-8.942640057326264
3,79.0,-8.442211463272399
3,79.5,-8.05509980420676
3,80.0,-7.7808544778114275
3,80.5,-7.608310409231613
3,81.0,-7.5255765837406
3,81.5,-7.526833298245934
3,82.0,-7.610807639815112
3,82.5,-7.780462813943551
3,83.0,-8.034405970177085
3,83.5,-8.397913881467572
3,84.0,-8.8745795710904
3,84.5,-9.481195477601895
3,85.0,-10.232656460086464
3,85.5,-11.12295204053375
3,86.0,-12.236284950909178
3,86.5,-13.58056483364032
3,87.0,-15.201851565372612
3,87.5,-17.11010341720104
3,88.0,-19.09776220615142
3,88.5,-20.6955120651468
3,89.0,-21.25251961916456
3,89.5,-21.07208685921556
3,90.0,-20.68111752132957
3,90.5,-19.771540421690528
3,91.0,-18.15966699064839
3,91.5,-16.853487862986565
3,92.0,-15.94425686543306
3,92.5,-15.302784079394051
3,93.0,-14.902566074179212
3,93.5,-14.706061014208611
3,94.0,-14.657820039737077
3,94.5,-14.711467570239282
3,95.0,-14.79242834847905
3,95.5,-14.80016407588495
3,96.0,-14.641704407423374
3,96.5,-14.265853024444391
3,97.0,-13.72194627377513
3,97.5,-13.095789527487662
3,98.0,-12.464571886169452
3,98.5,-11.892405471471774
3,99.0,-11.368226389336527
3,99.5,-10.921403314062095
3,100.0,-10.64633638695931
4,0.0,-17.923858890812323
4,0.5,-17.29807459781681
4,1.0,-16.272046459204997
4,1.5,-15.22396976676542
4,2.0,-14.25999433908004
4,2.5,-13.39880999890749
4,3.0,-12.638327372434617
4,3.5,-11.993830026663176
4,4.0,-11.41921654900583
4,4.5,-10.92939342532658
4,5.0,-10.521657647159223
4,5.5,-10.19109512244439
4,6.0,-9.943263090559723
4,6.5,-9.76144871288188
4,7.0,-9.653133657073257
4,7.5,-9.620005051628205
4,8.0,-9.66161544159948
4,8.5,-9.781613059553132
4,9.0,-9.98548357139397
4,9.5,-10.2767102841435
4,10.0,-10.650325857660986
4,10.5,-11.138591967799696
4,11.0,-11.74131947284218
4,11.5,-12.476542542076531
4,12.0,-13.361956615960269
4,12.5,-14.38860802317957
4,13.0,-15.440982237572271
4,13.5,-16.149443269659884
4,14.0,-16.84612892183286
4,14.5,-17.62080509093201
4,15.0,-18.438351984727746
4,15.5,-19.266489477440334
4,16.0,-20.01432817679372
4,16.5,-20.367108069689237
4,17.0,-19.911354989323115
4,17.5,-19.212221339304357
4,18.0,-18.493230057852305
4,18.5,-17.824941456764797
4,19.0,-17.299310624319244
4,19.5,-16.91856560037296
4,20.0,-16.70142709435788
4,20.5,-16.637057872737028
4,21.0,-16.69792512896846
4,21.5,-16.849779647589205
4,22.0,-17.033870616153223
4,22.5,-17.162153752663976
4,23.0,-17.15252862066814
4,23.5,-16.973875184687838
4,24.0,-16.641861355964625
4,24.5,-16.188872277239163
4,25.0,-15.657004064324507
4,25.5,-15.096815097069976
4,26.0,-14.48825614148272
4,26.5,-13.81223114924103
4,27.0,-12.996140035258827
4,27.5,-12.084264356061032
4,28.0,-11.265214088477348
4,28.5,-10.58080158512263
4,29.0,-10.027321328145598
4,29.5,-9.6109760240867
4,30.0,-9.299047617227629
4,30.5,-9.09919912902046
4,31.0,-9.00951690738856
4,31.5,-9.024792747206511
4,32.0,-9.13929169516819
4,32.5,-9.35839845183147
4,33.0,-9.676669004280049
4,33.5,-10.078843679208632
4,34.0,-10.58565716328617
4,34.5,-11.178117244556386
4,35.0,-11.849938302428498
4,35.5,-12.59252511979597
4,36.0,-13.37679018149458
4,36.5,-14.246283535847416
4,37.0,-15.160063165733824
4,37.5,-16.04529912247316
4,38.0,-16.863645031515986
4,38.5,-17.470669635246555
4,39.0,-17.81081751533038
4,39.5,-17.948071078027432
4,40.0,-17.97671969095427
4,40.5,-17.976857250751586
4,41.0,-17.999222210369005
4,41.5,-18.07161696978504
4,42.0,-18.17802768790229
4,42.5,-18.2163978901491
4,43.0,-18.069910640840835
4,43.5,-17.81666038471243
4,44.0,-17.576663237800528
4,44.5,-17.372385833633484
4,45.0,-17.21306355003626
4,45.5,-17.0838577233591
4,46.0,-16.95634197294175
4,46.5,-16.801505031720875
4,47.0,-16.579827383552274
4,47.5,-16.28471309014055
4,48.0,-15.929240652534157
4,48.5,-15.54852630968437
4,49.0,-15.189677182484417
4,49.5,-14.847713532344237
4,50.0,-14.493169450434042
4,50.5,-14.014783976588902
4,51.0,-13.401672760420938
4,51.5,-12.827498543912636
4,52.0,-12.364699493933871
4,52.5,-12.0297981869749
4,53.0,-11.835384054809328
4,53.5,-11.774171072132996
4,54.0,-11.858441892689113
4,54.5,-12.10075408314389
4,55.0,-12.511944152793184
4,55.5,-13.094096484623496
4,56.0,-13.913824091715169
4,56.5,-14.996681322921312
4,57.0,-16.361820378451625
4,57.5,-18.09175664311617
4,58.0,-19.43888152221197
4,58.5,-19.30186140350713
4,59.0,-17.992144435908948
4,59.5,-16.704786785150322
4,60.0,-15.548992864381432
4,60.5,-14.560657272744816
4,61.0,-13.71421120315354
4,61.5,-12.98091825271107
4,62.0,-12.36357119423866
4,62.5,-11.818612712692907
4,63.0,-11.370458755957364
4,63.5,-11.039056020749074
4,64.0,-10.812692606349753
4,64.5,-10.70786311317606
4,65.0,-10.731130633272942
4,65.5,-10.88298672530305
4,66.0,-11.157982662706752
4,66.5,-11.577304511456612
4,67.0,-12.137171882897375
4,67.5,-12.844687882851682
4,68.0,-13.686818246581254
4,68.5,-14.4989050163424
4,69.0,-15.085710047034649
4,69.5,-15.580630967637983
4,70.0,-16.053758141609286
4,70.5,-16.53209627322701
4,71.0,-16.984525613054625
4,71.5,-17.391651673951422
4,72.0,-17.741921059435924
4,72.5,-18.02897162071495
4,73.0,-18.29498915995632
4,73.5,-18.574453719256645
4,74.0,-18.922700077062128
4,74.5,-19.390557997900448
4,75.0,-20.000682937244687
4,75.5,-20.817306433549582
4,76.0,-21.819314752559567
4,76.5,-22.913990424635088
4,77.0,-23.939351773181524
4,77.5,-23.870169253991225
4,78.0,-22.292212390253987
4,78.5,-20.50025284389184
4,79.0,-18.899303485802008
4,79.5,-17.45547827178529
4,80.0,-16.22650713815712
4,80.5,-15.205748758725608
4,81.0,-14.373465753247832
4,81.5,-13.734799958374165
4,82.0,-13.237064817935575
4,82.5,-12.89018634306387
4,83.0,-12.692610696760264
4,83.5,-12.626093359688165
4,84.0,-12.69239895681189
4,84.5,-12.890394160632855
4,85.0,-13.213316593268106
4,85.5,-13.64150782361891
4,86.0,-14.189329307034402
4,86.5,-14.81747884211001
4,87.0,-15.469870409960242
4,87.5,-16.033219325401582
4,88.0,-16.323054266663025
4,88.5,-16.198926041326672
4,89.0,-15.65603939071099
4,89.5,-14.872328262259437
4,90.0,-13.970053756847596
4,90.5,-13.083509300525444
4,91.0,-12.269684795906048
4,91.5,-11.549488300066397
4,92.0,-10.947296090411712
4,92.5,-10.423287526586437
4,93.0,-9.99063894425158
4,93.5,-9.652833752651766
4,94.0,-9.381192901483294
4,94.5,-9.17914102038142
4,95.0,-9.041634332209796
4,95.5,-8.962386665977943
4,96.0,-8.938676392587718
4,96.5,-8.966693250160825
4,97.0,-9.045380188680904
4,97.5,-9.17351257733773
4,98.0,-9.346650736316692
4,98.5,-9.55307051154004
4,99.0,-9.798008194259848
4,99.5,-10.065131051962592
4,100.0,-10.2666717545231
5,0.0,-19.50065183045932
5,0.5,-19.145440603374126
5,1.0,-18.66696667563736
5,1.5,-18.24354956185965
5,2.0,-17.907350272864825
5,2.5,-17.664177920359464
5,3.0,-17.51000527242288
5,3.5,-17.44044410214379
5,4.0,-17.440648382280813
5,4.5,-17.49898233257826
5,5.0,-17.599145792129487
5,5.5,-17.720876112652622
5,6.0,-17.84042211133395
5,6.5,-17.94595959117292
5,7.0,-18.01793387025624
5,7.5,-18.04490495597692
5,8.0,-18.024674322279004
5,8.5,-17.95973620116913
5,9.0,-17.8593737415376
5,9.5,-17.739750004097314
5,10.0,-17.62377812705552
5,10.5,-17.525890742608052
5,11.0,-17.470328334900607
5,11.5,-17.476137054378828
5,12.0,-17.557077999329373
5,12.5,-17.72386861083785
5,13.0,-18.010419170852405
5,13.5,-18.44605373346576
5,14.0,-19.05899655802772
5,14.5,-19.951087089112846
5,15.0,-21.183417714232935
5,15.5,-22.83366548300821
5,16.0,-24.65667261856928
5,16.5,-25.02078411799549
5,17.0,-23.693738161977095
5,17.5,-21.55722980026968
5,18.0,-19.514921662700512
5,18.5,-17.802868956954953
5,19.0,-16.43266543303699
5,19.5,-15.246913915355954
5,20.0,-14.173904450970143
5,20.5,-13.128821094608425
5,21.0,-12.12945419815483
5,21.5,-11.284051349884928
5,22.0,-10.60072921993926
5,22.5,-10.067842265494786
5,23.0,-9.6897664668809
5,23.5,-9.438301358435767
5,24.0,-9.32395390893396
5,24.5,-9.351583811781444
5,25.0,-9.524025467480303
5,25.5,-9.841185818176829
5,26.0,-10.33827801157146
5,26.5,-11.027610224494191
5,27.0,-11.913102687016172
5,27.5,-13.094242426168988
5,28.0,-14.595488690202648
5,28.5,-16.436544028456705
5,29.0,-18.20358124228908
5,29.5,-18.2138758577622
5,30.0,-16.43400531768072
5,30.5,-14.67971258495161
5,31.0,-13.213888274897169
5,31.5,-11.99640809158898
5,32.0,-11.016236348291216
5,32.5,-10.176677292247794
5,33.0,-9.478579452151845
5,33.5,-8.90892697126457
5,34.0,-8.3929374238007
5,34.5,-7.922010441952199
5,35.0,-7.5185826490021315
5,35.5,-7.211687427537506
5,36.0,-7.017166603684059
5,36.5,-6.921948238016858
5,37.0,-6.928250083178575
5,37.5,-7.028523411492686
5,38.0,-7.22443401370741
5,38.5,-7.507975764237901
5,39.0,-7.874948837326364
5,39.5,-8.316050105105244
5,40.0,-8.805607511802005
5,40.5,-9.359372823461932
5,41.0,-9.941717565910263
5,41.5,-10.525180628007137
5,42.0,-11.075895616616869
5,42.5,-11.543034101244722
5,43.0,-11.92332923754905
5,43.5,-12.183694639527785
5,44.0,-12.32138253017638
5,44.5,-12.367051811412953
5,45.0,-12.351350923246269
5,45.5,-12.313330654991825
5,46.0,-12.28997430573392
5,46.5,-12.310646774572431
5,47.0,-12.400926855621847
5,47.5,-12.579352070367335
5,48.0,-12.864551118241396
5,48.5,-13.26958228787852
5,49.0,-13.793034521220097
5,49.5,-14.48310422611422
5,50.0,-15.335836782032755
5,50.5,-16.306208987740323
5,51.0,-17.16681496452122
5,51.5,-17.135260450269545
5,52.0,-16.548412796490464
5,52.5,-15.707213615131527
5,53.0,-14.88142146246618
5,53.5,-14.14427909811609
5,54.0,-13.546134594048029
5,54.5,-13.089714879242466
5,55.0,-12.764098132162545
5,55.5,-12.562753309502384
5,56.0,-12.45231832052939
5,56.5,-12.402037766956129
5,57.0,-12.347946646039253
5,57.5,-12.20932544057412
5,58.0,-11.975917368510649
5,58.5,-11.70423107021126
5,59.0,-11.445447456598792
5,59.5,-11.227173627585032
5,60.0,-11.04001494770271
5,60.5,-10.888269362258566
5,61.0,-10.768095131834713
5,61.5,-10.674848037302636
5,62.0,-10.60844216190723
5,62.5,-10.565232921754474
5,63.0,-10.550983889282538
5,63.5,-10.572054608646786
5,64.0,-10.640110334735349
5,64.5,-10.76736588695308
5,65.0,-10.970568968165452
5,65.5,-11.26528189157711
5,66.0,-11.65810207719412
5,66.5,-12.195817446112214
5,67.0,-12.893028401743194
5,67.5,-13.789572964245544
5,68.0,-14.931979549025243
5,68.5,-16.351236613552736
5,69.0,-18.26179886519344
5,69.5,-20.840579151836977
5,70.0,-24.329332146297503
5,70.5,-26.44973351143136
5,71.0,-23.76170637987895
5,71.5,-20.92722392966081
5,72.0,-18.55178937512306
5,72.5,-16.65792659799091
5,73.0,-15.066074186490194
5,73.5,-13.77325484190792
5,74.0,-12.730425032566394
5,74.5,-11.890329196146514
5,75.0,-11.241545316430846
5,75.5,-10.718729896654828
5,76.0,-10.322666088545295
5,76.5,-10.045461376079423
5,77.0,-9.854246064371608
5,77.5,-9.741891466630577
5,78.0,-9.691243060662607
5,78.5,-9.678956650851536
5,79.0,-9.680673077344132
5,79.5,-9.67530004628104
5,80.0,-9.65247363332333
5,80.5,-9.612165761427477
5,81.0,-9.559630976038536
5,81.5,-9.501524089520572
5,82.0,-9.438324543826866
5,82.5,-9.375916162340436
5,83.0,-9.320926701875432
5,83.5,-9.276170221905526
5,84.0,-9.25074749485614
5,84.5,-9.253670652568651
5,85.0,-9.293377516690748
5,85.5,-9.37635154564213
5,86.0,-9.516990808387591
5,86.5,-9.721725496548396
5,87.0,-10.0012967883042
5,87.5,-10.363832458243564
5,88.0,-10.805837354525565
5,88.5,-11.366950353483247
5,89.0,-12.047663887068694
5,89.5,-12.841326023203228
5,90.0,-13.822176812939096
5,90.5,-14.999476394015597
5,91.0,-16.42961358992668
5,91.5,-18.18878251112867
5,92.0,-20.34697096906478
5,92.5,-23.302508943296207
5,93.0,-26.49915802537389
5,93.5,-25.746030685369405
5,94.0,-23.565597022384814
5,94.5,-21.918859299654265
5,95.0,-20.693538530740167
5,95.5,-19.74616586186561
5,96.0,-18.99518568047645
5,96.5,-18.32287671536709
5,97.0,-17.74277593416333
5,97.5,-17.280163306706196
5,98.0,-16.942959847173345
5,98.5,-16.726852407775574
5,99.0,-16.591503348368818
5,99.5,-16.504900208380267
5,100.0,-16.44568848766556
6,0.0,-20.09146068699449
6,0.5,-17.99193645916463
6,1.0,-15.546790095012666
6,1.5,-13.588738214726936
6,2.0,-12.04039423795428
6,2.5,-10.79711426870428
6,3.0,-9.783983475166911
6,3.5,-8.982295753912267
6,4.0,-8.311940854185737
6,4.5,-7.777335061644919
6,5.0,-7.365933544154774
6,5.5,-7.064367642904686
6,6.0,-6.87084419919915
6,6.5,-6.76748206303438
6,7.0,-6.756258805821349
6,7.5,-6.83196874367166
6,8.0,-6.997400645604094
6,8.5,-7.248879478743781
6,9.0,-7.587016279202847
6,9.5,-8.008576507017471
6,10.0,-8.495574906544192
6,10.5,-9.07281270068001
6,11.0,-9.714414877717289
6,11.5,-10.401940015528323
6,12.0,-11.10287280093882
6,12.5,-11.751685254713871
6,13.0,-12.33105173151743
6,13.5,-12.760458570341452
6,14.0,-12.983536170908238
6,14.5,-12.992755038207608
6,15.0,-12.799398919717092
6,15.5,-12.452255146028666
6,16.0,-12.018551541042
6,16.5,-11.56884055645501
6,17.0,-11.117383701020284
6,17.5,-10.705483745723416
6,18.0,-10.35079836329417
6,18.5,-10.061231056628976
6,19.0,-9.847834354763704
6,19.5,-9.699120715195496
6,20.0,-9.622289173903102
6,20.5,-9.617554523922545
6,21.0,-9.684759297649734
6,21.5,-9.824632791123603
6,22.0,-10.040022988496634
6,22.5,-10.331757992053554
6,23.0,-10.69211519382584
6,23.5,-11.148755296749885
6,24.0,-11.697356683812838
6,24.5,-12.349425347760691
6,25.0,-13.115080122459988
6,25.5,-13.614634376092951
6,26.0,-13.68047309838854
6,26.5,-13.824606057659537
6,27.0,-14.052374177892837
6,27.5,-14.382984793253202
6,28.0,-14.810653167901792
6,28.5,-15.330679392811662
6,29.0,-15.91599174447541
6,29.5,-16.451800983791976
6,30.0,-16.64293801109879
6,30.5,-16.460072062626864
6,31.0,-16.054714100464324
6,31.5,-15.486203506022967
6,32.0,-14.838761784433514
6,32.5,-14.132329002989064
6,33.0,-13.428554901549628
6,33.5,-12.773638931582695
6,34.0,-12.143561028344706
6,34.5,-11.571150701095773
6,35.0,-11.067976700422063
6,35.5,-10.640837873212517
6,36.0,-10.30628781908029
6,36.5,-10.047790644174842
6,37.0,-9.878651857004344
6,37.5,-9.802983521075458
6,38.0,-9.816896167241287
6,38.5,-9.922601999985446
6,39.0,-10.120332732108157
6,39.5,-10.40415016670872
6,40.0,-10.75477201884154
6,40.5,-11.178399086117675
6,41.0,-11.638142013938998
6,41.5,-12.095537597802922
6,42.0,-12.50463839113747
6,42.5,-12.81365107203414
6,43.0,-13.01127305248516
6,43.5,-13.069927798668171
6,44.0,-12.984134724214556
6,44.5,-12.752961765450475
6,45.0,-12.400453292197394
6,45.5,-11.961864707264922
6,46.0,-11.481860789899036
6,46.5,-11.013594823883224
6,47.0,-10.557812147120025
6,47.5,-10.149002385123204
6,48.0,-9.800184947456488
6,48.5,-9.515580292215487
6,49.0,-9.3023567781547
6,49.5,-9.14352888650506
6,50.0,-9.038002031695337
6,50.5,-8.975374570347205
6,51.0,-8.934559079579355
6,51.5,-8.899034717504424
6,52.0,-8.856149801887142
6,52.5,-8.808094819443582
6,53.0,-8.772379951288766
6,53.5,-8.769580046075568
6,54.0,-8.821612166098676
6,54.5,-8.946517916560657
6,55.0,-9.15527538339389
6,55.5,-9.448009697951656
6,56.0,-9.850152840089908
6,56.5,-10.3572464316155
6,57.0,-10.951803139281004
6,57.5,-11.665013745963666
6,58.0,-12.458708972648918
6,58.5,-13.28831412650659
6,59.0,-14.072284093984964
6,59.5,-14.69187469501798
6,60.0,-15.124274978520846
6,60.5,-15.369260337933117
6,61.0,-15.494178147594516
6,61.5,-15.574749058701302
6,62.0,-15.664699089802117
6,62.5,-15.80925869885524
6,63.0,-15.67967986451856
6,63.5,-15.089026567511995
6,64.0,-14.702882455490554
6,64.5,-14.550751521949174
6,65.0,-14.636067596094533
6,65.5,-14.963989164337717
6,66.0,-15.540355433064944
6,66.5,-16.446364321577526
6,67.0,-17.74303941493809
6,67.5,-19.58894895292619
6,68.0,-22.25776365516005
6,68.5,-25.75193421055602
6,69.0,-26.882449483155312
6,69.5,-23.685604532658065
6,70.0,-20.907775160179643
6,70.5,-18.692123579445976
6,71.0,-16.901992151399
6,71.5,-15.4165257185045
6,72.0,-14.172566689603393
6,72.5,-13.178321330610368
6,73.0,-12.352555613477026
6,73.5,-11.70416646409162
6,74.0,-11.212551963403024
6,74.5,-10.851142892346324
6,75.0,-10.605948926724338
6,75.5,-10.443826091409552
6,76.0,-10.36168590482653
6,76.5,-10.355156588844393
6,77.0,-10.422157141813967
6,77.5,-10.561033095938248
6,78.0,-10.769015675066118
6,78.5,-11.036736354105903
6,79.0,-11.341289806561964
6,79.5,-11.680452263136846
6,80.0,-12.014714026354572
6,80.5,-12.304463088849117
6,81.0,-12.5096576139731
6,81.5,-12.596798917792846
6,82.0,-12.562542443402316
6,82.5,-12.421616828109968
6,83.0,-12.215677878508243
6,83.5,-11.971914826116526
6,84.0,-11.729889804812869
6,84.5,-11.512957416227644
6,85.0,-11.33312239665807
6,85.5,-11.199537601969032
6,86.0,-11.105532989209484
6,86.5,-11.057524622239454
6,87.0,-11.061684520616945
6,87.5,-11.124546746259629
6,88.0,-11.250083092610884
6,88.5,-11.452628566400534
6,89.0,-11.731966613581424
6,89.5,-12.077549286088535
6,90.0,-12.506548775722212
6,90.5,-12.997127931630333
6,91.0,-13.528454680309077
6,91.5,-14.062496862901206
6,92.0,-14.52855586035739
6,92.5,-14.884019111788016
6,93.0,-15.05466539607118
6,93.5,-15.030736237712224
6,94.0,-14.862969822286267
6,94.5,-14.633834101420506
6,95.0,-14.418287097028324
6,95.5,-14.26761661912414
6,96.0,-14.214051596962443
6,96.5,-14.271382856779605
6,97.0,-14.448980760917332
6,97.5,-14.749154025863875
6,98.0,-15.159368918568829
6,98.5,-15.639511825800392
6,99.0,-16.17023379861482
6,99.5,-16.657755292206325
6,100.0,-16.931551790015156
7,0.0,-23.06698724293857
7,0.5,-22.68546591457613
7,1.0,-21.8554349288402
7,1.5,-20.89162047891693
7,2.0,-19.98119737028909
7,2.5,-19.18155817872446
7,3.0,-18.50416853951201
7,3.5,-17.96361254899374
7,4.0,-17.516812661465625
7,4.5,-17.16725491927012
7,5.0,-16.897965795550057
7,5.5,-16.679787049343645
7,6.0,-16.47466783756353
7,6.5,-16.20383230209361
7,7.0,-15.82910290264979
7,7.5,-15.38655752429852
7,8.0,-14.89593991639311
7,8.5,-14.401238145929966
7,9.0,-13.919919078361929
7,9.5,-13.464153732609288
7,10.0,-13.057772341457952
7,10.5,-12.686233197030152
7,11.0,-12.37212461814822
7,11.5,-12.125479746080266
7,12.0,-11.951900460200696
7,12.5,-11.859227740730232
7,13.0,-11.844643859044004
7,13.5,-11.911829349364243
7,14.0,-12.054755184402552
7,14.5,-12.277901071608747
7,15.0,-12.568637452799353
7,15.5,-12.913610563872284
7,16.0,-13.285128365421263
7,16.5,-13.613840989731669
7,17.0,-13.744418084073915
7,17.5,-13.454171228182911
7,18.0,-12.871533635194224
7,18.5,-12.155781649688045
7,19.0,-11.395845668833577
7,19.5,-10.592186476130788
7,20.0,-9.807497426877685
7,20.5,-9.093363716956524
7,21.0,-8.424961263149447
7,21.5,-7.836306397219477
7,22.0,-7.335623526743197
7,22.5,-6.924316741894286
7,23.0,-6.613463136456301
7,23.5,-6.384252561895327
7,24.0,-6.246889351967787
7,24.5,-6.204068159040985
7,25.0,-6.255305562002027
7,25.5,-6.3983515657105245
7,26.0,-6.645482576051168
7,26.5,-6.996836301949848
7,27.0,-7.44463888320095
7,27.5,-8.025228553901892
7,28.0,-8.735236610479657
7,28.5,-9.591003922144008
7,29.0,-10.604777544587767
7,29.5,-11.752323489246857
7,30.0,-13.095805833268312
7,30.5,-14.539383624570638
7,31.0,-16.009623906732447
7,31.5,-17.524507450735836
7,32.0,-19.091457868059745
7,32.5,-20.70827641514086
7,33.0,-21.39136639302367
7,33.5,-20.301353168276435
7,34.0,-18.809026113669574
7,34.5,-17.212114040731425
7,35.0,-15.701914546793828
7,35.5,-14.503943262972673
7,36.0,-13.560867640422376
7,36.5,-12.748734566906364
7,37.0,-12.05180601988374
7,37.5,-11.455858940480002
7,38.0,-10.899477889916648
7,38.5,-10.384550877103832
7,39.0,-9.900559934523915
7,39.5,-9.44056858457866
7,40.0,-9.015418825312365
7,40.5,-8.598903073415073
7,41.0,-8.206538209017749
7,41.5,-7.842206233732698
7,42.0,-7.509077953826022
7,42.5,-7.219877361637166
7,43.0,-6.960159753395314
7,43.5,-6.742562486027392
7,44.0,-6.576205736491289
7,44.5,-6.455330120545963
7,45.0,-6.390535464542659
7,45.5,-6.3894293583348505
7,46.0,-6.45781924433448
7,46.5,-6.598947666809558
7,47.0,-6.830200979012382
7,47.5,-7.1567093968605136
7,48.0,-7.592039777258574
7,48.5,-8.147996231648733
7,49.0,-8.821174713807283
7,49.5,-9.677585919953922
7,50.0,-10.7290878641216
7,50.5,-11.984350131511045
7,51.0,-13.596738391725072
7,51.5,-15.644858152388188
7,52.0,-18.28796906881949
7,52.5,-20.24384650373693
7,53.0,-18.010987703852578
7,53.5,-15.637027882568969
7,54.0,-13.815955099202077
7,54.5,-12.39685406991524
7,55.0,-11.268602947234257
7,55.5,-10.396348021916332
7,56.0,-9.685406454757256
7,56.5,-9.136895499837031
7,57.0,-8.745167359684991
7,57.5,-8.47304845819847
7,58.0,-8.323778484159543
7,58.5,-8.292672230797216
7,59.0,-8.37093314854717
7,59.5,-8.54523298168664
7,60.0,-8.812882790351072
7,60.5,-9.143573632973975
7,61.0,-9.500089037834885
7,61.5,-9.852148327048008
7,62.0,-10.189659063449495
7,62.5,-10.550647489552688
7,63.0,-10.937126639512718
7,63.5,-11.340702146593866
7,64.0,-11.784075291733956
7,64.5,-12.246618449611065
7,65.0,-12.714768510058676
7,65.5,-13.169222802049743
7,66.0,-13.57468716736438
7,66.5,-13.935252761141772
7,67.0,-14.227337160432004
7,67.5,-14.454161241799824
7,68.0,-14.633620102327829
7,68.5,-14.779794328240197
7,69.0,-14.914415893511348
7,69.5,-15.034683246232396
7,70.0,-15.126280375064084
7,70.5,-15.162538473215823
7,71.0,-15.064100270899836
7,71.5,-14.662332402260498
7,72.0,-13.858101836470198
7,72.5,-12.866834241950594
7,73.0,-11.832130131250876
7,73.5,-10.86380340360063
7,74.0,-9.98773580101517
7,74.5,-9.208327776797235
7,75.0,-8.546542824462538
7,75.5,-7.959203940313591
7,76.0,-7.46452642210375
7,76.5,-7.072216810130667
7,77.0,-6.755352118905983
7,77.5,-6.524147262240057
7,78.0,-6.378636953086073
7,78.5,-6.315859260793607
7,79.0,-6.334439388434242
7,79.5,-6.435166922027722
7,80.0,-6.617498526321704
7,80.5,-6.883496735211407
7,81.0,-7.232117435879783
7,81.5,-7.650923232941778
7,82.0,-8.16638217886305
7,82.5,-8.764614470031347
7,83.0,-9.421920594319088
7,83.5,-10.171348898967173
7,84.0,-10.975801337220345
7,84.5,-11.80480344028778
7,85.0,-12.609364279563517
7,85.5,-13.308515810914235
7,86.0,-13.891107750728596
7,86.5,-14.297987514040324
7,87.0,-14.505548791707517
7,87.5,-14.520459382508689
7,88.0,-14.377338606910948
7,88.5,-14.119640225897488
7,89.0,-13.808640266848364
7,89.5,-13.502181106605088
7,90.0,-13.216098064709051
7,90.5,-12.98162806675419
7,91.0,-12.812304063124673
7,91.5,-12.71229354433943
7,92.0,-12.68326232682845
7,92.5,-12.72056260660458
7,93.0,-12.819121675610376
7,93.5,-12.965411025305574
7,94.0,-13.157371802940425
7,94.5,-13.380015669620567
7,95.0,-13.627806625829102
7,95.5,-13.900674168674458
7,96.0,-14.194346107566124
7,96.5,-14.532889027033464
7,97.0,-14.91062257807039
7,97.5,-15.328170127585327
7,98.0,-15.779754769037774
7,98.5,-16.239942939274158
7,99.0,-16.71790150062777
7,99.5,-17.169342053663012
7,100.0,-17.459988170730607
8,0.0,-13.13266749706009
8,0.5,-13.160670338315798
8,1.0,-13.241075084972284
8,1.5,-13.376816758769277
8,2.0,-13.561234751693815
8,2.5,-13.7882558008798
8,3.0,-14.046465123392164
8,3.5,-14.31263570213357
8,4.0,-14.583133140055091
8,4.5,-14.825049505913944
8,5.0,-15.009646982374402
8,5.5,-15.111783183280588
8,6.0,-15.111976294343313
8,6.5,-15.00203965744662
8,7.0,-14.788019184350391
8,7.5,-14.497950434050466
8,8.0,-14.141474509975223
8,8.5,-13.757211917787911
8,9.0,-13.372194743902536
8,9.5,-13.00771537509557
8,10.0,-12.68826277177677
8,10.5,-12.40249588033222
8,11.0,-12.164005176136431
8,11.5,-11.97449322923276
8,12.0,-11.834005138989076
8,12.5,-11.750214005361771
8,13.0,-11.729201856299117
8,13.5,-11.789747725805515
8,14.0,-11.94568804037826
8,14.5,-12.227112359018054
8,15.0,-12.651147596488546
8,15.5,-13.247768490918851
8,16.0,-14.047627243466948
8,16.5,-15.064487966618383
8,17.0,-16.417958029098774
8,17.5,-17.665393956660058
8,18.0,-18.592096078661857
8,18.5,-19.398444463705022
8,19.0,-20.090563388152447
8,19.5,-20.521896708726917
8,20.0,-19.862862732158
8,20.5,-18.26949220930537
8,21.0,-16.592211518031597
8,21.5,-15.097237989944707
8,22.0,-13.833699732481982
8,22.5,-12.80297499022317
8,23.0,-12.010986507483295
8,23.5,-11.38394651799244
8,24.0,-10.92557446724186
8,24.5,-10.62169773122314
8,25.0,-10.455153716104782
8,25.5,-10.415143117102962
8,26.0,-10.487294829549382
8,26.5,-10.660041061463392
8,27.0,-10.910207191603751
8,27.5,-11.234005078086136
8,28.0,-11.599912040371215
8,28.5,-11.97895669765803
8,29.0,-12.336259069400429
8,29.5,-12.62474072926821
8,30.0,-12.82553196826025
8,30.5,-12.905852789416764
8,31.0,-12.86271318011283
8,31.5,-12.723186691414012
8,32.0,-12.533218460639844
8,32.5,-12.325490441574138
8,33.0,-12.145903591820204
8,33.5,-12.03126042980837
8,34.0,-12.001384548209536
8,34.5,-12.081417924792914
8,35.0,-12.29296005956489
8,35.5,-12.65163097592396
8,36.0,-13.16082768469194
8,36.5,-13.87513580482587
8,37.0,-14.804869491426096
8,37.5,-15.94089832300786
8,38.0,-17.35964918164593
8,38.5,-18.93147219514602
8,39.0,-20.26881799148935
8,39.5,-20.56554260255621
8,40.0,-19.349156102062672
8,40.5,-17.477644504159706
8,41.0,-15.72173170602158
8,41.5,-14.224419213455022
8,42.0,-12.967685022058973
8,42.5,-11.9470015180948
8,43.0,-11.059720345874569
8,43.5,-10.302321265642384
8,44.0,-9.669288477364343
8,44.5,-9.113191222591444
8,45.0,-8.658041831911884
8,45.5,-8.311167201714866
8,46.0,-8.072461788777764
8,46.5,-7.945708996080427
8,47.0,-7.921819517688035
8,47.5,-8.003117945546977
8,48.0,-8.18934716870263
8,48.5,-8.474527859757632
8,49.0,-8.840335263123118
8,49.5,-9.29683508299314
8,50.0,-9.810360288694143
8,50.5,-10.32816325483654
8,51.0,-10.827236428628986
8,51.5,-11.222844580665967
8,52.0,-11.446560426574903
8,52.5,-11.470064468554831
8,53.0,-11.314947599536058
8,53.5,-11.024081955583114
8,54.0,-10.662871856306223
8,54.5,-10.283021148820197
8,55.0,-9.923034323526542
8,55.5,-9.619290924178983
8,56.0,-9.37391820703058
8,56.5,-9.213986111139482
8,57.0,-9.156734352669083
8,57.5,-9.212575078506536
8,58.0,-9.396249379452874
8,58.5,-9.724350791624015
8,59.0,-10.210009909584263
8,59.5,-10.853303982910171
8,60.0,-11.722269754735311
8,60.5,-12.835438857534664
8,61.0,-14.255471766247233
8,61.5,-16.05643107283055
8,62.0,-18.2622642034675
8,62.5,-20.960833595450197
8,63.0,-22.950705694713086
8,63.5,-21.91455900976163
8,64.0,-19.34420319570601
8,64.5,-17.060149908124473
8,65.0,-15.261326653333958
8,65.5,-13.856820493631435
8,66.0,-12.801418767402945
8,66.5,-11.972220241768628
8,67.0,-11.363417596214823
8,67.5,-10.95181142416141
8,68.0,-10.714920006602336
8,68.5,-10.64284270156136
8,69.0,-10.723269223613205
8,69.5,-10.95397913472158
8,70.0,-11.32098382682913
8,70.5,-11.844949375261535
8,71.0,-12.50953225329315
8,71.5,-13.304053474275609
8,72.0,-14.194014253466664
8,72.5,-15.085687572805062
8,73.0,-15.915863814632182
8,73.5,-16.494800165617015
8,74.0,-16.66229528358776
8,74.5,-16.3240931938892
8,75.0,-15.586005351320656
8,75.5,-14.701077674813618
8,76.0,-13.8452586839285
8,76.5,-13.108942960242809
8,77.0,-12.475443772582318
8,77.5,-11.977867231988755
8,78.0,-11.62106021725038
8,78.5,-11.401469026319964
8,79.0,-11.320754114039431
8,79.5,-11.374064078724237
8,80.0,-11.5655803307557
8,80.5,-11.90121881279211
8,81.0,-12.381585950758092
8,81.5,-12.98922740552914
8,82.0,-13.755992373718218
8,82.5,-14.636850923613034
8,83.0,-15.534302156717311
8,83.5,-16.35695466118571
8,84.0,-16.85784366312295
8,84.5,-16.843155684454484
8,85.0,-16.33560510396743
8,85.5,-15.544775453912075
8,86.0,-14.614862292735932
8,86.5,-13.64636789750156
8,87.0,-12.6159570172777
8,87.5,-11.640704744010366
8,88.0,-10.826804086998353
8,88.5,-10.128063854497872
8,89.0,-9.560818339802331
8,89.5,-9.128425300512363
8,90.0,-8.794621408492878
8,90.5,-8.565165822413057
8,91.0,-8.435373584285411
8,91.5,-8.397458103244974
8,92.0,-8.44474822827765
8,92.5,-8.575023864741096
8,93.0,-8.781325233616329
8,93.5,-9.048856674939298
8,94.0,-9.386115900232175
8,94.5,-9.774176728220194
8,95.0,-10.199715916271847
8,95.5,-10.643950507926606
8,96.0,-11.071874172557305
8,96.5,-11.48561345993764
8,97.0,-11.847883583880758
8,97.5,-12.13787316785488
8,98.0,-12.347331266824536
8,98.5,-12.47508993147573
8,99.0,-12.54405764442027
8,99.5,-12.573259122818962
8,100.0,-12.584437203831175
9,0.0,-10.805433998730336
9,0.5,-10.896712728458247
9,1.0,-11.164092028033288
9,1.5,-11.635016375809483
9,2.0,-12.319091414376194
9,2.5,-13.248792381559246
9,3.0,-14.456469909129869
9,3.5,-15.934516975179555
9,4.0,-17.76191713183595
9,4.5,-19.68335407019311
9,5.0,-21.27847863341214
9,5.5,-20.70754066989829
9,6.0,-18.29343091071985
9,6.5,-15.793031040190336
9,7.0,-13.807010752677115
9,7.5,-12.256932503742844
9,8.0,-10.956833738563812
9,8.5,-9.895402407896878
9,9.0,-9.034471490556667
9,9.5,-8.340082669146922
9,10.0,-7.807542967571337
9,10.5,-7.387670798300701
9,11.0,-7.085551800906712
9,11.5,-6.894787132418285
9,12.0,-6.806946734057679
9,12.5,-6.817536975695862
9,13.0,-6.924691962506632
9,13.5,-7.127120072729044
9,14.0,-7.416298637344822
9,14.5,-7.812403717168606
9,15.0,-8.310196885204297
9,15.5,-8.917764032840758
9,16.0,-9.641144618672085
9,16.5,-10.464633976052044
9,17.0,-11.43974678842504
9,17.5,-12.43854533112513
9,18.0,-13.48774745423962
9,18.5,-14.79218704439823
9,19.0,-16.41561126691582
9,19.5,-18.613932807799607
9,20.0,-21.561896660595117
9,20.5,-25.04210617478674
9,21.0,-26.04836592590844
9,21.5,-23.967832441894945
9,22.0,-21.127357376393665
9,22.5,-18.29518967318113
9,23.0,-16.190380564920318
9,23.5,-14.53479031833598
9,24.0,-13.245441473073685
9,24.5,-12.236394582466133
9,25.0,-11.44442712340433
9,25.5,-10.850496202680027
9,26.0,-10.3909855860041
9,26.5,-10.065666994886874
9,27.0,-9.866719312690345
9,27.5,-9.770744169301166
9,28.0,-9.775347453650914
9,28.5,-9.875126329328944
9,29.0,-10.061686920901307
9,29.5,-10.320778612234076
9,30.0,-10.661966903873545
9,30.5,-11.06950844784906
9,31.0,-11.534632358181554
9,31.5,-12.042750280244912
9,32.0,-12.559451447784047
9,32.5,-13.09223055529371
9,33.0,-13.5954615930441
9,33.5,-14.026587997448411
9,34.0,-14.39252803558953
9,34.5,-14.675864678118783
9,35.0,-14.886185641256883
9,35.5,-15.045445362975896
9,36.0,-15.173962746793986
9,36.5,-15.304898573740363
9,37.0,-15.456448566321264
9,37.5,-15.640599352578452
9,38.0,-15.881618492093931
9,38.5,-16.181419836042334
9,39.0,-16.544253636404328
9,39.5,-16.96520784566341
9,40.0,-17.41090897698143
9,40.5,-17.835061842801224
9,41.0,-18.068343938518105
9,41.5,-18.08106238773963
9,42.0,-17.951140370811682
9,42.5,-17.684588181551014
9,43.0,-17.25174815128286
9,43.5,-16.699219663405522
9,44.0,-16.126983382554368
9,44.5,-15.571696354475428
9,45.0,-15.089635732846231
9,45.5,-14.695999569543549
9,46.0,-14.385852718196483
9,46.5,-14.151270464543805
9,47.0,-13.951396729426934
9,47.5,-13.75933255948144
9,48.0,-13.537246803587212
9,48.5,-13.256784461643896
9,49.0,-12.918224379520522
9,49.5,-12.51017002862282
9,50.0,-12.065220602720958
9,50.5,-11.621897848671315
9,51.0,-11.17398789784072
9,51.5,-10.750985421020577
9,52.0,-10.364258010929712
9,52.5,-10.019639808789126
9,53.0,-9.729693280816694
9,53.5,-9.477246895707394
9,54.0,-9.263529410338643
9,54.5,-8.885074914368234
9,55.0,-8.28454241617797
9,55.5,-7.791394263294798
9,56.0,-7.394730548155098
9,56.5,-7.105625953927334
9,57.0,-6.9256449745615125
9,57.5,-6.840337137244354
9,58.0,-6.852948581980831
9,58.5,-6.963534933498963
9,59.0,-7.168358178195087
9,59.5,-7.456226535260449
9,60.0,-7.841501758482923
9,60.5,-8.308586546435633
9,61.0,-8.845765299258717
9,61.5,-9.42466399583155
9,62.0,-9.970964763598031
9,62.5,-10.409463067210329
9,63.0,-10.62435261663524
9,63.5,-10.62477081531792
9,64.0,-10.468049743131958
9,64.5,-10.199583625019596
9,65.0,-9.85724492277273
9,65.5,-9.47983968222055
9,66.0,-9.112133353898706
9,66.5,-8.759097583149593
9,67.0,-8.453222385580045
9,67.5,-8.211086528980704
9,68.0,-8.041995240884054
9,68.5,-7.955783373189842
9,69.0,-7.952201756886226
9,69.5,-8.037851855663199
9,70.0,-8.210769333879657
9,70.5,-8.485262111921333
9,71.0,-8.85969706180694
9,71.5,-9.340506039747208
9,72.0,-9.930221907284928
9,72.5,-10.611876394895294
9,73.0,-11.430485052120387
9,73.5,-12.361064553846658
9,74.0,-13.38584151621152
9,74.5,-14.446431238351115
9,75.0,-15.386156406730972
9,75.5,-16.04490116717548
9,76.0,-16.201724560123434
9,76.5,-15.881333270821754
9,77.0,-15.24775801545584
9,77.5,-14.490732631748406
9,78.0,-13.725094521627325
9,78.5,-13.01100852808467
9,79.0,-12.39557155904019
9,79.5,-11.852402357433794
9,80.0,-11.404620335105117
9,80.5,-11.054043487413312
9,81.0,-10.796532095729834
9,81.5,-10.633948413189918
9,82.0,-10.552243894662418
9,82.5,-10.552191740736545
9,83.0,-10.626602126355229
9,83.5,-10.774379767019502
9,84.0,-10.986400976756476
9,84.5,-11.25531695438894
9,85.0,-11.569494773368794
9,85.5,-11.90580292426706
9,86.0,-12.270101387337537
9,86.5,-12.635096131335963
9,87.0,-12.982511724992278
9,87.5,-13.294764153946293
9,88.0,-13.542138590581446
9,88.5,-13.65509151963478
9,89.0,-13.495556939264924
9,89.5,-13.224644826078126
9,90.0,-12.92285980419006
9,90.5,-12.622056838385667
9,91.0,-12.33484021124646
9,91.5,-12.068645700692676
9,92.0,-11.835236766666604
9,92.5,-11.622258962135394
9,93.0,-11.43761960744252
9,93.5,-11.28565781403016
9,94.0,-11.155819053578108
9,94.5,-11.051448704664898
9,95.0,-10.971401619054314
9,95.5,-10.913439481763008
9,96.0,-10.876906877539431
9,96.5,-10.85766628875009
9,97.0,-10.855055474044857
9,97.5,-10.867648311950797
9,98.0,-10.89360875884562
9,98.5,-10.930570209288236
9,99.0,-10.980001157931063
9,99.5,-11.04034559382777
9,100.0,-11.09085528377971
10,0.0,-17.419329675925148
10,0.5,-16.848765207160945
10,1.0,-15.692384295404898
10,1.5,-14.401878895513656
10,2.0,-13.197412583414868
10,2.5,-12.134168845913662
10,3.0,-11.216539705237231
10,3.5,-10.46162100247134
10,4.0,-9.81254204948223
10,4.5,-9.283762837452448
10,5.0,-8.869831407037315
10,5.5,-8.56248537839051
10,6.0,-8.363811370788845
10,6.5,-8.258931620955867
10,7.0,-8.25330159711471
10,7.5,-8.344990718641899
10,8.0,-8.54253931872192
10,8.5,-8.847908085383063
10,9.0,-9.270775152176087
10,9.5,-9.818939025809312
10,10.0,-10.484573796604236
10,10.5,-11.32455585319745
10,11.0,-12.329806606199904
10,11.5,-13.490685801335191
10,12.0,-14.717531598274787
10,12.5,-15.8076266121924
10,13.0,-16.59889487122945
10,13.5,-16.566546429000052
10,14.0,-15.510878442230362
10,14.5,-13.987078362692174
10,15.0,-12.492146449678335
10,15.5,-11.166056921821934
10,16.0,-10.018743839706724
10,16.5,-9.064076297519904
10,17.0,-8.222629275900468
10,17.5,-7.507151832725727
10,18.0,-6.905943066828402
10,18.5,-6.405833787331982
10,19.0,-6.011062335166795
10,19.5,-5.69100438070837
10,20.0,-5.454087184434626
10,20.5,-5.302844027699721
10,21.0,-5.22719322357795
10,21.5,-5.232693372572235
10,22.0,-5.323300916207141
10,22.5,-5.500995628056341
10,23.0,-5.762759018042764
10,23.5,-6.132032586334264
10,24.0,-6.609891346484351
10,24.5,-7.211273335964971
10,25.0,-7.950398587849747
10,25.5,-8.822360281664555
10,26.0,-9.913133267638734
10,26.5,-11.239317561293024
10,27.0,-12.813943208133232
10,27.5,-14.820541422749372
10,28.0,-17.27819173799216
10,28.5,-19.912218147315063
10,29.0,-21.037383898393127
10,29.5,-19.37108948208405
10,30.0,-16.84035164468446
10,30.5,-14.654101842410364
10,31.0,-12.90309406274797
10,31.5,-11.494429978369531
10,32.0,-10.386766815970455
10,32.5,-9.45518990441009
10,33.0,-8.695927539906071
10,33.5,-8.10059861502182
10,34.0,-7.612765098051439
10,34.5,-7.237741063653274
10,35.0,-6.968204383197562
10,35.5,-6.7955724997836935
10,36.0,-6.718101046477794
10,36.5,-6.728512713347057
10,37.0,-6.828338801035208
10,37.5,-7.01230646250442
10,38.0,-7.293768362252014
10,38.5,-7.670213137223076
10,39.0,-8.14855015090833
10,39.5,-8.733454385241357
10,40.0,-9.412517012931628
10,40.5,-10.239944992674875
10,41.0,-11.209702845891922
10,41.5,-12.345383827775343
10,42.0,-13.670441423582531
10,42.5,-15.172674630950834
10,43.0,-16.99094001698105
10,43.5,-19.124583691766595
10,44.0,-21.470492381761115
10,44.5,-23.19468072905784
10,45.0,-23.105601050151797
10,45.5,-22.220250816717183
10,46.0,-21.051059999490185
10,46.5,-20.083195337239005
10,47.0,-19.33512213449316
10,47.5,-18.8311011270943
10,48.0,-18.5615179410584
10,48.5,-18.50518890525692
10,49.0,-18.63750571727534
10,49.5,-18.935834583000904
10,50.0,-19.349568423786568
10,50.5,-19.80662029614296
10,51.0,-20.133505729468684
10,51.5,-19.97294162170152
10,52.0,-19.67771197215036
10,52.5,-19.220353292961345
10,53.0,-18.66844458754938
10,53.5,-18.116728210300405
10,54.0,-17.633868557336296
10,54.5,-17.22745845397711
10,55.0,-16.891020123706383
10,55.5,-16.633308887022512
10,56.0,-16.4534224149425
10,56.5,-16.387117608624227
10,57.0,-16.464566672046775
10,57.5,-16.724014975206444
10,58.0,-17.197792021511827
10,58.5,-17.933985045305636
10,59.0,-18.985490206408585
10,59.5,-20.387984959895824
10,60.0,-22.31744466714608
10,60.5,-24.63945670129727
10,61.0,-26.15416522453485
10,61.5,-25.029616692831432
10,62.0,-22.99738460537889
10,62.5,-21.06298899886314
10,63.0,-19.20641557240203
10,63.5,-17.370598598088826
10,64.0,-15.771593743412282
10,64.5,-14.488981947986078
10,65.0,-13.46975795524609
10,65.5,-12.664127389247897
10,66.0,-12.06052942040642
10,66.5,-11.599741666842766
10,67.0,-11.285829732777346
10,67.5,-11.111168382988764
10,68.0,-11.066024458181396
10,68.5,-11.143817315917664
10,69.0,-11.347481177870025
10,69.5,-11.6746816559481
10,70.0,-12.11363421623641
10,70.5,-12.69552449455435
10,71.0,-13.411878808994835
10,71.5,-14.271717075922012
10,72.0,-15.276837250952724
10,72.5,-16.389182100786424
10,73.0,-17.648912251840837
10,73.5,-18.92131694877772
10,74.0,-19.93388871837687
10,74.5,-20.255455626567237
10,75.0,-19.72440896351778
10,75.5,-18.64180147967276
10,76.0,-17.414802266079768
10,76.5,-16.276306495322086
10,77.0,-15.223393870815478
10,77.5,-14.30670536310882
10,78.0,-13.526238741383896
10,78.5,-12.870986166923554
10,79.0,-12.348032551761836
10,79.5,-11.915751661087612
10,80.0,-11.582624076354668
10,80.5,-11.343623626699234
10,81.0,-11.191017263666836
10,81.5,-11.122197309320542
10,82.0,-11.129023015739516
10,82.5,-11.210835012785244
10,83.0,-11.361064648476606
10,83.5,-11.588036317705898
10,84.0,-11.886378744726724
10,84.5,-12.255669731419305
10,85.0,-12.68628606399993
10,85.5,-13.130723132991934
10,86.0,-13.500609047369494
10,86.5,-13.637911911188576
10,87.0,-13.612919121468709
10,87.5,-13.558050682265211
10,88.0,-13.524317974657722
10,88.5,-13.522228135423616
10,89.0,-13.547745038293115
10,89.5,-13.581448982757886
10,90.0,-13.594504200163364
10,90.5,-13.548007941207864
10,91.0,-13.405699506374203
10,91.5,-13.153897229482965
10,92.0,-12.813644393918509
10,92.5,-12.39392736356025
10,93.0,-11.940684185553906
10,93.5,-11.49758990306442
10,94.0,-11.05703424727585
10,94.5,-10.642254457981425
10,95.0,-10.253446007898065
10,95.5,-9.880279761806792
10,96.0,-9.517453146592672
10,96.5,-9.129836940136997
10,97.0,-8.738238602968119
10,97.5,-8.373352361637853
10,98.0,-8.064762176292309
10,98.5,-7.83832555339143
10,99.0,-7.689603451527508
10,99.5,-7.630033434654186
10,100.0,-7.6419941601285455
11,0.0,-13.809324769184055
11,0.5,-13.722611792127516
11,1.0,-13.492186155295023
11,1.5,-13.15555941324744
11,2.0,-12.777144053739963
11,2.5,-12.402799070858114
11,3.0,-12.060353744088085
11,3.5,-11.771077899176497
11,4.0,-11.520763518828456
11,4.5,-11.322503873900486
11,5.0,-11.18701076076178
11,5.5,-11.125578759054818
11,6.0,-11.147990650785134
11,6.5,-11.26151745486559
11,7.0,-11.465680753343475
11,7.5,-11.745616338298891
11,8.0,-12.104057672374008
11,8.5,-12.505953215857264
11,9.0,-12.909010224694873
11,9.5,-13.255165244566143
11,10.0,-13.474791322692084
11,10.5,-13.536345553968223
11,11.0,-13.43160566775514
11,11.5,-13.203080217620862
11,12.0,-12.9207222458738
11,12.5,-12.655614367436744
11,13.0,-12.439412624173302
11,13.5,-12.312846916126142
11,14.0,-12.29818843446259
11,14.5,-12.40969556612415
11,15.0,-12.657800308392837
11,15.5,-13.049790127030644
11,16.0,-13.58015188934334
11,16.5,-14.227535483005957
11,17.0,-15.05890880873675
11,17.5,-16.120501864491047
11,18.0,-17.51434121030175
11,18.5,-19.33300314767579
11,19.0,-21.413819722551278
11,19.5,-22.802340937112145
11,20.0,-22.057109999647444
11,20.5,-19.32921787921393
11,21.0,-16.826823683377484
11,21.5,-14.895218804172853
11,22.0,-13.376302202793148
11,22.5,-12.15388092406146
11,23.0,-11.189102915249746
11,23.5,-10.374048562197473
11,24.0,-9.706463935275336
11,24.5,-9.166924249880449
11,25.0,-8.739123899592196
11,25.5,-8.424555619071215
11,26.0,-8.19738826781637
11,26.5,-8.061425953124871
11,27.0,-8.01080806941396
11,27.5,-8.03215877214728
11,28.0,-8.113167331152427
11,28.5,-8.235346738317745
11,29.0,-8.37244223821628
11,29.5,-8.49012718033558
11,30.0,-8.56205497484109
11,30.5,-8.555018121651955
11,31.0,-8.448723890679824
11,31.5,-8.24405505222367
11,32.0,-7.965347969100176
11,32.5,-7.622116848650133
11,33.0,-7.2527492317313556
11,33.5,-6.895184157365172
11,34.0,-6.548178896117555
11,34.5,-6.237192102093989
11,35.0,-5.9719799420409165
11,35.5,-5.756451547246864
11,36.0,-5.598378802707592
11,36.5,-5.490991040103068
11,37.0,-5.444000932191074
11,37.5,-5.463458398618274
11,38.0,-5.558470686574567
11,38.5,-5.736486096962719
11,39.0,-6.007546579146085
11,39.5,-6.378213530014258
11,40.0,-6.843006037592712
11,40.5,-7.441532422536544
11,41.0,-8.171594377324308
11,41.5,-9.051002150072126
11,42.0,-10.093367542897576
11,42.5,-11.276358917889144
11,43.0,-12.673324408942314
11,43.5,-14.187312569819236
11,44.0,-15.549303813715548
11,44.5,-16.3627801735212
11,45.0,-16.20614624157189
11,45.5,-15.29488564376312
11,46.0,-14.14602327704804
11,46.5,-13.076796760326276
11,47.0,-12.11465956741085
11,47.5,-11.309786257212126
11,48.0,-10.6592913738785
11,48.5,-10.148792589493484
11,49.0,-9.778598607974171
11,49.5,-9.515234553333968
11,50.0,-9.361191476306765
11,50.5,-9.309763128613374
11,51.0,-9.349604227814496
11,51.5,-9.474044796641866
11,52.0,-9.675216428460423
11,52.5,-9.94030029742159
11,53.0,-10.24574864697308
11,53.5,-10.592359243975851
11,54.0,-10.947655554074386
11,54.5,-11.282871407877268
11,55.0,-11.56662317532856
11,55.5,-11.762220295302503
11,56.0,-11.85793734765572
11,56.5,-11.837100617464502
11,57.0,-11.708670225878034
11,57.5,-11.483238219481244
11,58.0,-11.190816210366178
11,58.5,-10.85857826810618
11,59.0,-10.512652915637622
11,59.5,-10.183845298016935
11,60.0,-9.867827624909715
11,60.5,-9.587000206775311
11,61.0,-9.35162833023497
11,61.5,-9.168091664235972
11,62.0,-9.046064790691366
11,62.5,-8.98311642433363
11,63.0,-8.98787951640486
11,63.5,-9.062905535126252
11,64.0,-9.218276523656982
11,64.5,-9.45771786605914
11,65.0,-9.790429831836624
11,65.5,-10.223551632311311
11,66.0,-10.751758963716386
11,66.5,-11.4227639204082
11,67.0,-12.239310421916745
11,67.5,-13.231742444425064
11,68.0,-14.434686163435549
11,68.5,-15.8592986192075
11,69.0,-17.682589385341057
11,69.5,-19.99988220517301
11,70.0,-22.92121409145759
11,70.5,-26.166533133266167
11,71.0,-26.567653020600844
11,71.5,-24.900945408271813
11,72.0,-23.063715382063496
11,72.5,-21.28898838436776
11,73.0,-19.326599679870757
11,73.5,-17.76231482473072
11,74.0,-16.56245265967403
11,74.5,-15.619815538762492
11,75.0,-14.889815243931189
11,75.5,-14.278370418906066
11,76.0,-13.773488115999877
11,76.5,-13.36264030342614
11,77.0,-13.002072430379322
11,77.5,-12.692707577104054
11,78.0,-12.427672142027983
11,78.5,-12.201257109392785
11,79.0,-12.016344139194093
11,79.5,-11.859579240768763
11,80.0,-11.735605342742955
11,80.5,-11.644163105026882
11,81.0,-11.583552728809844
11,81.5,-11.553123645152924
11,82.0,-11.54825452046709
11,82.5,-11.565579692997884
11,83.0,-11.597638536554337
11,83.5,-11.637328648237215
11,84.0,-11.672257873940382
11,84.5,-11.688808998230623
11,85.0,-11.67394483920944
11,85.5,-11.61806284548415
11,86.0,-11.509984255299022
11,86.5,-11.348801369078856
11,87.0,-11.135796393562824
11,87.5,-10.87839583775182
11,88.0,-10.594399803810486
11,88.5,-10.276407694411644
11,89.0,-9.943707549814796
11,89.5,-9.616487498559028
11,90.0,-9.283573832913405
11,90.5,-8.963315725041996
11,91.0,-8.662707087275091
11,91.5,-8.344456804454717
11,92.0,-7.986578808487804
11,92.5,-7.696695278922598
11,93.0,-7.49659906964267
11,93.5,-7.389063992825705
11,94.0,-7.366628692973555
11,94.5,-7.429898632543439
11,95.0,-7.561808795769179
11,95.5,-7.713903737216684
11,96.0,-7.8872905231826
11,96.5,-8.12079880546522
11,97.0,-8.41691638524864
11,97.5,-8.778609220600538
11,98.0,-9.202810393823016
11,98.5,-9.668929780573515
11,99.0,-10.193031483751316
11,99.5,-10.736855206194512
11,100.0,-11.12441782112271
12,0.0,-23.06698724293857
12,0.5,-22.68546591457613
12,1.0,-21.8554349288402
12,1.5,-20.89162047891693
12,2.0,-19.98119737028909
12,2.5,-19.18155817872446
12,3.0,-18.50416853951201
12,3.5,-17.96361254899374
12,4.0,-17.516812661465625
12,4.5,-17.16725491927012
12,5.0,-16.897965795550057
12,5.5,-16.679787049343645
12,6.0,-16.47466783756353
12,6.5,-16.20383230209361
12,7.0,-15.82910290264979
12,7.5,-15.38655752429852
12,8.0,-14.89593991639311
12,8.5,-14.401238145929966
12,9.0,-13.919919078361929
12,9.5,-13.464153732609288
12,10.0,-13.057772341457952
12,10.5,-12.686233197030152
12,11.0,-12.37212461814822
12,11.5,-12.125479746080266
12,12.0,-11.951900460200696
12,12.5,-11.859227740730232
12,13.0,-11.844643859044004
12,13.5,-11.911829349364243
12,14.0,-12.054755184402552
12,14.5,-12.277901071608747
12,15.0,-12.568637452799353
12,15.5,-12.913610563872284
12,16.0,-13.285128365421263
12,16.5,-13.613840989731669
12,17.0,-13.744418084073915
12,17.5,-13.454171228182911
12,18.0,-12.871533635194224
12,18.5,-12.155781649688045
12,19.0,-11.395845668833577
12,19.5,-10.592186476130788
12,20.0,-9.807497426877685
12,20.5,-9.093363716956524
12,21.0,-8.424961263149447
12,21.5,-7.836306397219477
12,22.0,-7.335623526743197
12,22.5,-6.924316741894286
12,23.0,-6.613463136456301
12,23.5,-6.384252561895327
12,24.0,-6.246889351967787
12,24.5,-6.204068159040985
12,25.0,-6.255305562002027
12,25.5,-6.3983515657105245
12,26.0,-6.645482576051168
12,26.5,-6.996836301949848
12,27.0,-7.44463888320095
12,27.5,-8.025228553901892
12,28.0,-8.735236610479657
12,28.5,-9.591003922144008
12,29.0,-10.604777544587767
12,29.5,-11.752323489246857
12,30.0,-13.095805833268312
12,30.5,-14.539383624570638
12,31.0,-16.009623906732447
12,31.5,-17.524507450735836
12,32.0,-19.091457868059745
12,32.5,-20.70827641514086
12,33.0,-21.39136639302367
12,33.5,-20.301353168276435
12,34.0,-18.809026113669574
12,34.5,-17.212114040731425
12,35.0,-15.701914546793828
12,35.5,-14.503943262972673
12,36.0,-13.560867640422376
12,36.5,-12.748734566906364
12,37.0,-12.05180601988374
12,37.5,-11.455858940480002
12,38.0,-10.899477889916648
12,38.5,-10.384550877103832
12,39.0,-9.900559934523915
12,39.5,-9.44056858457866
12,40.0,-9.015418825312365
12,40.5,-8.598903073415073
12,41.0,-8.206538209017749
12,41.5,-7.842206233732698
12,42.0,-7.509077953826022
12,42.5,-7.219877361637166
12,43.0,-6.960159753395314
12,43.5,-6.742562486027392
12,44.0,-6.576205736491289
12,44.5,-6.455330120545963
12,45.0,-6.390535464542659
12,45.5,-6.3894293583348505
12,46.0,-6.45781924433448
12,46.5,-6.598947666809558
12,47.0,-6.830200979012382
12,47.5,-7.1567093968605136
12,48.0,-7.592039777258574
12,48.5,-8.147996231648733
12,49.0,-8.821174713807283
12,49.5,-9.677585919953922
12,50.0,-10.7290878641216
12,50.5,-11.984350131511045
12,51.0,-13.596738391725072
12,51.5,-15.644858152388188
12,52.0,-18.28796906881949
12,52.5,-20.24384650373693
12,53.0,-18.010987703852578
12,53.5,-15.637027882568969
12,54.0,-13.815955099202077
12,54.5,-12.39685406991524
12,55.0,-11.268602947234257
12,55.5,-10.396348021916332
12,56.0,-9.685406454757256
12,56.5,-9.136895499837031
12,57.0,-8.745167359684991
12,57.5,-8.47304845819847
12,58.0,-8.323778484159543
12,58.5,-8.292672230797216
12,59.0,-8.37093314854717
12,59.5,-8.54523298168664
12,60.0,-8.812882790351072
12,60.5,-9.143573632973975
12,61.0,-9.500089037834885
12,61.5,-9.852148327048008
12,62.0,-10.189659063449495
12,62.5,-10.550647489552688
12,63.0,-10.937126639512718
12,63.5,-11.340702146593866
12,64.0,-11.784075291733956
12,64.5,-12.246618449611065
12,65.0,-12.714768510058676
12,65.5,-13.169222802049743
12,66.0,-13.57468716736438
12,66.5,-13.935252761141772
12,67.0,-14.227337160432004
12,67.5,-14.454161241799824
12,68.0,-14.633620102327829
12,68.5,-14.779794328240197
12,69.0,-14.914415893511348
12,69.5,-15.034683246232396
12,70.0,-15.126280375064084
12,70.5,-15.162538473215823
12,71.0,-15.064100270899836
12,71.5,-14.662332402260498
12,72.0,-13.858101836470198
12,72.5,-12.866834241950594
12,73.0,-11.832130131250876
12,73.5,-10.86380340360063
12,74.0,-9.98773580101517
12,74.5,-9.208327776797235
12,75.0,-8.546542824462538
12,75.5,-7.959203940313591
12,76.0,-7.46452642210375
12,76.5,-7.072216810130667
12,77.0,-6.755352118905983
12,77.5,-6.524147262240057
12,78.0,-6.378636953086073
12,78.5,-6.315859260793607
12,79.0,-6.334439388434242
12,79.5,-6.435166922027722
12,80.0,-6.617498526321704
12,80.5,-6.883496735211407
12,81.0,-7.232117435879783
12,81.5,-7.650923232941778
12,82.0,-8.16638217886305
12,82.5,-8.764614470031347
12,83.0,-9.421920594319088
12,83.5,-10.171348898967173
12,84.0,-10.975801337220345
12,84.5,-11.80480344028778
12,85.0,-12.609364279563517
12,85.5,-13.308515810914235
12,86.0,-13.891107750728596
12,86.5,-14.297987514040324
12,87.0,-14.505548791707517
12,87.5,-14.520459382508689
12,88.0,-14.377338606910948
12,88.5,-14.119640225897488
12,89.0,-13.808640266848364
12,89.5,-13.502181106605088
12,90.0,-13.216098064709051
12,90.5,-12.98162806675419
12,91.0,-12.812304063124673
12,91.5,-12.71229354433943
12,92.0,-12.68326232682845
12,92.5,-12.72056260660458
12,93.0,-12.819121675610376
12,93.5,-12.965411025305574
12,94.0,-13.157371802940425
12,94.5,-13.380015669620567
12,95.0,-13.627806625829102
12,95.5,-13.900674168674458
12,96.0,-14.194346107566124
12,96.5,-14.532889027033464
12,97.0,-14.91062257807039
12,97.5,-15.328170127585327
12,98.0,-15.779754769037774
12,98.5,-16.239942939274158
12,99.0,-16.71790150062777
12,99.5,-17.169342053663012
12,100.0,-17.459988170730607
13,0.0,-10.877753300275351
13,0.5,-10.87197149605034
13,1.0,-10.859876048127298
13,1.5,-10.853223027639768
13,2.0,-10.868051519724323
13,2.5,-10.92096012252448
13,3.0,-11.025486978438373
13,3.5,-11.188891969074556
13,4.0,-11.432482182547307
13,4.5,-11.760893440007248
13,5.0,-12.184615078927148
13,5.5,-12.708107910238668
13,6.0,-13.314033209665588
13,6.5,-14.031258929203355
13,7.0,-14.810048063975277
13,7.5,-15.556741211076057
13,8.0,-16.190098531984166
13,8.5,-16.51587065622817
13,9.0,-16.38466360496391
13,9.5,-15.840963448541414
13,10.0,-15.083976152734571
13,10.5,-14.217525208469594
13,11.0,-13.351429845479355
13,11.5,-12.535511984256088
13,12.0,-11.796118052536784
13,12.5,-11.16724994519895
13,13.0,-10.61640254409714
13,13.5,-10.165375796480278
13,14.0,-9.824443812403596
13,14.5,-9.570522265951997
13,15.0,-9.411774063358653
13,15.5,-9.347008873287916
13,16.0,-9.370615608815578
13,16.5,-9.474618787348648
13,17.0,-9.659025367994609
13,17.5,-9.911906944900904
13,18.0,-10.223130051618147
13,18.5,-10.578398364964944
13,19.0,-10.95218310833972
13,19.5,-11.352466218371788
13,20.0,-11.749020467294237
13,20.5,-12.106593458232256
13,21.0,-12.41747839399702
13,21.5,-12.63952464214382
13,22.0,-12.746250746270691
13,22.5,-12.732782864742038
13,23.0,-12.616930496739204
13,23.5,-12.422899722281873
13,24.0,-12.19170422723215
13,24.5,-11.957897258454537
13,25.0,-11.747560929683278
13,25.5,-11.582044554077097
13,26.0,-11.459100666265432
13,26.5,-11.385731413468632
13,27.0,-11.360522836033615
13,27.5,-11.37694828515754
13,28.0,-11.428372541054586
13,28.5,-11.503867812626288
13,29.0,-11.585846080193807
13,29.5,-11.649149866301975
13,30.0,-11.670022030821151
13,30.5,-11.620799722164904
13,31.0,-11.482463676220148
13,31.5,-11.25295847157276
13,32.0,-10.95125342964667
13,32.5,-10.578405765606885
13,33.0,-10.168953055147508
13,33.5,-9.761832853937022
13,34.0,-9.35606167002824
13,34.5,-8.98454542796799
13,35.0,-8.664360963253944
13,35.5,-8.406516398612988
13,36.0,-8.225408175121366
13,36.5,-8.116339534236575
13,37.0,-8.089913020987973
13,37.5,-8.14718327715611
13,38.0,-8.274990402408198
13,38.5,-8.298469204822304
13,39.0,-8.231012505316713
13,39.5,-8.23266253179478
13,40.0,-8.318277490758117
13,40.5,-8.497769660407068
13,41.0,-8.772734536518476
13,41.5,-9.150723264906487
13,42.0,-9.636889661694296
13,42.5,-10.2222395068744
13,43.0,-10.955547850910682
13,43.5,-11.833559624468007
13,44.0,-12.8420132977145
13,44.5,-14.057673543310258
13,45.0,-15.427425771429242
13,45.5,-16.702128087740356
13,46.0,-17.24819708561703
13,46.5,-16.95640016019415
13,47.0,-16.164440005699362
13,47.5,-15.31838595639742
13,48.0,-14.609417143988464
13,48.5,-14.071601266655428
13,49.0,-13.711855836076731
13,49.5,-13.4955079839926
13,50.0,-13.421623936927803
13,50.5,-13.47622881351041
13,51.0,-13.642267563577882
13,51.5,-13.835105373027169
13,52.0,-13.807312942470483
13,52.5,-13.637535042738444
13,53.0,-13.526966449162556
13,53.5,-13.50089807724206
13,54.0,-13.558710604157527
13,54.5,-13.692044659725704
13,55.0,-13.88774143568124
13,55.5,-14.125806389890398
13,56.0,-14.407597810443006
13,56.5,-14.712240602053807
13,57.0,-15.017796590562895
13,57.5,-15.333507876093329
13,58.0,-15.64436370464266
13,58.5,-15.949645975538916
13,59.0,-16.25263959504071
13,59.5,-16.547954380436284
13,60.0,-16.854333042285248
13,60.5,-17.15484040572595
13,61.0,-17.429295284705432
13,61.5,-17.64517458194349
13,62.0,-17.755859555975835
13,62.5,-17.72255836264734
13,63.0,-17.50902819316469
13,63.5,-17.120395673288865
13,64.0,-16.557097188541274
13,64.5,-15.87946535729056
13,65.0,-15.14288328380425
13,65.5,-14.397823537957072
13,66.0,-13.700933314518505
13,66.5,-13.030820362882151
13,67.0,-12.421545432828458
13,67.5,-11.880863232962067
13,68.0,-11.41037581481424
13,68.5,-11.023522009799905
13,69.0,-10.697036149239828
13,69.5,-10.444104809184788
13,70.0,-10.271732818848667
13,70.5,-10.171468744773891
13,71.0,-10.15171480476474
13,71.5,-10.218068673046586
13,72.0,-10.373629514134835
13,72.5,-10.616704770820432
13,73.0,-10.969998511155335
13,73.5,-11.435285202031835
13,74.0,-12.02728101775643
13,74.5,-12.759151955490498
13,75.0,-13.623758327327838
13,75.5,-14.700418520969071
13,76.0,-15.99034866212704
13,76.5,-17.46880419424499
13,77.0,-19.20983460357925
13,77.5,-21.045521639638
13,78.0,-22.61713369509189
13,78.5,-23.180852766036097
13,79.0,-22.26409031809817
13,79.5,-20.46613507505393
13,80.0,-18.61314152718856
13,80.5,-17.002235138465522
13,81.0,-15.659545661199491
13,81.5,-14.586392343236191
13,82.0,-13.677805464107124
13,82.5,-12.936403440083604
13,83.0,-12.356512314336952
13,83.5,-11.88376687333771
13,84.0,-11.52306237956001
13,84.5,-11.26670166410883
13,85.0,-11.10572806118491
13,85.5,-11.037891642017245
13,86.0,-11.056647620008958
13,86.5,-11.163798747188796
13,87.0,-11.3628162578426
13,87.5,-11.655535954161673
13,88.0,-12.035884297304824
13,88.5,-12.536054455068763
13,89.0,-13.155278893793508
13,89.5,-13.884940800473984
13,90.0,-14.787984334475848
13,90.5,-15.859608115161224
13,91.0,-17.114914739470578
13,91.5,-18.53039487680528
13,92.0,-19.946711457602326
13,92.5,-21.118483139912648
13,93.0,-21.48038465746068
13,93.5,-20.831871518749
13,94.0,-19.508966853883017
13,94.5,-18.00199465692011
13,95.0,-16.57240391426112
13,95.5,-15.313416878393484
13,96.0,-14.276054451980109
13,96.5,-13.387717029803694
13,97.0,-12.666976967069758
13,97.5,-12.103820030463671
13,98.0,-11.684883791490854
13,98.5,-11.411963768940469
13,99.0,-11.26454131767206
13,99.5,-11.25110054849861
13,100.0,-11.324537656562413
14,0.0,-6.5484092575830415
14,0.5,-6.57156792887864
14,1.0,-6.638957059557534
14,1.5,-6.755994337567351
14,2.0,-6.922320927860071
14,2.5,-7.141383972813053
14,3.0,-7.415066564439834
14,3.5,-7.736672047197453
14,4.0,-8.13008905962941
14,4.5,-8.589269843243823
14,5.0,-9.119802944341858
14,5.5,-9.724184363815732
14,6.0,-10.384728521487787
14,6.5,-11.143347100218342
14,7.0,-11.974717339516376
14,7.5,-12.836156958453795
14,8.0,-13.743834548709332
14,8.5,-14.603316651774012
14,9.0,-15.327266824705529
14,9.5,-15.866718310270189
14,10.0,-16.21843379587223
14,10.5,-16.444555836273604
14,11.0,-16.57504534804727
14,11.5,-16.64047271029351
14,12.0,-16.662851385216477
14,12.5,-16.652028130213086
14,13.0,-16.60674833035475
14,13.5,-16.519646071006303
14,14.0,-16.333325789076238
14,14.5,-15.987890265038326
14,15.0,-15.651898067011311
14,15.5,-15.356021271474614
14,16.0,-15.098348469666176
14,16.5,-14.883481241715891
14,17.0,-14.69819879835823
14,17.5,-14.55140799021808
14,18.0,-14.446909432693754
14,18.5,-14.38679392032797
14,19.0,-14.374189718257018
14,19.5,-14.41096968417604
14,20.0,-14.500001029034756
14,20.5,-14.63910053964563
14,21.0,-14.83857749854565
14,21.5,-15.09476552677591
14,22.0,-15.408158550583437
14,22.5,-15.775123305944524
14,23.0,-16.17820744282888
14,23.5,-16.634318509895774
14,24.0,-17.117116449696823
14,24.5,-17.556026965436462
14,25.0,-17.734632248503736
14,25.5,-17.752018882529928
14,26.0,-17.642025374649315
14,26.5,-17.432866200741355
14,27.0,-17.170058525771392
14,27.5,-16.870467171621222
14,28.0,-16.571391473939205
14,28.5,-16.300428182178305
14,29.0,-16.081579033809195
14,29.5,-15.940984672459924
14,30.0,-15.889935917841443
14,30.5,-15.951525925452833
14,31.0,-16.147513949934417
14,31.5,-16.49554706578128
14,32.0,-17.001919464692065
14,32.5,-17.72242933703288
14,33.0,-18.662116809904905
14,33.5,-19.786023124507757
14,34.0,-21.059500022154648
14,34.5,-21.87732514690673
14,35.0,-21.791031233637018
14,35.5,-20.452602037608965
14,36.0,-18.58333182237116
14,36.5,-16.823241011302997
14,37.0,-15.253453781961433
14,37.5,-13.914385428946646
14,38.0,-12.712508267475668
14,38.5,-11.677501381982095
14,39.0,-10.800125935194002
14,39.5,-10.06603184337441
14,40.0,-9.4841330878142
14,40.5,-9.010630663662358
14,41.0,-8.658340712406051
14,41.5,-8.426121139841413
14,42.0,-8.309867860261557
14,42.5,-8.309703655748624
14,43.0,-8.427613027360984
14,43.5,-8.667543860401073
14,44.0,-9.024450899517028
14,44.5,-9.529317594328605
14,45.0,-10.181965736268724
14,45.5,-10.99700061392942
14,46.0,-11.956522670609813
14,46.5,-12.85876622571053
14,47.0,-13.700205619973149
14,47.5,-14.57081410392559
14,48.0,-15.440024484374865
14,48.5,-16.18342299127616
14,49.0,-16.536444222901252
14,49.5,-16.224599169110395
14,50.0,-15.423504412541687
14,50.5,-14.52224500697827
14,51.0,-13.645470126420909
14,51.5,-12.894775111673203
14,52.0,-12.300057266294484
14,52.5,-11.863783589717931
14,53.0,-11.59169590002234
14,53.5,-11.46133399758485
14,54.0,-11.475456970737524
14,54.5,-11.631555506364366
14,55.0,-11.922472784052356
14,55.5,-12.333083716133627
14,56.0,-12.890344983228664
14,56.5,-13.587846473865609
14,57.0,-14.411178410783196
14,57.5,-15.423109989285532
14,58.0,-16.592589285321797
14,58.5,-17.863481794399313
14,59.0,-19.08224711936744
14,59.5,-19.416313468583255
14,60.0,-17.731437674522173
14,60.5,-16.062741604783398
14,61.0,-14.690313297350968
14,61.5,-13.585556145751069
14,62.0,-12.736738824258673
14,62.5,-12.05656008841198
14,63.0,-11.544477070317525
14,63.5,-11.1895915685901
14,64.0,-10.950507518033945
14,64.5,-10.820346701599524
14,65.0,-10.781492525861704
14,65.5,-10.80965031760944
14,66.0,-10.8774367188109
14,66.5,-10.963966354414447
14,67.0,-11.049166912278183
14,67.5,-11.123478604677432
14,68.0,-11.181695831791924
14,68.5,-11.21648464703263
14,69.0,-11.222804438448971
14,69.5,-11.194744447929118
14,70.0,-11.134701266550286
14,70.5,-11.046174178763216
14,71.0,-10.943692480849815
14,71.5,-10.842994771393672
14,72.0,-10.75957625352218
14,72.5,-10.7078460068159
14,73.0,-10.693834974245783
14,73.5,-10.725034967736432
14,74.0,-10.807452819648674
14,74.5,-10.947340357963188
14,75.0,-11.149599504599257
14,75.5,-11.441209724052122
14,76.0,-11.830070222481789
14,76.5,-12.312677480387364
14,77.0,-12.92507492809727
14,77.5,-13.646504669889028
14,78.0,-14.449217291752422
14,78.5,-15.25820676679591
14,79.0,-15.91798132694151
14,79.5,-16.291978065272037
14,80.0,-16.247111714847183
14,80.5,-15.824709517615618
14,81.0,-15.194885742055012
14,81.5,-14.529810261111905
14,82.0,-13.879448752687424
14,82.5,-13.304790564664556
14,83.0,-12.835748840639766
14,83.5,-12.45246765327104
14,84.0,-12.182433689174417
14,84.5,-12.044668673826946
14,85.0,-12.052990322441405
14,85.5,-12.21784793827668
14,86.0,-12.566773988143169
14,86.5,-13.116224033249315
14,87.0,-13.902182039839426
14,87.5,-14.9676752304201
14,88.0,-16.345872614044836
14,88.5,-18.25406061890646
14,89.0,-20.471638045357704
14,89.5,-19.876796680027912
14,90.0,-16.723898567538267
14,90.5,-14.322337251358736
14,91.0,-12.457523404616264
14,91.5,-10.958212764177029
14,92.0,-9.772956695595326
14,92.5,-8.772871287531117
14,93.0,-7.9601036212892975
14,93.5,-7.330771626507047
14,94.0,-6.829196512029372
14,94.5,-6.464122018478321
14,95.0,-6.230999087519479
14,95.5,-6.123140012031557
14,96.0,-6.13877577378963
14,96.5,-6.280223118030201
14,97.0,-6.551059285636286
14,97.5,-6.961439176955127
14,98.0,-7.520005589797761
14,98.5,-8.221520240889287
14,99.0,-9.134779546973183
14,99.5,-10.274680483301085
14,100.0,-11.270454155062351
15,0.0,-19.216377669421604
15,0.5,-18.18292959751773
15,1.0,-16.515166080336297
15,1.5,-14.897274790545898
15,2.0,-13.485968754692191
15,2.5,-12.274746863186142
15,3.0,-11.231597312270846
15,3.5,-10.358224694934442
15,4.0,-9.579373927303523
15,4.5,-8.906893965362542
15,5.0,-8.331061685551644
15,5.5,-7.841422292174217
15,6.0,-7.444382264652547
15,6.5,-7.110922383146038
15,7.0,-6.850763653880236
15,7.5,-6.667978299794506
15,8.0,-6.549758770850333
15,8.5,-6.49611321182983
15,9.0,-6.4653355096698375
15,9.5,-6.429526335874995
15,10.0,-6.4479482629473805
15,10.5,-6.541783765424105
15,11.0,-6.715586299560389
15,11.5,-6.975703578416671
15,12.0,-7.32615270760488
15,12.5,-7.760694464411877
15,13.0,-8.316151769849256
15,13.5,-8.991172788488047
15,14.0,-9.776619798585106
15,14.5,-10.740555744231004
15,15.0,-11.878473969482757
15,15.5,-13.206323025731686
15,16.0,-14.686576841503973
15,16.5,-16.041061387401115
15,17.0,-16.567440675691863
15,17.5,-16.01338313986486
15,18.0,-15.144759201576573
15,18.5,-14.217451693398983
15,19.0,-13.180182669562612
15,19.5,-12.093005365524863
15,20.0,-11.164095725414697
15,20.5,-10.436486255381704
15,21.0,-9.848012195947277
15,21.5,-9.404208820378136
15,22.0,-9.094088452898443
15,22.5,-8.904891793114208
15,23.0,-8.813943407745704
15,23.5,-8.572035647394902
15,24.0,-8.32683522826882
15,24.5,-8.175136030755048
15,25.0,-8.109267701350843
15,25.5,-8.123658791023484
15,26.0,-8.21502250194279
15,26.5,-8.379563931029145
15,27.0,-8.607367118965925
15,27.5,-8.910174676972005
15,28.0,-9.278514289579924
15,28.5,-9.711088271428869
15,29.0,-10.203424096730457
15,29.5,-10.73457627629142
15,30.0,-11.331131856635375
15,30.5,-11.966378363102782
15,31.0,-12.624829981279174
15,31.5,-13.282361435421532
15,32.0,-13.888375206174551
15,32.5,-14.435226797729817
15,33.0,-14.670547739416731
15,33.5,-14.38169105661122
15,34.0,-14.050831357420575
15,34.5,-13.783677510509126
15,35.0,-13.608568830242328
15,35.5,-13.53940532732637
15,36.0,-13.583647613960425
15,36.5,-13.748990861439204
15,37.0,-14.036361045775015
15,37.5,-14.43311963577094
15,38.0,-14.959482342362328
15,38.5,-15.590782400898254
15,39.0,-16.30338035494813
15,39.5,-17.053071366762712
15,40.0,-17.756807462905567
15,40.5,-18.37584920527881
15,41.0,-18.77670745439052
15,41.5,-18.813132063030544
15,42.0,-18.449426047051315
15,42.5,-17.855211529026892
15,43.0,-17.17898261344565
15,43.5,-16.53527436788719
15,44.0,-15.973349534024823
15,44.5,-15.461952214462068
15,45.0,-15.018568571254908
15,45.5,-14.65448849715039
15,46.0,-14.385903733477573
15,46.5,-14.233896760779963
15,47.0,-14.200515030879451
15,47.5,-14.298691178974272
15,48.0,-14.53920971277546
15,48.5,-14.929020764984912
15,49.0,-15.464582702600763
15,49.5,-16.19797070845397
15,50.0,-17.13727209522065
15,50.5,-18.278118059341203
15,51.0,-19.724469634489758
15,51.5,-21.45535043637297
15,52.0,-23.451927517987247
15,52.5,-25.52308460118684
15,53.0,-25.691101151745382
15,53.5,-23.837196148339984
15,54.0,-21.772725702975546
15,54.5,-19.94239186674308
15,55.0,-18.36779505550493
15,55.5,-17.05847547474383
15,56.0,-15.891681615391422
15,56.5,-14.868459802932016
15,57.0,-13.983100094584652
15,57.5,-13.158347753849606
15,58.0,-12.412406561882674
15,58.5,-11.74448888044468
15,59.0,-11.152828483662752
15,59.5,-10.652678730570871
15,60.0,-10.2118528071218
15,60.5,-9.844780295242096
15,61.0,-9.5517199948202
15,61.5,-9.33016281833586
15,62.0,-9.183973325567852
15,62.5,-9.103687685217364
15,63.0,-9.093987292695322
15,63.5,-9.153600052614104
15,64.0,-9.287393123564057
15,64.5,-9.49521473708882
15,65.0,-9.781017252868793
15,65.5,-10.146324946223324
15,66.0,-10.581248863909364
15,66.5,-11.117229489928294
15,67.0,-11.74481013198338
15,67.5,-12.46856304496007
15,68.0,-13.284080525259766
15,68.5,-14.14899407089448
15,69.0,-15.074005081667709
15,69.5,-15.949271818449086
15,70.0,-16.650803567797908
15,70.5,-17.157440645999376
15,71.0,-17.4350117964796
15,71.5,-17.479109562495765
15,72.0,-17.292245728745744
15,72.5,-16.901050776429486
15,73.0,-16.32888202564126
15,73.5,-15.66068360279283
15,74.0,-14.97268345264666
15,74.5,-14.32447825739803
15,75.0,-13.769069699813048
15,75.5,-13.290194379798114
15,76.0,-12.913072243583912
15,76.5,-12.648819953001825
15,77.0,-12.48178020406636
15,77.5,-12.420677316634496
15,78.0,-12.468642221209636
15,78.5,-12.625360897644311
15,79.0,-12.885665951417582
15,79.5,-13.27002346479422
15,80.0,-13.774992869403292
15,80.5,-14.397851463983244
15,81.0,-14.665130602047242
15,81.5,-14.14827757099339
15,82.0,-13.61668735845187
15,82.5,-13.149098985012998
15,83.0,-12.75354560741687
15,83.5,-12.399292202985162
15,84.0,-12.093230041001537
15,84.5,-11.831771334779985
15,85.0,-11.611138319864938
15,85.5,-11.436023545146975
15,86.0,-11.2971411938606
15,86.5,-11.20407363822873
15,87.0,-11.164296316828976
15,87.5,-11.184880461421187
15,88.0,-11.27227646047686
15,88.5,-11.44207196379909
15,89.0,-11.702201763232653
15,89.5,-12.053234312384422
15,90.0,-12.530166791503545
15,90.5,-13.136746104563546
15,91.0,-13.892909170826613
15,91.5,-14.81172787834256
15,92.0,-15.854457960877635
15,92.5,-16.90807977446397
15,93.0,-17.362889088264602
15,93.5,-17.277478783746886
15,94.0,-17.13077579272223
15,94.5,-17.06339952893761
15,95.0,-17.108522177048417
15,95.5,-17.271830675169625
15,96.0,-17.541655472711934
15,96.5,-17.90815514446878
15,97.0,-18.249661775872912
15,97.5,-18.22946990762575
15,98.0,-17.78767504095404
15,98.5,-17.30306503250509
15,99.0,-16.921116853537626
15,99.5,-16.696438728784308
15,100.0,-16.631356982576097
16,0.0,-22.26229901754397
16,0.5,-21.820660306113787
16,1.0,-20.99104183325684
16,1.5,-20.107814248055355
16,2.0,-19.2476637071646
16,2.5,-18.34723736946914
16,3.0,-17.327544680772828
16,3.5,-16.24353817429462
16,4.0,-15.128154602334382
16,4.5,-14.082533658302744
16,5.0,-13.134064766905894
16,5.5,-12.286809524476714
16,6.0,-11.562409012213536
16,6.5,-10.91232020587445
16,7.0,-10.355465228948937
16,7.5,-9.902455930229555
16,8.0,-9.521822151643326
16,8.5,-9.225138321584716
16,9.0,-9.012009450342212
16,9.5,-8.87923979031388
16,10.0,-8.827446730244109
16,10.5,-8.852831201789124
16,11.0,-8.956824882597294
16,11.5,-9.141066206110022
16,12.0,-9.40392607328521
16,12.5,-9.734434907302605
16,13.0,-10.150736199082209
16,13.5,-10.635531043375863
16,14.0,-11.15545086128012
16,14.5,-11.704542057138234
16,15.0,-12.201970922469313
16,15.5,-12.58596738591113
16,16.0,-12.859949821653858
16,16.5,-13.06158124486618
16,17.0,-13.242298570422118
16,17.5,-13.416401175037016
16,18.0,-13.592924325990689
16,18.5,-13.77493634859371
16,19.0,-13.958014867020498
16,19.5,-14.155832914714308
16,20.0,-14.367034835443834
16,20.5,-14.590844803367643
16,21.0,-14.847838198456294
16,21.5,-15.13550579300377
16,22.0,-15.454494256911255
16,22.5,-15.797637634544978
16,23.0,-16.14202353747725
16,23.5,-16.497531778465742
16,24.0,-16.848091445722464
16,24.5,-17.189924120033577
16,25.0,-17.516414419609344
16,25.5,-17.810303663038454
16,26.0,-18.08177852391866
16,26.5,-18.31226213050252
16,27.0,-18.485862024075395
16,27.5,-18.60438380911129
16,28.0,-18.657633476540035
16,28.5,-18.64454349688797
16,29.0,-18.571071497224384
16,29.5,-18.44851691041984
16,30.0,-18.27832531054036
16,30.5,-18.07356860833582
16,31.0,-17.84221998225065
16,31.5,-17.591255424023124
16,32.0,-17.331287645307096
16,32.5,-17.03826652466771
16,33.0,-16.673678804457214
16,33.5,-16.166738805683813
16,34.0,-15.561138963628029
16,34.5,-14.981209087657206
16,35.0,-14.457885660761756
16,35.5,-13.995979297572978
16,36.0,-13.607904711707263
16,36.5,-13.2677703105645
16,37.0,-12.98519085942782
16,37.5,-12.764016850774489
16,38.0,-12.586865157087136
16,38.5,-12.456694957666963
16,39.0,-12.369822748299384
16,39.5,-12.320144241712825
16,40.0,-12.302182597816358
16,40.5,-12.307631289911104
16,41.0,-12.329166171928438
16,41.5,-12.359442373913982
16,42.0,-12.393820155140864
16,42.5,-12.43160978952312
16,43.0,-12.479221565007316
16,43.5,-12.539362249347986
16,44.0,-12.610946006995984
16,44.5,-12.696057033333874
16,45.0,-12.787250260377542
16,45.5,-12.877947842768974
16,46.0,-12.962358263104994
16,46.5,-13.034929612591858
16,47.0,-13.100053948524325
16,47.5,-13.158261518802396
16,48.0,-13.214707440371797
16,48.5,-13.276323904579648
16,49.0,-13.34882822838694
16,49.5,-13.445721560518663
16,50.0,-13.57420452911523
16,50.5,-13.739102820275557
16,51.0,-13.96136727265415
16,51.5,-14.24693133177592
16,52.0,-14.60943599381053
16,52.5,-15.06068714882362
16,53.0,-15.59882591251896
16,53.5,-16.275400948826118
16,54.0,-17.09511126830563
16,54.5,-18.088753140436456
16,55.0,-19.28691397747649
16,55.5,-20.684123129937984
16,56.0,-22.391575197450813
16,56.5,-24.292924355931884
16,57.0,-25.94059495623672
16,57.5,-26.547684629739585
16,58.0,-26.15101765094063
16,58.5,-25.379153658326125
16,59.0,-24.388379417192525
16,59.5,-23.231140422185184
16,60.0,-21.99046517625442
16,60.5,-20.88561226794051
16,61.0,-19.983498644670757
16,61.5,-19.27197281094536
16,62.0,-18.742258274765383
16,62.5,-18.334375679239866
16,63.0,-18.040121357212183
16,63.5,-17.842077475797176
16,64.0,-17.703425525653902
16,64.5,-17.602733543603268
16,65.0,-17.500490197649253
16,65.5,-17.329942124908577
16,66.0,-17.02277006820297
16,66.5,-16.569215307184823
16,67.0,-16.058530268308957
16,67.5,-15.5454065241618
16,68.0,-15.0554886656212
16,68.5,-14.615121007245998
16,69.0,-14.203766059905195
16,69.5,-13.838848376667745
16,70.0,-13.531571914592323
16,70.5,-13.262966768263508
16,71.0,-13.042113551620137
16,71.5,-12.869300409961316
16,72.0,-12.743359331240264
16,72.5,-12.667451027975735
16,73.0,-12.63907126394783
16,73.5,-12.664483408917077
16,74.0,-12.750717047460665
16,74.5,-12.90434117322337
16,75.0,-13.128134448333066
16,75.5,-13.448491060396126
16,76.0,-13.873700450115743
16,76.5,-14.406414524555846
16,77.0,-15.105161170434418
16,77.5,-15.985500135423264
16,78.0,-17.092673849443845
16,78.5,-18.460253193386706
16,79.0,-20.00010366497188
16,79.5,-21.29391248193681
16,80.0,-21.26986050383389
16,80.5,-20.3793864962738
16,81.0,-19.323297807279467
16,81.5,-18.314656630255925
16,82.0,-17.289654104750024
16,82.5,-16.178785329177874
16,83.0,-14.927446519010651
16,83.5,-13.607373819767142
16,84.0,-12.418681873592297
16,84.5,-11.398141445222466
16,85.0,-10.531940735284918
16,85.5,-9.826190846375274
16,86.0,-9.222674083401849
16,86.5,-8.732561626149169
16,87.0,-8.349692115311084
16,87.5,-8.065894089461656
16,88.0,-7.882823502032218
16,88.5,-7.786542647968735
16,89.0,-7.781766160679959
16,89.5,-7.866224512231365
16,90.0,-8.047015526206488
16,90.5,-8.32483147807949
16,91.0,-8.706919250871428
16,91.5,-9.198418310184673
16,92.0,-9.790194068705986
16,92.5,-10.530307053709352
16,93.0,-11.405555183004706
16,93.5,-12.336530149806734
16,94.0,-13.232834174738963
16,94.5,-14.135271428196011
16,95.0,-15.177071258217014
16,95.5,-16.393165133952486
16,96.0,-17.713112822268247
16,96.5,-19.0147947583121
16,97.0,-19.673987633344037
16,97.5,-19.06973158061905
16,98.0,-17.62545057866931
16,98.5,-16.100254483215974
16,99.0,-14.69034516809389
16,99.5,-13.489454387386848
16,100.0,-12.7349278736422
17,0.0,-17.405193702323583
17,0.5,-17.155763951449476
17,1.0,-16.570585336643347
17,1.5,-15.816926319815412
17,2.0,-15.039326898421372
17,2.5,-14.308866034903357
17,3.0,-13.659082573793876
17,3.5,-13.121291206720793
17,4.0,-12.666707858159828
17,4.5,-12.312376440768736
17,5.0,-12.058725893478329
17,5.5,-11.901697253069774
17,6.0,-11.84136509993498
17,6.5,-11.87264813065098
17,7.0,-11.996795728132486
17,7.5,-12.207275280448982
17,8.0,-12.517935927007828
17,8.5,-12.923357657023026
17,9.0,-13.426743854626874
17,9.5,-14.026499417598394
17,10.0,-14.69891909286838
17,10.5,-15.47473407345138
17,11.0,-16.3003121696089
17,11.5,-17.091537382548395
17,12.0,-17.692495709545337
17,12.5,-17.949330685704545
17,13.0,-17.87204765291687
17,13.5,-17.55194786694294
17,14.0,-17.116670655053905
17,14.5,-16.61589614644656
17,15.0,-16.105936846711806
17,15.5,-15.613995854590106
17,16.0,-15.157043316402907
17,16.5,-14.758265420280642
17,17.0,-14.39933296722764
17,17.5,-14.096473802632673
17,18.0,-13.852922037937915
17,18.5,-13.66834769526272
17,19.0,-13.546539607383508
17,19.5,-13.479091207326762
17,20.0,-13.468110895022498
17,20.5,-13.509153169051377
17,21.0,-13.598569833999424
17,21.5,-13.722362670709623
17,22.0,-13.852289680093662
17,22.5,-13.932973954385153
17,23.0,-13.908447150219589
17,23.5,-13.792353480693802
17,24.0,-13.65039024843067
17,24.5,-13.52758334717238
17,25.0,-13.441291617226163
17,25.5,-13.396995062399036
17,26.0,-13.389665130163058
17,26.5,-13.414722690693749
17,27.0,-13.461804364040193
17,27.5,-13.521956352146152
17,28.0,-13.579369396521091
17,28.5,-13.617326718471666
17,29.0,-13.620187043215813
17,29.5,-13.577016748095268
17,30.0,-13.479715046570671
17,30.5,-13.3330495310974
17,31.0,-13.147364796420549
17,31.5,-12.938732014693285
17,32.0,-12.729216030685356
17,32.5,-12.519476828740697
17,33.0,-12.326622770437512
17,33.5,-12.163230883402244
17,34.0,-12.023707932709591
17,34.5,-11.915022353176496
17,35.0,-11.837092451134565
17,35.5,-11.78602938434032
17,36.0,-11.75692994044385
17,36.5,-11.739518201084586
17,37.0,-11.724460504934214
17,37.5,-11.702009487541783
17,38.0,-11.662878637802248
17,38.5,-11.605318894910525
17,39.0,-11.53222052331875
17,39.5,-11.45086084373788
17,40.0,-11.372242688205592
17,40.5,-11.300776498685428
17,41.0,-11.248414547100989
17,41.5,-11.225573846291969
17,42.0,-11.241513031445482
17,42.5,-11.303720756740692
17,43.0,-11.424651926298532
17,43.5,-11.60703547157214
17,44.0,-11.831428170491272
17,44.5,-12.043654805170071
17,45.0,-12.192718752415862
17,45.5,-12.348384101361082
17,46.0,-12.560280329708748
17,46.5,-12.84269066485916
17,47.0,-13.232044952521177
17,47.5,-13.739691946704411
17,48.0,-14.394068078812094
17,48.5,-15.2264371736543
17,49.0,-16.252536623505797
17,49.5,-17.60814948895846
17,50.0,-19.3301131443745
17,50.5,-20.723406849466983
17,51.0,-20.69082299921967
17,51.5,-18.76697843483222
17,52.0,-16.86458932524927
17,52.5,-15.355440212316116
17,53.0,-14.175514452497136
17,53.5,-13.181813754434875
17,54.0,-12.365973366119809
17,54.5,-11.699183195843167
17,55.0,-11.155402295732715
17,55.5,-10.730432670049272
17,56.0,-10.38253416231039
17,56.5,-10.109115804830669
17,57.0,-9.89370328780762
17,57.5,-9.686644730117893
17,58.0,-9.4764928080815
17,58.5,-9.29491244625198
17,59.0,-9.174794041006637
17,59.5,-9.129272771902231
17,60.0,-9.15604352310088
17,60.5,-9.252862394713356
17,61.0,-9.41571554558861
17,61.5,-9.63744341604525
17,62.0,-9.904113005063056
17,62.5,-10.227296261720728
17,63.0,-10.594424442477576
17,63.5,-10.989612245764478
17,64.0,-11.434300387816291
17,64.5,-11.912513720232468
17,65.0,-12.419442945859515
17,65.5,-12.945337979424108
17,66.0,-13.458139982093856
17,66.5,-13.9618610132927
17,67.0,-14.397619137644066
17,67.5,-14.709290191417765
17,68.0,-14.860748368900122
17,68.5,-14.861820635096256
17,69.0,-14.77243818788413
17,69.5,-14.664509644752238
17,70.0,-14.594661466208098
17,70.5,-14.589478418579738
17,71.0,-14.66301750029356
17,71.5,-14.81557741926798
17,72.0,-15.032907213836095
17,72.5,-15.281006999156237
17,73.0,-15.52492762213518
17,73.5,-15.664020264293075
17,74.0,-15.55342286520831
17,74.5,-15.13046303689046
17,75.0,-14.52500914968021
17,75.5,-13.846483160893762
17,76.0,-13.192188923610953
17,76.5,-12.613367494001706
17,77.0,-12.087789813111163
17,77.5,-11.639333276214174
17,78.0,-11.271841575604494
17,78.5,-10.9839283660731
17,79.0,-10.780842141650249
17,79.5,-10.647623192356573
17,80.0,-10.587178897034851
17,80.5,-10.595859983346918
17,81.0,-10.665092955202828
17,81.5,-10.78098104861786
17,82.0,-10.9351990716871
17,82.5,-11.10073265632168
17,83.0,-11.238297269075902
17,83.5,-11.310110230755384
17,84.0,-11.273811144189692
17,84.5,-11.126148961037844
17,85.0,-10.904222032858732
17,85.5,-10.65606739595608
17,86.0,-10.396708723802286
17,86.5,-10.154191188317531
17,87.0,-9.94377412864094
17,87.5,-9.776144322677164
17,88.0,-9.664128395807866
17,88.5,-9.60906881551818
17,89.0,-9.621958321677193
17,89.5,-9.707136981714244
17,90.0,-9.876632139760764
17,90.5,-10.133878018819836
17,91.0,-10.485892053256848
17,91.5,-10.93335274669071
17,92.0,-11.456704176869309
17,92.5,-12.073766047438813
17,93.0,-12.737009695405211
17,93.5,-13.38588886124482
17,94.0,-14.034485699767544
17,94.5,-14.657678168370117
17,95.0,-15.242617738957437
17,95.5,-15.733321078586355
17,96.0,-15.998853203240737
17,96.5,-15.89810703461455
17,97.0,-15.364693709690004
17,97.5,-14.5188261371112
17,98.0,-13.56631045967054
17,98.5,-12.673764569820658
17,99.0,-11.851205711756336
17,99.5,-11.14839682789852
17,100.0,-10.712317689918612
18,0.0,-26.018514903081005
18,0.5,-25.8020363448453
18,1.0,-25.315319667849067
18,1.5,-24.730354576589445
18,2.0,-24.161845191591866
18,2.5,-23.650011233404783
18,3.0,-23.20590686462172
18,3.5,-22.839627359207853
18,4.0,-22.51807568730536
18,4.5,-22.236368758138397
18,5.0,-21.9751411588202
18,5.5,-21.715353267359248
18,6.0,-21.451437726948505
18,6.5,-21.156791772260306
18,7.0,-20.826396470729023
18,7.5,-20.442296946162205
18,8.0,-19.93880533214856
18,8.5,-19.32666706666204
18,9.0,-18.63356160765497
18,9.5,-17.887165046684824
18,10.0,-17.142604349524323
18,10.5,-16.388552136391155
18,11.0,-15.674053621106014
18,11.5,-15.015474294601404
18,12.0,-14.419500391418069
18,12.5,-13.905635188334228
18,13.0,-13.442764669670668
18,13.5,-13.046284387549278
18,14.0,-12.724116290825911
18,14.5,-12.45196948796068
18,15.0,-12.232667056746058
18,15.5,-12.054228331922262
18,16.0,-11.89513849564668
18,16.5,-11.734088053688872
18,17.0,-11.541659324774187
18,17.5,-11.32643538978625
18,18.0,-11.109849006052771
18,18.5,-10.914419974551931
18,19.0,-10.760558289578876
18,19.5,-10.648538493384638
18,20.0,-10.589395112531486
18,20.5,-10.587638634211944
18,21.0,-10.646894743900058
18,21.5,-10.770723516149076
18,22.0,-10.964288177505049
18,22.5,-11.230452220638703
18,23.0,-11.56371157821962
18,23.5,-11.990833328870796
18,24.0,-12.50836587642383
18,24.5,-13.126479886225862
18,25.0,-13.851296198670452
18,25.5,-14.659160566413355
18,26.0,-15.56302639844593
18,26.5,-16.43097621440389
18,27.0,-17.183173936714073
18,27.5,-17.837143676449802
18,28.0,-18.441345536655
18,28.5,-19.023192372703328
18,29.0,-19.583256808302515
18,29.5,-20.14916334319914
18,30.0,-20.773186964826937
18,30.5,-21.36730070754119
18,31.0,-21.67201619928308
18,31.5,-21.40877302597155
18,32.0,-20.797267166577228
18,32.5,-19.991549585327096
18,33.0,-19.158543592730364
18,33.5,-18.497182396468148
18,34.0,-17.96570582064422
18,34.5,-17.564925097174733
18,35.0,-17.278540048800693
18,35.5,-17.088340364145253
18,36.0,-16.983982528329356
18,36.5,-16.94660123957646
18,37.0,-16.96843531675593
18,37.5,-17.037609188261637
18,38.0,-17.150623321728737
18,38.5,-17.300340687471554
18,39.0,-17.48522857173934
18,39.5,-17.704255910009476
18,40.0,-17.94989111765187
18,40.5,-18.23670726392655
18,41.0,-18.55425339450341
18,41.5,-18.897214888631265
18,42.0,-19.25486389827582
18,42.5,-19.598329844482603
18,43.0,-19.908812632868997
18,43.5,-20.072140050673845
18,44.0,-19.90636118570565
18,44.5,-19.38918674981528
18,45.0,-18.73743361149763
18,45.5,-18.085965737431028
18,46.0,-17.483923962414075
18,46.5,-16.966302880065022
18,47.0,-16.509363328396347
18,47.5,-16.132986959103917
18,48.0,-15.839484757780992
18,48.5,-15.62510617900709
18,49.0,-15.489087132766112
18,49.5,-15.41428157802807
18,50.0,-15.392428088842118
18,50.5,-15.406668640909205
18,51.0,-15.43828571833653
18,51.5,-15.466529727682392
18,52.0,-15.47135399874365
18,52.5,-15.436113133371013
18,53.0,-15.34982197868198
18,53.5,-15.196830659427022
18,54.0,-14.974300753249558
18,54.5,-14.68295108829068
18,55.0,-14.338382630827653
18,55.5,-13.978827822439328
18,56.0,-13.616655267104534
18,56.5,-13.296477901783993
18,57.0,-13.053530328578605
18,57.5,-12.89442319522042
18,58.0,-12.84396747042397
18,58.5,-12.920378728699417
18,59.0,-13.1373486798108
18,59.5,-13.502267546423203
18,60.0,-14.062523497343966
18,60.5,-14.839758838833324
18,61.0,-15.88699676011614
18,61.5,-17.267672509021615
18,62.0,-19.022136930340448
18,62.5,-21.36198195657867
18,63.0,-23.9104514310656
18,63.5,-24.113308702040925
18,64.0,-22.3077644709509
18,64.5,-20.00198693571373
18,65.0,-17.681111319872674
18,65.5,-15.676776489277083
18,66.0,-14.091582767278794
18,66.5,-12.76827588425776
18,67.0,-11.699342056261246
18,67.5,-10.84647949440141
18,68.0,-10.175376186585709
18,68.5,-9.680833989695762
18,69.0,-9.317309782302017
18,69.5,-9.090225824625382
18,70.0,-8.995250171478165
18,70.5,-9.0193724873155
18,71.0,-9.152194334031917
18,71.5,-9.354896147047016
18,72.0,-9.560751365868306
18,72.5,-9.769869535817328
18,73.0,-10.051009469437632
18,73.5,-10.427156685552212
18,74.0,-10.912484173807286
18,74.5,-11.507126738264462
18,75.0,-12.179429866195976
18,75.5,-12.933344192734545
18,76.0,-13.657414107051546
18,76.5,-14.169370664289602
18,77.0,-14.300983393049153
18,77.5,-13.96317003722997
18,78.0,-13.279250721502176
18,78.5,-12.459799779007174
18,79.0,-11.673584077414862
18,79.5,-10.943498991751532
18,80.0,-10.320018620523197
18,80.5,-9.809468472673943
18,81.0,-9.402594346091483
18,81.5,-9.094298409120457
18,82.0,-8.841074797926494
18,82.5,-8.622724477627937
18,83.0,-8.431095513920072
18,83.5,-8.271929624409632
18,84.0,-8.177494308357
18,84.5,-8.165306692270251
18,85.0,-8.239807907632857
18,85.5,-8.396944802098742
18,86.0,-8.644485479669651
18,86.5,-8.973076278748952
18,87.0,-9.376643210173818
18,87.5,-9.841699686497996
18,88.0,-10.334830791381664
18,88.5,-10.860343785878031
18,89.0,-11.367837666017545
18,89.5,-11.802181246968145
18,90.0,-12.148476657151033
18,90.5,-12.361960375816356
18,91.0,-12.426710734209014
18,91.5,-12.35230472680598
18,92.0,-12.16398127809028
18,92.5,-11.874356693430544
18,93.0,-11.513653072084624
18,93.5,-11.118706663631036
18,94.0,-10.689611576806128
18,94.5,-10.25998259999938
18,95.0,-9.84536889845408
18,95.5,-9.454059746293764
18,96.0,-9.100756197535151
18,96.5,-8.76435302189523
18,97.0,-8.455656378796128
18,97.5,-8.174438171510749
18,98.0,-7.918077909638736
18,98.5,-7.684878329942719
18,99.0,-7.420448591779079
18,99.5,-7.088506445622834
18,100.0,-6.830849456340864
19,0.0,-8.373958894949153
19,0.5,-8.271745278668016
19,1.0,-8.155385180698328
19,1.5,-8.101190726982502
19,2.0,-8.121839340545673
19,2.5,-8.224286067964384
19,3.0,-8.41294587405218
19,3.5,-8.68675653287033
19,4.0,-9.07245763783272
19,4.5,-9.573397291080282
19,5.0,-10.20719540263848
19,5.5,-10.989020363718232
19,6.0,-11.90863981380372
19,6.5,-13.03414638656445
19,7.0,-14.306621615611247
19,7.5,-15.528705524496276
19,8.0,-16.382851915990198
19,8.5,-16.485921165722033
19,9.0,-15.856509511811078
19,9.5,-14.596770549352811
19,10.0,-13.290969568981936
19,10.5,-12.099765786612506
19,11.0,-11.071196537745752
19,11.5,-10.191069802831391
19,12.0,-9.44006519687725
19,12.5,-8.825172868709426
19,13.0,-8.29919594598924
19,13.5,-7.875397117704567
19,14.0,-7.559458775164845
19,14.5,-7.328507860080412
19,15.0,-7.190031821642392
19,15.5,-7.143943072558453
19,16.0,-7.186872201359932
19,16.5,-7.3137755236867585
19,17.0,-7.532006735297908
19,17.5,-7.837702054810734
19,18.0,-8.23370786845197
19,18.5,-8.720524822397927
19,19.0,-9.2844256400272
19,19.5,-9.966649235572072
19,20.0,-10.75786179111742
19,20.5,-11.641434383876122
19,21.0,-12.686776057368313
19,21.5,-13.88309025860759
19,22.0,-15.251957774141715
19,22.5,-16.80064644311878
19,23.0,-18.44171424688407
19,23.5,-19.881689739725537
19,24.0,-19.95454287403379
19,24.5,-19.19585090044675
19,25.0,-18.30869030017654
19,25.5,-17.525399519329284
19,26.0,-16.87004352306417
19,26.5,-16.38138078575769
19,27.0,-16.06136903681596
19,27.5,-15.87425441500568
19,28.0,-15.812236995380903
19,28.5,-15.858194688743572
19,29.0,-15.989079922608855
19,29.5,-16.17615697007461
19,30.0,-16.405108591452016
19,30.5,-16.642589480041785
19,31.0,-16.861640066907885
19,31.5,-17.04212827610105
19,32.0,-17.16815268670394
19,32.5,-17.24081869674694
19,33.0,-17.249062123665095
19,33.5,-17.181318627814413
19,34.0,-17.006089335024782
19,34.5,-16.695643098600836
19,35.0,-16.271403902334292
19,35.5,-15.809828230797406
19,36.0,-15.377885983195672
19,36.5,-14.972750586933898
19,37.0,-14.615433581265036
19,37.5,-14.314379379532843
19,38.0,-14.04486517391172
19,38.5,-13.80774733063038
19,39.0,-13.593584165340069
19,39.5,-13.392217349923111
19,40.0,-13.201645010811548
19,40.5,-13.00476658443055
19,41.0,-12.806070998794963
19,41.5,-12.607958157733307
19,42.0,-12.416273633154423
19,42.5,-12.244808895716304
19,43.0,-12.093194103522032
19,43.5,-11.977838567967565
19,44.0,-11.911925420115834
19,44.5,-11.902124536862216
19,45.0,-11.960331628045406
19,45.5,-12.097288870249336
19,46.0,-12.319947394622067
19,46.5,-12.626762166460772
19,47.0,-13.045012493352964
19,47.5,-13.573250543594195
19,48.0,-14.222354685587074
19,48.5,-14.998165159593562
19,49.0,-15.879679161711206
19,49.5,-16.923074825413657
19,50.0,-18.086350981538796
19,50.5,-19.27817939494764
19,51.0,-20.42958430404944
19,51.5,-21.259619027245293
19,52.0,-21.57270664633912
19,52.5,-21.41423534470257
19,53.0,-20.9362639966434
19,53.5,-20.244203048442824
19,54.0,-19.46262101310152
19,54.5,-18.665775867322488
19,55.0,-17.88932007188442
19,55.5,-17.162343090305665
19,56.0,-16.430385194200696
19,56.5,-15.702099087877484
19,57.0,-14.987122444214178
19,57.5,-14.233203620431198
19,58.0,-13.462296174273318
19,58.5,-12.680907602644742
19,59.0,-11.901371557676768
19,59.5,-11.16140526220902
19,60.0,-10.429501563052725
19,60.5,-9.741311730883414
19,61.0,-9.107745236596342
19,61.5,-8.534590980341797
19,62.0,-8.041546943211532
19,62.5,-7.600169048509529
19,63.0,-7.226722569819851
19,63.5,-6.930227163619731
19,64.0,-6.691004210223023
19,64.5,-6.516431047457161
19,65.0,-6.405157085563544
19,65.5,-6.352678241762157
19,66.0,-6.355330155214932
19,66.5,-6.409776152112756
19,67.0,-6.513544491398012
19,67.5,-6.66751138738337
19,68.0,-6.873854728721842
19,68.5,-7.131265312327261
19,69.0,-7.466004645301695
19,69.5,-7.882851257802086
19,70.0,-8.381713659521438
19,70.5,-9.01287647558354
19,71.0,-9.78436933248423
19,71.5,-10.73127599444514
19,72.0,-11.893791707433866
19,72.5,-13.290785965851915
19,73.0,-15.105644847075164
19,73.5,-17.436088459516036
19,74.0,-20.43186132980952
19,74.5,-23.452803636454814
19,75.0,-23.83993282235235
19,75.5,-21.34104658003286
19,76.0,-18.33408065494526
19,76.5,-15.96463790485386
19,77.0,-14.086427579033618
19,77.5,-12.632936845158069
19,78.0,-11.5074324165493
19,78.5,-10.63691422842654
19,79.0,-9.999279390097016
19,79.5,-9.527124381343564
19,80.0,-9.22326588036464
19,80.5,-9.080918032110816
19,81.0,-9.092689760548115
19,81.5,-9.254536303563764
19,82.0,-9.582743064301413
19,82.5,-10.083815855546623
19,83.0,-10.754302814059296
19,83.5,-11.65851314978184
19,84.0,-12.78481959365072
19,84.5,-14.014128815209515
19,85.0,-15.01361600975144
19,85.5,-15.799048551421844
19,86.0,-16.53512933494875
19,86.5,-17.010916641099907
19,87.0,-16.772268083220947
19,87.5,-15.623891864865769
19,88.0,-14.089595672511104
19,88.5,-12.56027025583595
19,89.0,-11.237696677965296
19,89.5,-10.169384490893526
19,90.0,-9.26803443866853
19,90.5,-8.543200696907498
19,91.0,-7.977440031439704
19,91.5,-7.551435082848018
19,92.0,-7.262248687948706
19,92.5,-7.082916608724198
19,93.0,-7.016349684423793
19,93.5,-7.057235481350301
19,94.0,-7.204826042307055
19,94.5,-7.345952600730187
19,95.0,-7.182113935269912
19,95.5,-7.075413479469722
19,96.0,-7.083826463064278
19,96.5,-7.212019749137224
19,97.0,-7.465604701025157
19,97.5,-7.85625086602829
19,98.0,-8.3940069500748
19,98.5,-9.075242966006606
19,99.0,-9.967519595461749
19,99.5,-11.083676216643584
19,100.0,-12.055617203399814
20,0.0,-2.6088243605554737
20,0.5,-2.6184363562953963
20,1.0,-2.657765602236584
20,1.5,-2.747836495844741
20,2.0,-2.8986549034312925
20,2.5,-3.118558008240731
20,3.0,-3.411802375219426
20,3.5,-3.7727626208976064
20,4.0,-4.230551018339003
20,4.5,-4.781623171986409
20,5.0,-5.437726332690198
20,5.5,-6.2087706148015664
20,6.0,-7.082318259253068
20,6.5,-8.132024182255881
20,7.0,-9.354291085244869
20,7.5,-10.735679559782923
20,8.0,-12.40068306336494
20,8.5,-14.35568630767158
20,9.0,-16.6637110374248
20,9.5,-18.66431670962239
20,10.0,-19.043191463347664
20,10.5,-18.34430690296721
20,11.0,-17.33781671302314
20,11.5,-16.123582801801476
20,12.0,-14.938055118853637
20,12.5,-13.9793665594617
20,13.0,-13.232343064976735
20,13.5,-12.71883405465372
20,14.0,-12.430457724627976
20,14.5,-12.335084074761973
20,15.0,-12.434298147216156
20,15.5,-12.731429008022657
20,16.0,-13.22503471925016
20,16.5,-13.677261590101502
20,17.0,-13.771880120874798
20,17.5,-13.918723656386314
20,18.0,-14.160725982552156
20,18.5,-14.479964823652388
20,19.0,-14.826576217106853
20,19.5,-15.149308553141656
20,20.0,-15.375209444996065
20,20.5,-15.511681572450032
20,21.0,-15.606999317582726
20,21.5,-15.621558915491123
20,22.0,-15.36866748202906
20,22.5,-14.900148948460131
20,23.0,-14.428171658829545
20,23.5,-13.990124921646116
20,24.0,-13.630717145484718
20,24.5,-13.38855627271074
20,25.0,-13.28570890856731
20,25.5,-13.3314866593409
20,26.0,-13.534443158605992
20,26.5,-13.898613306506675
20,27.0,-14.414862828886484
20,27.5,-15.123145750031172
20,28.0,-16.0093165703535
20,28.5,-17.04946001041135
20,29.0,-18.114606557611733
20,29.5,-18.891430711601487
20,30.0,-19.2077231108745
20,30.5,-19.06452151361618
20,31.0,-18.54918694273125
20,31.5,-17.79941850029947
20,32.0,-16.95895225103583
20,32.5,-16.053683627460632
20,33.0,-15.165673658555765
20,33.5,-14.366606796083111
20,34.0,-13.640332990356123
20,34.5,-13.029160733919424
20,35.0,-12.541359525683038
20,35.5,-12.174145548165129
20,36.0,-11.932536835506214
20,36.5,-11.79864475069469
20,37.0,-11.777937902747048
20,37.5,-11.86650199055117
20,38.0,-12.06959598867828
20,38.5,-12.384673481368983
20,39.0,-12.813905509514292
20,39.5,-13.35295768176486
20,40.0,-13.975498214846914
20,40.5,-14.703026822706954
20,41.0,-15.479607080056295
20,41.5,-16.234258338370825
20,42.0,-16.846857900573895
20,42.5,-17.13287496372207
20,43.0,-16.95236447502132
20,43.5,-16.352978734600647
20,44.0,-15.567092393305863
20,44.5,-14.707824751372252
20,45.0,-13.88510616667413
20,45.5,-13.142687079911587
20,46.0,-12.497648961377225
20,46.5,-11.972995425102765
20,47.0,-11.536798380311742
20,47.5,-11.203654669615233
20,48.0,-10.97272086447887
20,48.5,-10.838784188148294
20,49.0,-10.799982704653573
20,49.5,-10.850878165193038
20,50.0,-10.989696624197734
20,50.5,-11.206380325218475
20,51.0,-11.51035540152443
20,51.5,-11.889354262044868
20,52.0,-12.336771046732586
20,52.5,-12.83979157993586
20,53.0,-13.366310902290484
20,53.5,-13.928539242259424
20,54.0,-14.485703517575637
20,54.5,-15.010520404473962
20,55.0,-15.477754868354758
20,55.5,-15.85374754625461
20,56.0,-16.14659724519026
20,56.5,-16.339414811251217
20,57.0,-16.436074895842914
20,57.5,-16.461254340013973
20,58.0,-16.43780632189584
20,58.5,-16.393536398275494
20,59.0,-16.354133481558716
20,59.5,-16.33920780812756
20,60.0,-16.36044120830196
20,60.5,-16.424045147334663
20,61.0,-16.5300709213744
20,61.5,-16.669750711188957
20,62.0,-16.821645137378255
20,62.5,-16.96472468650828
20,63.0,-17.043581673603583
20,63.5,-16.9896614365465
20,64.0,-16.747807453499107
20,64.5,-16.339511924191527
20,65.0,-15.831171109087244
20,65.5,-15.287357990060114
20,66.0,-14.765551385449998
20,66.5,-14.259452121094457
20,67.0,-13.801424581914238
20,67.5,-13.402397366305188
20,68.0,-13.066571666839122
20,68.5,-12.804585000949883
20,69.0,-12.600653157907072
20,69.5,-12.46231643420524
20,70.0,-12.3903739759275
20,70.5,-12.378299977800848
20,71.0,-12.425944699178878
20,71.5,-12.531673558466926
20,72.0,-12.69105518367724
20,72.5,-12.893666549735707
20,73.0,-13.1460170353997
20,73.5,-13.431008715238118
20,74.0,-13.726258444289485
20,74.5,-13.984037770324246
20,75.0,-14.126277874372576
20,75.5,-14.125335569685534
20,76.0,-14.034296286162226
20,76.5,-13.934969640008928
20,77.0,-13.86881797156701
20,77.5,-13.86090823739232
20,78.0,-13.921597788505595
20,78.5,-14.04999845877878
20,79.0,-14.232938895732442
20,79.5,-14.464265471595905
20,80.0,-14.708180103777618
20,80.5,-14.91903993499781
20,81.0,-15.042572692901706
20,81.5,-15.029659266803906
20,82.0,-14.855070913629604
20,82.5,-14.531637632842468
20,83.0,-14.11101154559127
20,83.5,-13.612175855331529
20,84.0,-13.085302959043844
20,84.5,-12.556775194064164
20,85.0,-12.04400969369355
20,85.5,-11.573568560855712
20,86.0,-11.126093310404702
20,86.5,-10.726157721537424
20,87.0,-10.385259413644008
20,87.5,-10.11201317626814
20,88.0,-9.92065862323942
20,88.5,-9.805915009917785
20,89.0,-9.778941348014278
20,89.5,-9.842116792849056
20,90.0,-10.003580414602173
20,90.5,-10.265822956638493
20,91.0,-10.636436679284673
20,91.5,-11.120134557689278
20,92.0,-11.707424186341248
20,92.5,-12.44696754904962
20,93.0,-13.336138846328138
20,93.5,-14.3635782153207
20,94.0,-15.620232761704225
20,94.5,-17.10271959088292
20,95.0,-18.827937430290007
20,95.5,-20.705453063789065
20,96.0,-22.275804477729505
20,96.5,-22.817031660833383
20,97.0,-22.10427898156474
20,97.5,-20.84995521586494
20,98.0,-19.59432146372733
20,98.5,-18.330483823223364
20,99.0,-16.84216434201734
20,99.5,-15.60645617450012
20,100.0,-14.844121608889743
21,0.0,-30.417082236091726
21,0.5,-29.1946195941857
21,1.0,-27.45424991336077
21,1.5,-25.900486557235208
21,2.0,-24.61332335690796
21,2.5,-23.55690310863445
21,3.0,-22.685250026087537
21,3.5,-21.98738763320382
21,4.0,-21.39463433969135
21,4.5,-20.911282003005567
21,5.0,-20.52732268741672
21,5.5,-20.2318152237872
21,6.0,-20.02140055968501
21,6.5,-19.867317333676475
21,7.0,-19.754194483904165
21,7.5,-19.662828838511327
21,8.0,-19.57702214547953
21,8.5,-19.50536181688984
21,9.0,-19.462187467017912
21,9.5,-19.457508292339337
21,10.0,-19.485963589056883
21,10.5,-19.485991392600532
21,11.0,-19.35444534593572
21,11.5,-19.100003594517386
21,12.0,-18.67385739576753
21,12.5,-18.03925742598133
21,13.0,-17.228340321308234
21,13.5,-16.355627732092174
21,14.0,-15.505006496934625
21,14.5,-14.66249640788121
21,15.0,-13.881908785443994
21,15.5,-13.181583042827503
21,16.0,-12.56809357278627
21,16.5,-12.06017019405714
21,17.0,-11.626274228462204
21,17.5,-11.281368541859129
21,18.0,-11.026048965752995
21,18.5,-10.857483876822066
21,19.0,-10.77749790175024
21,19.5,-10.780822673687991
21,20.0,-10.870071437704311
21,20.5,-11.040280014924049
21,21.0,-11.302392248757538
21,21.5,-11.650712670810792
21,22.0,-12.084492874963756
21,22.5,-12.594399681943973
21,23.0,-13.14382110397592
21,23.5,-13.722058871228358
21,24.0,-14.237076932684532
21,24.5,-14.626776983612809
21,25.0,-14.905321683859103
21,25.5,-15.10591158336949
21,26.0,-15.26038047691346
21,26.5,-15.36082202556408
21,27.0,-15.394843483732792
21,27.5,-15.347697712186974
21,28.0,-15.194210459195638
21,28.5,-14.92333701840963
21,29.0,-14.589548981525882
21,29.5,-14.273343893421975
21,30.0,-13.996803898507064
21,30.5,-13.78752413413994
21,31.0,-13.653475743486174
21,31.5,-13.593861293581796
21,32.0,-13.605555621364427
21,32.5,-13.683344112250044
21,33.0,-13.816270011363674
21,33.5,-13.977664251888314
21,34.0,-14.125196588505093
21,34.5,-14.16754380110128
21,35.0,-14.093737118465484
21,35.5,-13.988868097188938
21,36.0,-13.905623180044024
21,36.5,-13.854903573650288
21,37.0,-13.843197352405545
21,37.5,-13.86977824175263
21,38.0,-13.9350491057373
21,38.5,-14.036353880504157
21,39.0,-14.172012395703849
21,39.5,-14.338158518827893
21,40.0,-14.52445890440226
21,40.5,-14.735724425912464
21,41.0,-14.956154567481205
21,41.5,-15.171040191305677
21,42.0,-15.360436281568925
21,42.5,-15.494786269181215
21,43.0,-15.552662830334574
21,43.5,-15.500961991905726
21,44.0,-15.323874207921603
21,44.5,-15.00367137797084
21,45.0,-14.556967721934878
21,45.5,-14.00743124868449
21,46.0,-13.389955160519651
21,46.5,-12.756590404318624
21,47.0,-12.095881798406428
21,47.5,-11.4491871639766
21,48.0,-10.833043183401347
21,48.5,-10.25784480830206
21,49.0,-9.746721058285782
21,49.5,-9.272271809063882
21,50.0,-8.853015637379833
21,50.5,-8.501104731876271
21,51.0,-8.194631646379738
21,51.5,-7.943809179133838
21,52.0,-7.748157760638158
21,52.5,-7.604232790761067
21,53.0,-7.511865372405394
21,53.5,-7.461440809423636
21,54.0,-7.4514512009506
21,54.5,-7.477832430863841
21,55.0,-7.535217241037524
21,55.5,-7.617208652601177
21,56.0,-7.726302627107451
21,56.5,-7.858835937133523
21,57.0,-8.010338721479629
21,57.5,-8.191585290641251
21,58.0,-8.399671123989467
21,58.5,-8.637097258578498
21,59.0,-8.904778051368465
21,59.5,-9.194273473567216
21,60.0,-9.522890098965457
21,60.5,-9.878867788298592
21,61.0,-10.257343998458955
21,61.5,-10.649544942915409
21,62.0,-11.032280101914552
21,62.5,-11.415663957760776
21,63.0,-11.7733988835698
21,63.5,-12.083100401561763
21,64.0,-12.355218945115492
21,64.5,-12.576106331141828
21,65.0,-12.743900837167873
21,65.5,-12.857762620882616
21,66.0,-12.90754983318118
21,66.5,-12.880243164423502
21,67.0,-12.7693354889797
21,67.5,-12.606617962024742
21,68.0,-12.451331764571629
21,68.5,-12.355143034319712
21,69.0,-12.34169756594653
21,69.5,-12.428337629111232
21,70.0,-12.612997585697125
21,70.5,-12.900015861147311
21,71.0,-13.26159120481687
21,71.5,-13.652925688336689
21,72.0,-13.996887831805015
21,72.5,-14.18279001712228
21,73.0,-14.110405570471476
21,73.5,-13.70376423507238
21,74.0,-12.964987827487995
21,74.5,-11.992457555850898
21,75.0,-10.946356768913112
21,75.5,-9.867946132800936
21,76.0,-8.851719827015451
21,76.5,-7.955164406836972
21,77.0,-7.133565422810452
21,77.5,-6.417068243755322
21,78.0,-5.805827021614601
21,78.5,-5.294141428088811
21,79.0,-4.890620442271575
21,79.5,-4.566039961610425
21,80.0,-4.329308151429624
21,80.5,-4.17865009148062
21,81.0,-4.109042882107602
21,81.5,-4.117094754353373
21,82.0,-4.200215222140306
21,82.5,-4.3553594796451
21,83.0,-4.57360688639753
21,83.5,-4.867933332946844
21,84.0,-5.233126840989172
21,84.5,-5.675168179360574
21,85.0,-6.199708633430209
21,85.5,-6.797313486537934
21,86.0,-7.516071569638918
21,86.5,-8.348045810938627
21,87.0,-9.304470329191172
21,87.5,-10.384148874552622
21,88.0,-11.533159543192255
21,88.5,-12.760278106920495
21,89.0,-13.88850232286642
21,89.5,-14.674699917736852
21,90.0,-14.99171327930332
21,90.5,-14.844956758906092
21,91.0,-14.412545781245536
21,91.5,-13.86250901289538
21,92.0,-13.283362360894673
21,92.5,-12.670614144348304
21,93.0,-12.104530507187372
21,93.5,-11.666582707398163
21,94.0,-11.364556553058092
21,94.5,-11.222942101645264
21,95.0,-11.24734299292958
21,95.5,-11.435035342272622
21,96.0,-11.77644183510796
21,96.5,-12.294305031748037
21,97.0,-12.97732310643978
21,97.5,-13.820130445945082
21,98.0,-14.790888310620774
21,98.5,-15.789487290640183
21,99.0,-16.743679883409477
21,99.5,-17.43909548572023
21,100.0,-17.704926314748093
