Canal,Frecuencia,Magnitud
0,0.0,-30.31106706418468
0,0.5,-30.21777026919879
0,1.0,-30.19843623891039
0,1.5,-30.78376961291414
0,2.0,-32.4170670231286
0,2.5,-34.579364216508246
0,3.0,-33.64252901874841
0,3.5,-29.86053395513512
0,4.0,-26.63841776310872
0,4.5,-24.683727571173325
0,5.0,-23.903154360580388
0,5.5,-24.247137823112407
0,6.0,-25.689015684334425
0,6.5,-27.43096947009619
0,7.0,-26.14977170400638
0,7.5,-22.441190891167064
0,8.0,-19.1075862935633
0,8.5,-16.763447936028033
0,9.0,-15.28571183216198
0,9.5,-14.536906643633824
0,10.0,-14.462367703071934
0,10.5,-15.035510691749511
0,11.0,-16.203877277758828
0,11.5,-17.64472341964372
0,12.0,-18.344730744404654
0,12.5,-17.44249111098967
0,13.0,-15.658798812687056
0,13.5,-14.079919195898428
0,14.0,-13.116508815340069
0,14.5,-12.786184753208683
0,15.0,-13.15906243364318
0,15.5,-14.355154839610138
0,16.0,-16.624802143531973
0,16.5,-20.591125329189413
0,17.0,-30.47001723200432
0,17.5,-32.450878396819085
0,18.0,-22.04198916363297
0,18.5,-18.269960743068847
0,19.0,-16.53661799890402
0,19.5,-15.871063553486191
0,20.0,-16.016513550663397
0,20.5,-16.75699447536422
0,21.0,-17.875767601776364
0,21.5,-18.874015314269357
0,22.0,-19.19480911522954
0,22.5,-18.842739083163792
0,23.0,-18.348347189179744
0,23.5,-18.12232452012372
0,24.0,-18.356435368555715
0,24.5,-19.080909319643496
0,25.0,-20.223246319492382
0,25.5,-21.64900520754157
0,26.0,-23.467255337718758
0,26.5,-26.049411608711925
0,27.0,-30.368655026278425
0,27.5,-32.129554639536764
0,28.0,-24.925996884775294
0,28.5,-19.33646852544808
0,29.0,-15.560537867108224
0,29.5,-12.960390787211828
0,30.0,-11.056321597507129
0,30.5,-9.778354237088209
0,31.0,-9.058707959876749
0,31.5,-8.848509898172802
0,32.0,-9.126644777058354
0,32.5,-9.907609319488524
0,33.0,-11.153888867753803
0,33.5,-12.657776294750342
0,34.0,-13.986878420708054
0,34.5,-14.293622396063345
0,35.0,-13.464876114960724
0,35.5,-12.281706953097643
0,36.0,-11.324495677358344
0,36.5,-10.677260015795428
0,37.0,-10.3184854119213
0,37.5,-10.131418009304612
0,38.0,-9.97058855676536
0,38.5,-9.76530272883766
0,39.0,-9.540018562886756
0,39.5,-9.407481452421202
0,40.0,-9.508945228901002
0,40.5,-9.997022508973204
0,41.0,-11.015056192643351
0,41.5,-12.747300129299658
0,42.0,-15.297651607806852
0,42.5,-17.799660340503095
0,43.0,-17.297675036858134
0,43.5,-14.12968313135476
0,44.0,-11.26412544424774
0,44.5,-9.051821721486595
0,45.0,-7.413006206619901
0,45.5,-6.174662667718394
0,46.0,-5.195561769694618
0,46.5,-4.412364427956302
0,47.0,-3.728156839516607
0,47.5,-3.1568537041943423
0,48.0,-2.718515742580978
0,48.5,-2.444138807527085
0,49.0,-2.3754373639698354
0,49.5,-2.550145182301385
0,50.0,-3.014114647541391
0,50.5,-3.79336358495948
0,51.0,-5.002524116829342
0,51.5,-6.707221814403408
0,52.0,-9.039644182927615
0,52.5,-12.034864776415436
0,53.0,-14.848447255079328
0,53.5,-15.125718236914672
0,54.0,-12.946042922612616
0,54.5,-10.776510977215525
0,55.0,-9.27487041206063
0,55.5,-8.400371438115405
0,56.0,-7.974901043381065
0,56.5,-7.929304500008358
0,57.0,-8.176729004149319
0,57.5,-8.655035873211444
0,58.0,-9.269818797366977
0,58.5,-9.916155263699206
0,59.0,-10.477460122608344
0,59.5,-10.845091877436229
0,60.0,-10.99763272097815
0,60.5,-10.947649172457613
0,61.0,-10.764285650298827
0,61.5,-10.534949042676006
0,62.0,-10.339578811596198
0,62.5,-10.22263927787505
0,63.0,-10.22426986094944
0,63.5,-10.346074843384562
0,64.0,-10.557766823895497
0,64.5,-10.760788715547973
0,65.0,-10.80743372437386
0,65.5,-10.57833078676962
0,66.0,-10.08929722930893
0,66.5,-9.449513050468996
0,67.0,-8.86153304825265
0,67.5,-8.489952521030633
0,68.0,-8.445200287285443
0,68.5,-8.802023972719613
0,69.0,-9.66153752826244
0,69.5,-11.077223358663634
0,70.0,-12.938541287987483
0,70.5,-14.725270932743127
0,71.0,-14.86639706876225
0,71.5,-13.172837567889998
0,72.0,-11.23312466209792
0,72.5,-9.869374863390162
0,73.0,-9.131247292942067
0,73.5,-9.069140854834492
0,74.0,-9.736319351896237
0,74.5,-11.243349121048444
0,75.0,-13.785175081675323
0,75.5,-17.870845953634777
0,76.0,-20.804456228101834
0,76.5,-17.598621577561325
0,77.0,-13.813812428070074
0,77.5,-11.491170230511838
0,78.0,-10.269379722887235
0,78.5,-9.857000239085767
0,79.0,-10.09530195316033
0,79.5,-10.842785760891628
0,80.0,-11.767816959323728
0,80.5,-12.211960290110484
0,81.0,-11.651559193184752
0,81.5,-10.43275699301173
0,82.0,-9.15564183343489
0,82.5,-8.235507141506108
0,83.0,-7.818320324816311
0,83.5,-7.932187431789822
0,84.0,-8.649890541144515
0,84.5,-10.104226109495084
0,85.0,-12.515249315629069
0,85.5,-16.12184939325261
0,86.0,-19.81856831419251
0,86.5,-17.86468602286201
0,87.0,-13.83112448335307
0,87.5,-11.089445694242722
0,88.0,-9.469210635008604
0,88.5,-8.577118876542295
0,89.0,-8.322040983442333
0,89.5,-8.64351197636049
0,90.0,-9.58153317933498
0,90.5,-11.221018263140737
0,91.0,-13.772798830671617
0,91.5,-17.334229470781306
0,92.0,-19.875696538858627
0,92.5,-17.714033235370007
0,93.0,-14.232010048535658
0,93.5,-11.74939687353101
0,94.0,-9.999381548005166
0,94.5,-8.809078750996523
0,95.0,-8.012139410771857
0,95.5,-7.483582048898917
0,96.0,-7.158493659550835
0,96.5,-6.976999130166062
0,97.0,-6.945271030050025
0,97.5,-7.094125540378947
0,98.0,-7.470768226562166
0,98.5,-8.120376365171568
0,99.0,-9.157980618020533
0,99.5,-10.625219794456273
0,100.0,-11.94943783178789
1,0.0,-43.45776529505504
1,0.5,-41.73467808260683
1,1.0,-38.28290579701131
1,1.5,-34.69118393808227
1,2.0,-31.61758332577621
1,2.5,-29.148522752710072
1,3.0,-27.236473970678095
1,3.5,-25.878562928510863
1,4.0,-24.95455442291929
1,4.5,-24.48062261545498
1,5.0,-24.43050306875177
1,5.5,-24.70903169558276
1,6.0,-25.077637187750764
1,6.5,-25.10692408407791
1,7.0,-24.364847045653843
1,7.5,-22.99613498313858
1,8.0,-21.41287570546867
1,8.5,-20.034278735203785
1,9.0,-19.036938097929152
1,9.5,-18.475127548597605
1,10.0,-18.38084654190905
1,10.5,-18.77457805046577
1,11.0,-19.67950816214856
1,11.5,-21.05795038970461
1,12.0,-22.55792453148317
1,12.5,-23.21837726792047
1,13.0,-22.35743037862079
1,13.5,-20.704293463057844
1,14.0,-19.25915798826229
1,14.5,-18.29587186985277
1,15.0,-17.943039891313425
1,15.5,-18.261657468176107
1,16.0,-19.34238057750532
1,16.5,-21.373007277230247
1,17.0,-25.189481825339783
1,17.5,-34.00408048953702
1,18.0,-37.87320401878444
1,18.5,-26.814463228346856
1,19.0,-22.85216496637292
1,19.5,-20.88721087845622
1,20.0,-20.199624475416982
1,20.5,-20.594043265367837
1,21.0,-22.246511443145355
1,21.5,-25.71181688663274
1,22.0,-30.24456147374644
1,22.5,-26.81733647117841
1,23.0,-21.421229871829127
1,23.5,-17.87958198376123
1,24.0,-15.614582856391284
1,24.5,-14.230890283318285
1,25.0,-13.533694684817556
1,25.5,-13.466534841210429
1,26.0,-14.049835319804185
1,26.5,-15.40864794093085
1,27.0,-17.778704238183302
1,27.5,-22.172985172685333
1,28.0,-29.98418219407047
1,28.5,-26.87136271327871
1,29.0,-20.4179216981548
1,29.5,-17.30812868628072
1,30.0,-15.720486044993905
1,30.5,-15.281828202976335
1,31.0,-15.966016078597534
1,31.5,-18.058374465064745
1,32.0,-22.442000751980224
1,32.5,-27.11943368100906
1,33.0,-20.6089549463932
1,33.5,-15.188658291504012
1,34.0,-11.816573950208772
1,34.5,-9.654714008324698
1,35.0,-8.329478014597013
1,35.5,-7.662254927946241
1,36.0,-7.601353781115577
1,36.5,-8.16459114761241
1,37.0,-9.463608730608238
1,37.5,-11.701959451557032
1,38.0,-15.763102908392364
1,38.5,-23.386155276360228
1,39.0,-22.403173585423687
1,39.5,-15.281203796338932
1,40.0,-11.722108560243528
1,40.5,-9.686710579975973
1,41.0,-8.653396833825187
1,41.5,-8.404161635425508
1,42.0,-8.85108817994219
1,42.5,-9.98185443465957
1,43.0,-11.959074618919146
1,43.5,-14.751463427372345
1,44.0,-17.165808204423115
1,44.5,-16.498552359368816
1,45.0,-13.834417925545644
1,45.5,-11.627550073151824
1,46.0,-10.254359057940714
1,46.5,-9.627743330817951
1,47.0,-9.60871760762276
1,47.5,-10.160303091058656
1,48.0,-11.250320301491014
1,48.5,-12.767843541386789
1,49.0,-14.331271105757986
1,49.5,-15.27320731649922
1,50.0,-14.94905281381632
1,50.5,-13.827501820475543
1,51.0,-12.58122336742032
1,51.5,-11.55613458747931
1,52.0,-10.789831577178594
1,52.5,-10.226995051896372
1,53.0,-9.83368399742847
1,53.5,-9.572873703734848
1,54.0,-9.48324320310596
1,54.5,-9.625951309991333
1,55.0,-10.071085040446771
1,55.5,-10.880583801307766
1,56.0,-12.213440805964495
1,56.5,-14.183810951985476
1,57.0,-16.871017501878104
1,57.5,-20.33944976073308
1,58.0,-22.674366314649955
1,58.5,-21.617646877059016
1,59.0,-19.741768433971743
1,59.5,-18.82717947746333
1,60.0,-18.985975113409296
1,60.5,-20.12480860049236
1,61.0,-21.5484803447622
1,61.5,-21.238733273810578
1,62.0,-18.84557953506715
1,62.5,-16.217567665215228
1,63.0,-14.28422535506706
1,63.5,-13.132906335757008
1,64.0,-12.617688138634035
1,64.5,-12.713448154329232
1,65.0,-13.375084255742417
1,65.5,-14.473921162867866
1,66.0,-15.640842421570609
1,66.5,-16.26263293559027
1,67.0,-15.805935812064025
1,67.5,-14.63958446524183
1,68.0,-13.42497513748506
1,68.5,-12.47802380386889
1,69.0,-11.760381397341847
1,69.5,-11.223209518575214
1,70.0,-10.793022883198898
1,70.5,-10.401177806866984
1,71.0,-10.090293224130992
1,71.5,-9.952961679282176
1,72.0,-10.106759714981475
1,72.5,-10.672109176054642
1,73.0,-11.86062997127611
1,73.5,-13.910414402238898
1,74.0,-17.161691026829086
1,74.5,-20.2755757164938
1,75.0,-18.21341855200961
1,75.5,-13.99018869804105
1,76.0,-10.889031001092798
1,76.5,-8.862723919154455
1,77.0,-7.496001864704627
1,77.5,-6.683693595888699
1,78.0,-6.333752078726255
1,78.5,-6.370229289291627
1,79.0,-6.7279339703776655
1,79.5,-7.3650210582963425
1,80.0,-8.172478513771166
1,80.5,-8.990854611188714
1,81.0,-9.612549885775325
1,81.5,-9.875864854594653
1,82.0,-9.818718606771975
1,82.5,-9.613386597630566
1,83.0,-9.474122704797333
1,83.5,-9.552919627074802
1,84.0,-9.958999652647774
1,84.5,-10.775979531698304
1,85.0,-12.045615285703056
1,85.5,-13.683225352011494
1,86.0,-15.42699889034146
1,86.5,-16.234386006304412
1,87.0,-15.417961279496172
1,87.5,-13.875528375876602
1,88.0,-12.580479671781577
1,88.5,-11.77572405583024
1,89.0,-11.567799015303386
1,89.5,-11.978106292886585
1,90.0,-13.113710103261273
1,90.5,-15.156546029010151
1,91.0,-18.644233090277563
1,91.5,-25.36115637466852
1,92.0,-33.94958210496893
1,92.5,-24.254273397379293
1,93.0,-19.289711017541144
1,93.5,-16.914708503494573
1,94.0,-15.551554356932131
1,94.5,-14.71067168010376
1,95.0,-14.016342821275996
1,95.5,-13.223472667736385
1,96.0,-12.314356698273215
1,96.5,-11.349010227680663
1,97.0,-10.510494835944366
1,97.5,-9.917506578195598
1,98.0,-9.6254646901401
1,98.5,-9.656608348131105
1,99.0,-10.013625976463295
1,99.5,-10.677378095899046
1,100.0,-11.32550227251397
2,0.0,-14.319316793643212
2,0.5,-14.252961381523768
2,1.0,-14.067191257733976
2,1.5,-13.769344190464142
2,2.0,-13.394646946555712
2,2.5,-12.979231114029943
2,3.0,-12.563349028486511
2,3.5,-12.194908191502124
2,4.0,-11.880774546414465
2,4.5,-11.651538860429651
2,5.0,-11.515937375324263
2,5.5,-11.46659540878655
2,6.0,-11.488509708588552
2,6.5,-11.567237657968157
2,7.0,-11.696604045166197
2,7.5,-11.886493706814564
2,8.0,-12.193414698657392
2,8.5,-12.683679042347524
2,9.0,-13.463540152407347
2,9.5,-14.66032820274929
2,10.0,-16.404743834738387
2,10.5,-19.08906625293204
2,11.0,-22.874273014212694
2,11.5,-25.418221500884396
2,12.0,-22.74485508155937
2,12.5,-19.31211132629081
2,13.0,-16.942520077992533
2,13.5,-15.528219869961791
2,14.0,-14.85356807442048
2,14.5,-14.731676719583485
2,15.0,-15.08814774810323
2,15.5,-15.842547165457956
2,16.0,-16.87161988891041
2,16.5,-17.960029108144518
2,17.0,-18.87365014048605
2,17.5,-19.159394704394707
2,18.0,-18.451479217016896
2,18.5,-16.85651101451533
2,19.0,-14.890935275023756
2,19.5,-12.862334469015131
2,20.0,-11.06527288033142
2,20.5,-9.64312504390884
2,21.0,-8.541273390461393
2,21.5,-7.810623570396879
2,22.0,-7.452396753852105
2,22.5,-7.440495389582841
2,23.0,-7.723145227380945
2,23.5,-8.2205733917141
2,24.0,-8.738816377401532
2,24.5,-9.009116162272475
2,25.0,-8.8508507751041
2,25.5,-8.34897372093087
2,26.0,-7.731116297164334
2,26.5,-7.256328356534216
2,27.0,-7.083262755789881
2,27.5,-7.288710005682702
2,28.0,-7.936398440807229
2,28.5,-9.092505182976517
2,29.0,-10.804363265499044
2,29.5,-13.013037862042086
2,30.0,-15.560377200449674
2,30.5,-17.24985278377613
2,31.0,-17.022807905701036
2,31.5,-15.95724833561182
2,32.0,-15.28420786916356
2,32.5,-15.35779410921429
2,33.0,-16.317408026777734
2,33.5,-18.2157385221533
2,34.0,-21.07692235799731
2,34.5,-22.97651376905235
2,35.0,-21.22648477507513
2,35.5,-18.523222739996257
2,36.0,-16.820013780482046
2,36.5,-16.166658354597423
2,37.0,-16.656184871974663
2,37.5,-18.57469059822183
2,38.0,-23.57207078982027
2,38.5,-33.50952121124355
2,39.0,-22.10909925900292
2,39.5,-15.471913501943996
2,40.0,-11.874057078489278
2,40.5,-9.451047469337484
2,41.0,-7.841916953988949
2,41.5,-6.856373777902049
2,42.0,-6.387696788547022
2,42.5,-6.398695624865523
2,43.0,-6.892681400283561
2,43.5,-7.910921882229483
2,44.0,-9.496930176413432
2,44.5,-11.92738703615284
2,45.0,-15.412711607581558
2,45.5,-19.46792896273661
2,46.0,-19.77197238051165
2,46.5,-16.573277660828126
2,47.0,-13.89953691460166
2,47.5,-12.240960829657746
2,48.0,-11.3255185758632
2,48.5,-10.930819137076275
2,49.0,-10.924268318224904
2,49.5,-11.21476984607318
2,50.0,-11.747023666650088
2,50.5,-12.477047992627364
2,51.0,-13.46769682038863
2,51.5,-14.75192322109341
2,52.0,-16.432529484307473
2,52.5,-18.63846271133942
2,53.0,-21.47416010037805
2,53.5,-25.39746005820328
2,54.0,-30.469858438565996
2,54.5,-34.31655124768793
2,55.0,-33.2648083897156
2,55.5,-31.09097456561307
2,56.0,-29.211168405681928
2,56.5,-27.49903729581456
2,57.0,-26.25136806980957
2,57.5,-25.92064241224395
2,58.0,-27.317577857060897
2,58.5,-33.038714284803405
2,59.0,-35.03978705348082
2,59.5,-23.85427416753253
2,60.0,-17.780688899080797
2,60.5,-13.838788848910246
2,61.0,-11.064261335486393
2,61.5,-9.074236663227756
2,62.0,-7.744592784431174
2,62.5,-6.904111040486207
2,63.0,-6.547903543451084
2,63.5,-6.6477792860552265
2,64.0,-7.190713522503039
2,64.5,-8.134879550990714
2,65.0,-9.369513254152778
2,65.5,-10.604247835148728
2,66.0,-11.382607291150553
2,66.5,-11.535846712379549
2,67.0,-11.34794415389246
2,67.5,-11.330558277979108
2,68.0,-11.858297824452452
2,68.5,-13.176388297864792
2,69.0,-15.73920171374062
2,69.5,-19.83631735093178
2,70.0,-21.84159501628101
2,70.5,-17.79398418899464
2,71.0,-14.020902641696122
2,71.5,-11.772329712771208
2,72.0,-10.60593034839779
2,72.5,-10.313235045353997
2,73.0,-10.814243869899547
2,73.5,-12.187413592461512
2,74.0,-14.724547444732028
2,74.5,-19.19367950314846
2,75.0,-27.509668779193383
2,75.5,-26.459582608753085
2,76.0,-19.616650549508595
2,76.5,-16.694305122267025
2,77.0,-15.454941274183454
2,77.5,-15.368307664298843
2,78.0,-16.181379451008528
2,78.5,-17.483515537223017
2,79.0,-18.176783145100316
2,79.5,-17.138145029041347
2,80.0,-15.067150986954276
2,80.5,-13.161199994006088
2,81.0,-11.810568656131842
2,81.5,-11.072335680038949
2,82.0,-10.880424578252248
2,82.5,-11.261472849880194
2,83.0,-12.235565243427862
2,83.5,-13.987548067741429
2,84.0,-16.705599360207156
2,84.5,-20.4619120079816
2,85.0,-22.658088303360877
2,85.5,-20.20599821077513
2,86.0,-17.111053153426592
2,86.5,-15.115580355925935
2,87.0,-14.04035495629363
2,87.5,-13.583540975587342
2,88.0,-13.458997963104231
2,88.5,-13.300293240035852
2,89.0,-12.805556114302869
2,89.5,-11.980501188249082
2,90.0,-11.044128073491642
2,90.5,-10.323446955794234
2,91.0,-10.034155937461742
2,91.5,-10.30511503518791
2,92.0,-11.236985979494754
2,92.5,-13.0636530126538
2,93.0,-15.90966320928359
2,93.5,-18.77797263037674
2,94.0,-18.23177655422395
2,94.5,-15.257681163146048
2,95.0,-13.03192893079467
2,95.5,-11.971242588274428
2,96.0,-12.018540171709132
2,96.5,-13.264096398614626
2,97.0,-15.93771600757202
2,97.5,-18.75091606029716
2,98.0,-16.386199438832303
2,98.5,-12.026375412021032
2,99.0,-8.78523704819382
2,99.5,-6.656357261037454
2,100.0,-5.621435565320645
3,0.0,-11.208027283256948
3,0.5,-11.049156349784882
3,1.0,-10.61395536003416
3,1.5,-9.94283666401995
3,2.0,-9.137139540780558
3,2.5,-8.284567492642468
3,3.0,-7.462300307971435
3,3.5,-6.752338474610863
3,4.0,-6.157677660999115
3,4.5,-5.73794293585743
3,5.0,-5.530154582033485
3,5.5,-5.561127939411945
3,6.0,-5.8533432632296245
3,6.5,-6.459859762887189
3,7.0,-7.407161941683007
3,7.5,-8.681652758415918
3,8.0,-10.33684993510675
3,8.5,-12.130075934086042
3,9.0,-13.478054506297058
3,9.5,-13.750080868723863
3,10.0,-13.167152095425322
3,10.5,-12.46800519651325
3,11.0,-12.17139390317795
3,11.5,-12.513275741834764
3,12.0,-13.64334105696514
3,12.5,-15.769199974526895
3,13.0,-19.76556040240292
3,13.5,-29.374233377586727
3,14.0,-34.08288371715531
3,14.5,-21.981828972188843
3,15.0,-18.15893948825194
3,15.5,-16.569130376642633
3,16.0,-16.261507889861942
3,16.5,-16.903518726207363
3,17.0,-18.165445493753072
3,17.5,-19.008521675827204
3,18.0,-18.148332822150127
3,18.5,-16.223922465617967
3,19.0,-14.52431659984998
3,19.5,-13.36462648601998
3,20.0,-12.779196759998204
3,20.5,-12.59799298237433
3,21.0,-12.491640397483254
3,21.5,-12.08241253200545
3,22.0,-11.192800354391055
3,22.5,-10.054339071370936
3,23.0,-9.05217604658028
3,23.5,-8.378785376364398
3,24.0,-8.211851355739807
3,24.5,-8.684626230949178
3,25.0,-9.95670472523364
3,25.5,-12.295044263999742
3,26.0,-16.639805026019935
3,26.5,-21.93435833593084
3,27.0,-17.977046343028373
3,27.5,-12.754110057103292
3,28.0,-9.736454533285388
3,28.5,-8.042613488948211
3,29.0,-7.245045995114211
3,29.5,-7.190747504847006
3,30.0,-7.839139871756661
3,30.5,-9.240064911684422
3,31.0,-11.533174606420182
3,31.5,-14.717475421032162
3,32.0,-17.292105404664493
3,32.5,-16.29465419325983
3,33.0,-13.59463736405024
3,33.5,-11.600708430817566
3,34.0,-10.34485973624743
3,34.5,-9.659532291540897
3,35.0,-9.313221042252462
3,35.5,-9.083669791499672
3,36.0,-8.83324341762353
3,36.5,-8.52670247645018
3,37.0,-8.275349179432093
3,37.5,-8.23869184793465
3,38.0,-8.577656782668056
3,38.5,-9.457962010860276
3,39.0,-11.12298467949111
3,39.5,-14.004254070987557
3,40.0,-19.254212485913925
3,40.5,-29.857738839669004
3,41.0,-21.622173314753965
3,41.5,-15.44613693526621
3,42.0,-12.56170293671067
3,42.5,-11.198068275494396
3,43.0,-10.791291021828057
3,43.5,-11.249392349777317
3,44.0,-12.567759232409117
3,44.5,-15.0442151863659
3,45.0,-18.99487787840999
3,45.5,-22.522918867909365
3,46.0,-19.891112432036778
3,46.5,-16.10948920026493
3,47.0,-13.634070247047111
3,47.5,-12.205500362927095
3,48.0,-11.5046660099654
3,48.5,-11.302747353732578
3,49.0,-11.421130502733195
3,49.5,-11.676957472905436
3,50.0,-11.860264190657112
3,50.5,-11.80165999873667
3,51.0,-11.444133851805598
3,51.5,-10.868771271327663
3,52.0,-10.210324151291347
3,52.5,-9.589508953666366
3,53.0,-9.101481327473302
3,53.5,-8.767856606521486
3,54.0,-8.637527440270292
3,54.5,-8.735864546853136
3,55.0,-9.063556477577436
3,55.5,-9.58609271074681
3,56.0,-10.280837994693604
3,56.5,-11.031073641846165
3,57.0,-11.686024848788811
3,57.5,-12.186628623083374
3,58.0,-12.516323600340304
3,58.5,-12.77377807087936
3,59.0,-13.066312835811429
3,59.5,-13.405804520939633
3,60.0,-13.718704513832792
3,60.5,-13.83762213015771
3,61.0,-13.687587388111709
3,61.5,-13.405960997765304
3,62.0,-13.255300827077075
3,62.5,-13.488985020861683
3,63.0,-14.34354403676555
3,63.5,-16.02216981249269
3,64.0,-18.91150021993245
3,64.5,-22.09488063058556
3,65.0,-21.006016626693626
3,65.5,-17.329931508110107
3,66.0,-14.73956593921952
3,66.5,-13.275918027220534
3,67.0,-12.833080891857447
3,67.5,-13.359550934187617
3,68.0,-14.797040971838843
3,68.5,-16.562249400436283
3,69.0,-16.6114580828067
3,69.5,-14.081673370080583
3,70.0,-11.317945602818144
3,70.5,-9.19012855920314
3,71.0,-7.825682017602514
3,71.5,-7.154047344112931
3,72.0,-7.110871130137183
3,72.5,-7.67973398261053
3,73.0,-8.96158061316833
3,73.5,-11.105761336107232
3,74.0,-14.542764986069528
3,74.5,-20.313232916536183
3,75.0,-26.653309164018
3,75.5,-21.71720342495771
3,76.0,-17.386277125401577
3,76.5,-15.476787549696017
3,77.0,-14.784397666284914
3,77.5,-14.92394996916394
3,78.0,-15.610152119334243
3,78.5,-16.491913876519945
3,79.0,-17.11369983961262
3,79.5,-17.16041504917572
3,80.0,-16.60790119684597
3,80.5,-15.6721597866474
3,81.0,-14.556826801644606
3,81.5,-13.431046633753738
3,82.0,-12.354048164677929
3,82.5,-11.486485800565385
3,83.0,-10.949501448625869
3,83.5,-10.786433160915871
3,84.0,-11.06283341176136
3,84.5,-11.799346010785076
3,85.0,-12.900809857250968
3,85.5,-14.001882989829245
3,86.0,-14.50946583646316
3,86.5,-14.010462444023966
3,87.0,-12.974841128902684
3,87.5,-12.07984970423844
3,88.0,-11.672954057641878
3,88.5,-11.863579130850228
3,89.0,-12.758759356974805
3,89.5,-14.460142391966125
3,90.0,-17.433150064225778
3,90.5,-22.69478603075455
3,91.0,-36.416862571977845
3,91.5,-29.39312848854748
3,92.0,-22.51324295791855
3,92.5,-19.868845544522905
3,93.0,-18.84304800267969
3,93.5,-18.695859989034933
3,94.0,-18.9722960083968
3,94.5,-19.325060521021896
3,95.0,-19.579603279005266
3,95.5,-19.831448877606334
3,96.0,-20.23108323005191
3,96.5,-20.66396141424547
3,97.0,-20.432556119987726
3,97.5,-18.981651560673143
3,98.0,-16.922435058129707
3,98.5,-15.117913612140285
3,99.0,-13.805575887137389
3,99.5,-13.117320698789705
3,100.0,-12.99010434673285
4,0.0,-26.56744005668881
4,0.5,-25.682631613272434
4,1.0,-23.613673708033968
4,1.5,-21.0819887330658
4,2.0,-18.653675248655624
4,2.5,-16.535165777184368
4,3.0,-14.778888321083109
4,3.5,-13.434389251450094
4,4.0,-12.412303323848436
4,4.5,-11.751262160479657
4,5.0,-11.463665839945314
4,5.5,-11.558991070167895
4,6.0,-12.053072138328504
4,6.5,-13.023465819615488
4,7.0,-14.499067249111969
4,7.5,-16.36739041433468
4,8.0,-18.201807463287054
4,8.5,-18.60334577605229
4,9.0,-17.18318201064432
4,9.5,-15.337931702195274
4,10.0,-13.961328174059837
4,10.5,-13.161842675952505
4,11.0,-13.015932120980937
4,11.5,-13.599940033641838
4,12.0,-15.07636206473432
4,12.5,-17.823995414338775
4,13.0,-23.565918422749
4,13.5,-29.78713059894138
4,14.0,-21.40245077854317
4,14.5,-15.912054979034956
4,15.0,-12.789563789618152
4,15.5,-10.862332503053198
4,16.0,-9.702251196707968
4,16.5,-9.159021451739951
4,17.0,-9.128723687847051
4,17.5,-9.619946611379737
4,18.0,-10.694203793099412
4,18.5,-12.477034107910535
4,19.0,-15.205964555080818
4,19.5,-20.006906357422025
4,20.0,-30.3945148509691
4,20.5,-26.83892605870759
4,21.0,-18.92124461552196
4,21.5,-15.260221955345214
4,22.0,-13.125362561523044
4,22.5,-11.788512009907176
4,23.0,-10.987010574141925
4,23.5,-10.508561621208964
4,24.0,-10.270847220005258
4,24.5,-10.193182608967012
4,25.0,-10.203697600338
4,25.5,-10.246961574729664
4,26.0,-10.287461500295576
4,26.5,-10.30662315144421
4,27.0,-10.309556588306531
4,27.5,-10.323785542643735
4,28.0,-10.394139266450036
4,28.5,-10.582405031234792
4,29.0,-10.95713585996106
4,29.5,-11.581965414328536
4,30.0,-12.602588106841493
4,30.5,-14.14301037934113
4,31.0,-16.415689171681507
4,31.5,-19.47842416762706
4,32.0,-21.695905971177275
4,32.5,-19.957654324475964
4,33.0,-16.629586468681424
4,33.5,-14.121892193715802
4,34.0,-12.400701876113263
4,34.5,-11.391153496435953
4,35.0,-11.009448485214833
4,35.5,-11.20643322373056
4,36.0,-11.959391300543135
4,36.5,-13.305292670048908
4,37.0,-15.023031566865898
4,37.5,-16.241167180104494
4,38.0,-15.82410749001047
4,38.5,-14.146059348930592
4,39.0,-12.482620145047576
4,39.5,-11.387315158925912
4,40.0,-10.99741653602853
4,40.5,-11.358247549063936
4,41.0,-12.62193685402399
4,41.5,-15.06400274586861
4,42.0,-18.28363238227646
4,42.5,-17.923763821206194
4,43.0,-13.64132942460464
4,43.5,-9.978751841575184
4,44.0,-7.493373963292123
4,44.5,-5.734784908274031
4,45.0,-4.586463812573286
4,45.5,-3.946608605218845
4,46.0,-3.7413774337385832
4,46.5,-3.928945386073436
4,47.0,-4.497615879158672
4,47.5,-5.416285876282953
4,48.0,-6.635066572738094
4,48.5,-8.00748629601135
4,49.0,-9.20864151573094
4,49.5,-9.930917544625418
4,50.0,-9.988582708230664
4,50.5,-9.64269824566753
4,51.0,-9.239646671592462
4,51.5,-9.013097435923084
4,52.0,-9.053751407645828
4,52.5,-9.36800320411123
4,53.0,-9.920592897071826
4,53.5,-10.721954868191704
4,54.0,-11.745285956279718
4,54.5,-13.02737709352976
4,55.0,-14.675977017154285
4,55.5,-16.888445287939422
4,56.0,-20.47384134043442
4,56.5,-27.617938321307584
4,57.0,-31.159602544209
4,57.5,-21.521711757677977
4,58.0,-16.432100732574067
4,58.5,-13.331467814864467
4,59.0,-11.24069632553246
4,59.5,-9.881271387586024
4,60.0,-9.030505703921532
4,60.5,-8.67892854551508
4,61.0,-8.838558686099717
4,61.5,-9.554982186907578
4,62.0,-10.921041885311457
4,62.5,-13.338343570482555
4,63.0,-17.627832980301946
4,63.5,-26.87409151491125
4,64.0,-25.045107684025385
4,64.5,-16.564264796309416
4,65.0,-12.679753408725372
4,65.5,-10.425047101667534
4,66.0,-9.12978267903486
4,66.5,-8.422120923439573
4,67.0,-8.185859115120488
4,67.5,-8.307939794896978
4,68.0,-8.657241391215258
4,68.5,-9.078079601491064
4,69.0,-9.45307801517752
4,69.5,-9.691959466343247
4,70.0,-9.828422422889291
4,70.5,-10.004587208027507
4,71.0,-10.372807976404252
4,71.5,-11.079331204072853
4,72.0,-12.23154335621778
4,72.5,-13.86438387616627
4,73.0,-16.06471712314368
4,73.5,-18.30985838340296
4,74.0,-19.195790485194184
4,74.5,-18.21339887553699
4,75.0,-16.76906081872483
4,75.5,-15.702155483085129
4,76.0,-15.22640183729493
4,76.5,-15.292861655684185
4,77.0,-15.800437980471887
4,77.5,-16.587218526033944
4,78.0,-17.409326552299802
4,78.5,-17.990560198536006
4,79.0,-18.192919336109416
4,79.5,-18.130884603511348
4,80.0,-17.97759905713819
4,80.5,-17.80737537284421
4,81.0,-17.550779651961673
4,81.5,-17.097739202777312
4,82.0,-16.377139872147037
4,82.5,-15.499693770505004
4,83.0,-14.651869236786643
4,83.5,-13.914313448738442
4,84.0,-13.38800928836899
4,84.5,-13.10902761301113
4,85.0,-13.07913447394351
4,85.5,-13.289136936081851
4,86.0,-13.750912505652002
4,86.5,-14.46765828988374
4,87.0,-15.478914566874938
4,87.5,-16.856588992013435
4,88.0,-18.70172637951213
4,88.5,-21.455090876475595
4,89.0,-25.529725355106947
4,89.5,-28.33330043209434
4,90.0,-24.219162761407546
4,90.5,-19.44526329478349
4,91.0,-16.097883917692684
4,91.5,-13.704492492389646
4,92.0,-12.050411766847562
4,92.5,-10.91038683598462
4,93.0,-10.29483150993437
4,93.5,-10.218568954486123
4,94.0,-10.747573783123627
4,94.5,-12.046292080795237
4,95.0,-14.52160224391626
4,95.5,-19.28546254961653
4,96.0,-28.689501481903697
4,96.5,-22.40814871669529
4,97.0,-15.5033309136489
4,97.5,-12.166985432923708
4,98.0,-10.35544626901366
4,98.5,-9.593464811916046
4,99.0,-9.69765766121634
4,99.5,-10.762337558540482
4,100.0,-12.2805701834197
5,0.0,-14.42937504060691
5,0.5,-14.417448695733516
5,1.0,-14.355353987850894
5,1.5,-14.165941511380606
5,2.0,-13.77958214124469
5,2.5,-13.18228620271989
5,3.0,-12.45848585695949
5,3.5,-11.763914327293651
5,4.0,-11.193324686917762
5,4.5,-10.880961224065306
5,5.0,-10.928305759116196
5,5.5,-11.421234058125595
5,6.0,-12.446011410099867
5,6.5,-14.264751563436167
5,7.0,-17.23949685776719
5,7.5,-22.15514712455752
5,8.0,-28.10302755912436
5,8.5,-23.58674085395428
5,9.0,-18.812084752675396
5,9.5,-16.376761948900608
5,10.0,-15.34523829444132
5,10.5,-15.310911935615133
5,11.0,-16.25752622954855
5,11.5,-18.406102346980223
5,12.0,-22.456433401338803
5,12.5,-31.467405709863414
5,13.0,-33.058550767334566
5,13.5,-23.682373252477056
5,14.0,-20.14940524195286
5,14.5,-18.491262727253893
5,15.0,-18.01812491165533
5,15.5,-18.499685214574
5,16.0,-19.89553546795681
5,16.5,-22.3302091312017
5,17.0,-26.670827365773395
5,17.5,-33.49238518264675
5,18.0,-30.149337077500498
5,18.5,-23.564569264212818
5,19.0,-19.64273375672621
5,19.5,-16.863372598389315
5,20.0,-14.899332545710958
5,20.5,-13.64096714994364
5,21.0,-12.982102992083616
5,21.5,-13.012673763976892
5,22.0,-13.898487629332951
5,22.5,-15.964325106670431
5,23.0,-19.85089762120494
5,23.5,-24.299032438733654
5,24.0,-19.754808327371386
5,24.5,-14.469767861448783
5,25.0,-11.257080954675915
5,25.5,-9.361894572671304
5,26.0,-8.29186691858595
5,26.5,-7.955515165417621
5,27.0,-8.295203399610669
5,27.5,-9.347641099162
5,28.0,-11.13210092185743
5,28.5,-13.478718670055184
5,29.0,-15.227810415218531
5,29.5,-14.763361947964484
5,30.0,-13.060851016531794
5,30.5,-11.752807098475673
5,31.0,-11.322053757261058
5,31.5,-11.819363138275442
5,32.0,-13.185284982609328
5,32.5,-15.008474641050396
5,33.0,-15.286359199236625
5,33.5,-13.134575579141814
5,34.0,-10.53576751826649
5,34.5,-8.664042658284156
5,35.0,-7.649668494014119
5,35.5,-7.450057408789412
5,36.0,-8.082709981087687
5,36.5,-9.741608652696112
5,37.0,-12.637122067733106
5,37.5,-15.627240695276909
5,38.0,-14.063415562769048
5,38.5,-10.009700988498397
5,39.0,-6.991312323774274
5,39.5,-5.029496868350456
5,40.0,-3.895210757918506
5,40.5,-3.3596612485484
5,41.0,-3.380989959482692
5,41.5,-3.944023615975032
5,42.0,-5.056484839398024
5,42.5,-6.736143723647088
5,43.0,-9.241653310614248
5,43.5,-12.796817446087374
5,44.0,-17.310283404659867
5,44.5,-19.369658594271755
5,45.0,-16.300887567310262
5,45.5,-13.33382853541896
5,46.0,-11.500100692479608
5,46.5,-10.533449771967057
5,47.0,-10.203022352671372
5,47.5,-10.518221247733004
5,48.0,-11.618033703279515
5,48.5,-13.853291113494048
5,49.0,-18.181334165291474
5,49.5,-26.79858347903319
5,50.0,-20.4341087839749
5,50.5,-13.583433948274832
5,51.0,-9.81434541571908
5,51.5,-7.494445741014906
5,52.0,-6.100168207721191
5,52.5,-5.4048876231125
5,53.0,-5.335926722710311
5,53.5,-5.893520164319411
5,54.0,-7.16673469464102
5,54.5,-9.410593684271127
5,55.0,-13.245092441619237
5,55.5,-21.114413586808872
5,56.0,-27.48393922759623
5,56.5,-16.210492065199688
5,57.0,-11.908359561731125
5,57.5,-9.625829348608995
5,58.0,-8.445618333396256
5,58.5,-8.01251595292742
5,59.0,-8.136710396393065
5,59.5,-8.698235449737679
5,60.0,-9.648191899892938
5,60.5,-10.872287349366635
5,61.0,-12.227659373232456
5,61.5,-13.501188471089868
5,62.0,-14.43705451479333
5,62.5,-14.973849784598338
5,63.0,-15.155557717533016
5,63.5,-15.169758867528646
5,64.0,-15.201662675148356
5,64.5,-15.373014131053386
5,65.0,-15.743270601013696
5,65.5,-16.27701136063986
5,66.0,-16.79906745918783
5,66.5,-17.050381945772823
5,67.0,-16.784703907274242
5,67.5,-16.077285091550735
5,68.0,-15.251723755528168
5,68.5,-14.589937693688372
5,69.0,-14.162818193408071
5,69.5,-13.98072981233498
5,70.0,-13.95743418045486
5,70.5,-13.976494592676492
5,71.0,-13.979285147156403
5,71.5,-14.03504386618062
5,72.0,-14.33968180206681
5,72.5,-15.14384489655943
5,73.0,-16.83460469775702
5,73.5,-19.486176769852744
5,74.0,-20.41012333027933
5,74.5,-16.686156722374164
5,75.0,-12.602327413866156
5,75.5,-9.485368556652192
5,76.0,-7.274205971306037
5,76.5,-5.806378276998075
5,77.0,-4.866184728333523
5,77.5,-4.434080043848604
5,78.0,-4.49053831644244
5,78.5,-5.024754714724748
5,79.0,-6.030870796058469
5,79.5,-7.630920376377149
5,80.0,-9.90222663459177
5,80.5,-13.073264646793776
5,81.0,-17.58985545071243
5,81.5,-24.5879872530138
5,82.0,-32.53411791370056
5,82.5,-25.748548216192734
5,83.0,-20.654407535317965
5,83.5,-16.96356732390331
5,84.0,-13.922951551592648
5,84.5,-11.460701651544646
5,85.0,-9.573749892798324
5,85.5,-8.288252544982122
5,86.0,-7.502011020272481
5,86.5,-7.244240090393343
5,87.0,-7.536545860942552
5,87.5,-8.410041117596272
5,88.0,-9.903748070830462
5,88.5,-12.25115917038048
5,89.0,-15.460905569079202
5,89.5,-18.25311064461897
5,90.0,-17.597791378582198
5,90.5,-14.880392919760272
5,91.0,-12.663982397987152
5,91.5,-11.168759470691253
5,92.0,-10.190131519067776
5,92.5,-9.43935373480458
5,93.0,-8.7825883578699
5,93.5,-8.156895923146966
5,94.0,-7.5275963486242174
5,94.5,-6.974701231097619
5,95.0,-6.576060683094171
5,95.5,-6.390677597009919
5,96.0,-6.459782869056757
5,96.5,-6.818837386490763
5,97.0,-7.490369629146932
5,97.5,-8.504516861764408
5,98.0,-9.87293663355441
5,98.5,-11.533607014027352
5,99.0,-13.464389117763504
5,99.5,-15.18618094197548
5,100.0,-15.90989722998111
6,0.0,-26.209948261299488
6,0.5,-21.509836539868108
6,1.0,-16.92633204239474
6,1.5,-14.200639570318422
6,2.0,-12.59680186605971
6,2.5,-11.65973649751139
6,3.0,-11.069826208909918
6,3.5,-10.61984172589058
6,4.0,-10.167080441836896
6,4.5,-9.751492295689582
6,5.0,-9.502455327768276
6,5.5,-9.565356264324798
6,6.0,-10.043509329923618
6,6.5,-11.017363051059782
6,7.0,-12.324836163583416
6,7.5,-13.283282338924078
6,8.0,-12.959925074086737
6,8.5,-11.477194922308556
6,9.0,-9.879254465864308
6,9.5,-8.753418276413486
6,10.0,-8.271523646058451
6,10.5,-8.453097823242564
6,11.0,-9.381881094153876
6,11.5,-11.236173085902063
6,12.0,-14.360630306320658
6,12.5,-19.35932455794684
6,13.0,-24.24964310377105
6,13.5,-20.572226004957045
6,14.0,-17.021766730206412
6,14.5,-15.521620809366103
6,15.0,-15.513144048238154
6,15.5,-16.639107722946896
6,16.0,-18.00444706493967
6,16.5,-17.601878770771005
6,17.0,-15.27383047627646
6,17.5,-12.968492682843268
6,18.0,-11.481042073232109
6,18.5,-10.873526417356386
6,19.0,-11.156826242336084
6,19.5,-12.486612240582364
6,20.0,-15.26226948205724
6,20.5,-20.252517869990267
6,21.0,-23.126957816879344
6,21.5,-17.18586744111786
6,22.0,-12.804676357609347
6,22.5,-10.218648776201132
6,23.0,-8.726346788813313
6,23.5,-7.89281005574001
6,24.0,-7.589152560828283
6,24.5,-7.717732941948543
6,25.0,-8.206139598097696
6,25.5,-9.005187450662566
6,26.0,-10.191451408519448
6,26.5,-11.838472999773584
6,27.0,-14.072068553601902
6,27.5,-17.269183268823145
6,28.0,-20.48102153020972
6,28.5,-19.586326881813168
6,29.0,-16.078703248495525
6,29.5,-13.393753979070413
6,30.0,-11.61904467039643
6,30.5,-10.611786283706058
6,31.0,-10.189105307985646
6,31.5,-10.14142729913454
6,32.0,-10.206105197922266
6,32.5,-10.075182504658446
6,33.0,-9.572874846428972
6,33.5,-8.835077461854556
6,34.0,-8.09775608535315
6,34.5,-7.623542259429457
6,35.0,-7.572271210676972
6,35.5,-8.03462403995937
6,36.0,-9.06610471569989
6,36.5,-10.818462857155632
6,37.0,-13.206119151881154
6,37.5,-15.254371042702047
6,38.0,-15.001399447452451
6,38.5,-12.876439613391112
6,39.0,-10.8648650904407
6,39.5,-9.524795162745969
6,40.0,-8.847552595525023
6,40.5,-8.693962396553017
6,41.0,-9.00043021936689
6,41.5,-9.694694335719786
6,42.0,-10.680654116816712
6,42.5,-11.821164151777053
6,43.0,-13.0884845687497
6,43.5,-14.404856639265525
6,44.0,-15.795496720499996
6,44.5,-17.55220156781447
6,45.0,-19.983724361679386
6,45.5,-23.82478624555178
6,46.0,-31.62653839238
6,46.5,-39.87259486861461
6,47.0,-27.67744352489174
6,47.5,-22.877944029300217
6,48.0,-20.325307760868057
6,48.5,-18.75552657319276
6,49.0,-17.776703582511
6,49.5,-17.124163345234823
6,50.0,-16.73129283989872
6,50.5,-16.561529573566954
6,51.0,-16.585362509188958
6,51.5,-16.787307923188685
6,52.0,-17.134473918624167
6,52.5,-17.582588449005858
6,53.0,-18.099388341336045
6,53.5,-18.754053914302816
6,54.0,-19.59333468949697
6,54.5,-20.55159390934378
6,55.0,-21.07471400355224
6,55.5,-20.256743455240837
6,56.0,-18.14799407598978
6,56.5,-15.816042004066537
6,57.0,-13.938031007930205
6,57.5,-12.563588435718971
6,58.0,-11.773643423577589
6,58.5,-11.58234302540015
6,59.0,-11.981514632303794
6,59.5,-12.907574893521796
6,60.0,-14.158758278524866
6,60.5,-14.866385840561572
6,61.0,-14.046470583535983
6,61.5,-12.219136302747328
6,62.0,-10.486465515375286
6,62.5,-9.1925141728265
6,63.0,-8.476474918735171
6,63.5,-8.34258820222356
6,64.0,-8.77406738780043
6,64.5,-9.749547421633274
6,65.0,-11.126869675457964
6,65.5,-12.34274010977215
6,66.0,-12.425638992659897
6,66.5,-11.214486188521764
6,67.0,-9.62180995562554
6,67.5,-8.320418480345767
6,68.0,-7.494765019003798
6,68.5,-7.168842721981863
6,69.0,-7.300114002989858
6,69.5,-7.874200344086386
6,70.0,-8.830619293613614
6,70.5,-10.162815362577604
6,71.0,-11.675418120354008
6,71.5,-13.01221925194852
6,72.0,-13.736081759378736
6,72.5,-13.735218611383496
6,73.0,-13.34789865508158
6,73.5,-12.941718483813451
6,74.0,-12.683775179379186
6,74.5,-12.564220590572072
6,75.0,-12.482217900406654
6,75.5,-12.286674686930857
6,76.0,-11.86364815690385
6,76.5,-11.208584119583952
6,77.0,-10.355792825216026
6,77.5,-9.444218652563896
6,78.0,-8.584019458430253
6,78.5,-7.8518435871984
6,79.0,-7.3134341568206
6,79.5,-6.966014619259431
6,80.0,-6.8450451054933605
6,80.5,-6.965496370599408
6,81.0,-7.323481077094303
6,81.5,-7.889091143513304
6,82.0,-8.663499196064326
6,82.5,-9.563481344516791
6,83.0,-10.460777132914483
6,83.5,-11.298946839320612
6,84.0,-11.989450923632267
6,84.5,-12.57538019070662
6,85.0,-13.197735584822633
6,85.5,-14.000397450207483
6,86.0,-15.195592554277402
6,86.5,-16.908858255115344
6,87.0,-19.32159855418688
6,87.5,-22.58504219673307
6,88.0,-26.164550473624047
6,88.5,-26.969701487537776
6,89.0,-23.75144789383711
6,89.5,-20.17362797480845
6,90.0,-16.98190217579952
6,90.5,-14.26251538280015
6,91.0,-12.001793625576342
6,91.5,-10.192974105168444
6,92.0,-8.882050351886976
6,92.5,-7.994745138328712
6,93.0,-7.589889216930055
6,93.5,-7.702467368837451
6,94.0,-8.416229552333197
6,94.5,-9.87065741764043
6,95.0,-12.359992036929889
6,95.5,-16.230138108303944
6,96.0,-19.48566539800261
6,96.5,-16.825586296399884
6,97.0,-12.95509712294494
6,97.5,-10.54471972820157
6,98.0,-9.27830600292545
6,98.5,-8.934471165155376
6,99.0,-9.426861571655168
6,99.5,-10.839953208525491
6,100.0,-12.538013643549604
7,0.0,-10.418714861013465
7,0.5,-10.82519020310977
7,1.0,-12.002128635734516
7,1.5,-13.878680869763102
7,2.0,-15.448343698032412
7,2.5,-14.846432472592296
7,3.0,-12.687933881100324
7,3.5,-10.769135963333076
7,4.0,-9.516990612908998
7,4.5,-9.028155236655126
7,5.0,-9.322357966952934
7,5.5,-10.47312584291897
7,6.0,-12.689128438625694
7,6.5,-16.996778365258564
7,7.0,-29.08971919466692
7,7.5,-26.271175644766743
7,8.0,-16.502753492193882
7,8.5,-12.688529280862989
7,9.0,-10.668825211626888
7,9.5,-9.628324598939765
7,10.0,-9.287303035694682
7,10.5,-9.478160520213434
7,11.0,-10.124703746860778
7,11.5,-11.167086067901424
7,12.0,-12.528294069923035
7,12.5,-14.074385671211296
7,13.0,-15.781865482502242
7,13.5,-17.428853680146716
7,14.0,-18.70896622158126
7,14.5,-19.360246888292117
7,15.0,-19.19161438033037
7,15.5,-18.468462752433343
7,16.0,-17.67012828710746
7,16.5,-17.15464777487739
7,17.0,-17.078706079419185
7,17.5,-17.54920936809928
7,18.0,-18.557329372400947
7,18.5,-19.70942340362107
7,19.0,-19.86217877117624
7,19.5,-18.23242526653156
7,20.0,-15.79840849111672
7,20.5,-13.607941661328615
7,21.0,-11.780076891724992
7,21.5,-10.358081262351604
7,22.0,-9.270419964738537
7,22.5,-8.433273046131921
7,23.0,-7.802876187113869
7,23.5,-7.292346403809689
7,24.0,-6.89420619133602
7,24.5,-6.603744834653938
7,25.0,-6.43039186117703
7,25.5,-6.400270944106636
7,26.0,-6.54672152944084
7,26.5,-6.913014707536906
7,27.0,-7.53142652724078
7,27.5,-8.508906758266438
7,28.0,-9.921160880167657
7,28.5,-11.923003450863572
7,29.0,-14.68298195822786
7,29.5,-17.91770976879203
7,30.0,-19.3121170384924
7,30.5,-16.89515683677047
7,31.0,-13.9254492181883
7,31.5,-11.771464375509362
7,32.0,-10.4166017002198
7,32.5,-9.633558580766904
7,33.0,-9.385318135974453
7,33.5,-9.637947850638168
7,34.0,-10.427258275128414
7,34.5,-11.810549724878411
7,35.0,-13.902754351295954
7,35.5,-16.652847035218393
7,36.0,-18.840195535091123
7,36.5,-18.11809886348463
7,37.0,-15.564540408092348
7,37.5,-13.412671752889802
7,38.0,-11.933376272399954
7,38.5,-11.122430666399875
7,39.0,-10.919690726325207
7,39.5,-11.299493185015663
7,40.0,-12.292856301670469
7,40.5,-14.150731018852705
7,41.0,-17.285068597132295
7,41.5,-22.228675709464845
7,42.0,-22.70024702490265
7,42.5,-16.984068720995047
7,43.0,-12.603814646945022
7,43.5,-9.598360822766
7,44.0,-7.490658832671507
7,44.5,-5.894317008009004
7,45.0,-4.756975074625172
7,45.5,-4.032027718915788
7,46.0,-3.69445892741144
7,46.5,-3.753864068978205
7,47.0,-4.254688450907223
7,47.5,-5.2754138562781785
7,48.0,-6.98528616954293
7,48.5,-9.688559184161592
7,49.0,-13.971994944495329
7,49.5,-20.177651749837345
7,50.0,-17.83418430696919
7,50.5,-12.576277160609871
7,51.0,-9.525313234353122
7,51.5,-7.869888919267566
7,52.0,-7.17042189190786
7,52.5,-7.240330857414889
7,53.0,-8.035183389796462
7,53.5,-9.713423841641392
7,54.0,-12.555376754353508
7,54.5,-17.26564647878333
7,55.0,-21.915087178053884
7,55.5,-18.358494752284965
7,56.0,-14.065871924245505
7,56.5,-11.680472149590106
7,57.0,-10.5574903512682
7,57.5,-10.289941699456556
7,58.0,-10.788801725683074
7,58.5,-12.060222536959412
7,59.0,-14.170206603533794
7,59.5,-17.157007849708176
7,60.0,-20.911583736980496
7,60.5,-22.788115717467225
7,61.0,-21.273312165042515
7,61.5,-19.624654637961505
7,62.0,-19.0582241545828
7,62.5,-19.432324223548363
7,63.0,-20.260892203151613
7,63.5,-20.40571265393275
7,64.0,-19.04312715950895
7,64.5,-16.99409039628526
7,65.0,-15.22271512512092
7,65.5,-14.001498809180257
7,66.0,-13.325259047467522
7,66.5,-13.02385648995967
7,67.0,-12.917921320713075
7,67.5,-12.744605196998176
7,68.0,-12.305385427660951
7,68.5,-11.642299416511268
7,69.0,-10.93504212611037
7,69.5,-10.455119528442026
7,70.0,-10.403643389061996
7,70.5,-10.953055022653306
7,71.0,-12.324121177777569
7,71.5,-14.906667221886485
7,72.0,-18.783835971627585
7,72.5,-19.351331675652084
7,73.0,-14.677402818202918
7,73.5,-10.727303275681065
7,74.0,-8.10743659246627
7,74.5,-6.390352601074668
7,75.0,-5.380817010554903
7,75.5,-4.897644898966128
7,76.0,-4.916308300357082
7,76.5,-5.402401105406542
7,77.0,-6.394170357051269
7,77.5,-7.903577274703425
7,78.0,-9.967625050318125
7,78.5,-12.509648427865551
7,79.0,-15.006777469084389
7,79.5,-16.53616952744859
7,80.0,-16.608288376954206
7,80.5,-16.27863157496422
7,81.0,-16.441199258568968
7,81.5,-17.28452672988623
7,82.0,-18.471897566433285
7,82.5,-18.58151544142829
7,83.0,-16.71383533211671
7,83.5,-14.034818718817784
7,84.0,-11.67262875018159
7,84.5,-9.84463511730148
7,85.0,-8.492712087988032
7,85.5,-7.576596739537575
7,86.0,-6.98896597707042
7,86.5,-6.73138401383312
7,87.0,-6.801914093280282
7,87.5,-7.20023896892727
7,88.0,-7.919642409373591
7,88.5,-9.021930472498108
7,89.0,-10.480717576599927
7,89.5,-12.16615037888243
7,90.0,-13.927224729947923
7,90.5,-15.26214778264142
7,91.0,-15.896727534662944
7,91.5,-16.198030222643947
7,92.0,-16.771449338963336
7,92.5,-18.193552062197963
7,93.0,-20.958884181365462
7,93.5,-24.63910340234823
7,94.0,-23.57631364759763
7,94.5,-18.784318056117577
7,95.0,-15.307309652497318
7,95.5,-13.097150792308405
7,96.0,-11.828804230162008
7,96.5,-11.23161692228008
7,97.0,-11.264874968377525
7,97.5,-11.938177941880683
7,98.0,-13.32542906940736
7,98.5,-15.606169679877263
7,99.0,-19.65610483620872
7,99.5,-27.50167370746556
7,100.0,-29.34764956654493
8,0.0,-12.007798037013035
8,0.5,-12.244137221633942
8,1.0,-12.933457199390304
8,1.5,-14.129276150787463
8,2.0,-15.787726362618503
8,2.5,-17.732366698037474
8,3.0,-19.34699302253684
8,3.5,-19.742367707019323
8,4.0,-18.98713744255121
8,4.5,-17.937738852522305
8,5.0,-17.138295127369737
8,5.5,-16.709930074043605
8,6.0,-16.630618809495978
8,6.5,-16.839158815640943
8,7.0,-17.29055089884449
8,7.5,-17.93995598642439
8,8.0,-18.82955307184845
8,8.5,-19.95439022707881
8,9.0,-21.31414594042676
8,9.5,-22.816746263787504
8,10.0,-24.189584177432305
8,10.5,-25.21633622408616
8,11.0,-25.792969090440337
8,11.5,-26.210400805820345
8,12.0,-26.774780384102403
8,12.5,-27.38079797452497
8,13.0,-27.419197106776217
8,13.5,-26.374686355965228
8,14.0,-24.831945186529204
8,14.5,-23.514470376083526
8,15.0,-22.88030031806264
8,15.5,-23.13010525840774
8,16.0,-24.35141701345174
8,16.5,-26.1739131737532
8,17.0,-26.50644562246708
8,17.5,-23.78935942949262
8,18.0,-20.616182515684983
8,18.5,-18.31013799203195
8,19.0,-16.959032958138227
8,19.5,-16.401531307458324
8,20.0,-16.675335599639308
8,20.5,-17.849402637699065
8,21.0,-20.29755237081747
8,21.5,-24.589110368293028
8,22.0,-28.752267134633723
8,22.5,-25.217050261970517
8,23.0,-21.19051456933612
8,23.5,-18.98439736756104
8,24.0,-18.117360167760573
8,24.5,-18.246301612494943
8,25.0,-18.98627904859339
8,25.5,-19.569439207785603
8,26.0,-19.090600884363283
8,26.5,-17.730860313982088
8,27.0,-16.52162837841789
8,27.5,-16.016734231676306
8,28.0,-16.571713505060973
8,28.5,-18.544965921233327
8,29.0,-21.428464469038776
8,29.5,-20.054727169204558
8,30.0,-15.04628763807959
8,30.5,-11.11003769651709
8,31.0,-8.424253732924006
8,31.5,-6.627660963489434
8,32.0,-5.563626450595376
8,32.5,-5.067977854104477
8,33.0,-5.1334597328371725
8,33.5,-5.738427956589986
8,34.0,-6.948045902189395
8,34.5,-8.786336209907912
8,35.0,-11.260384649130588
8,35.5,-14.030658061361388
8,36.0,-15.92822037564041
8,36.5,-16.198247715112498
8,37.0,-15.754697694359423
8,37.5,-15.466683279373944
8,38.0,-14.96623338864292
8,38.5,-13.514306511398493
8,39.0,-11.285650717572905
8,39.5,-9.107489553147646
8,40.0,-7.483434259383099
8,40.5,-6.446835630667846
8,41.0,-6.093666943178222
8,41.5,-6.511624943813254
8,42.0,-7.863251576971741
8,42.5,-10.513801387877017
8,43.0,-16.068292128890544
8,43.5,-22.490282671015084
8,44.0,-14.726218860370944
8,44.5,-9.39091983643345
8,45.0,-6.548377652717268
8,45.5,-5.02289083001387
8,46.0,-4.40043602086703
8,46.5,-4.546737408544246
8,47.0,-5.471211676301843
8,47.5,-7.290238442644123
8,48.0,-10.323952437300491
8,48.5,-14.78376171106444
8,49.0,-16.950940005547483
8,49.5,-13.349375770880394
8,50.0,-9.967793399035113
8,50.5,-7.98922777554153
8,51.0,-6.843965922566909
8,51.5,-6.277158036122642
8,52.0,-6.063466719369624
8,52.5,-6.010542032138353
8,53.0,-5.998667933570516
8,53.5,-6.005464455494208
8,54.0,-6.109758632070924
8,54.5,-6.45427340061036
8,55.0,-7.191068264205821
8,55.5,-8.449930747814586
8,56.0,-10.514528052533992
8,56.5,-13.47634933217073
8,57.0,-16.091528363106256
8,57.5,-14.98092449463002
8,58.0,-11.710661923110868
8,58.5,-9.084620450942133
8,59.0,-7.326024343100983
8,59.5,-6.287891875971269
8,60.0,-5.776920795564598
8,60.5,-5.765610622847148
8,61.0,-6.259956479720264
8,61.5,-7.301943202999459
8,62.0,-8.947440540554528
8,62.5,-11.370994012759397
8,63.0,-13.756787220452066
8,63.5,-13.32472989419796
8,64.0,-10.262006304901352
8,64.5,-7.314649136382869
8,65.0,-5.143883593362769
8,65.5,-3.649272055811962
8,66.0,-2.747856584170227
8,66.5,-2.314541314286912
8,67.0,-2.346544302703824
8,67.5,-2.852134810670852
8,68.0,-3.850898528336751
8,68.5,-5.3635429770863405
8,69.0,-7.622864162500292
8,69.5,-10.868820104536304
8,70.0,-15.692400967092166
8,70.5,-26.28886099896792
8,71.0,-31.05701467302922
8,71.5,-20.3635801309882
8,72.0,-17.31004611593023
8,72.5,-16.234168654043707
8,73.0,-16.011516426480814
8,73.5,-16.136946103843833
8,74.0,-16.231622072821732
8,74.5,-16.167997792837575
8,75.0,-16.08824472331976
8,75.5,-16.21503124217142
8,76.0,-16.697205672737677
8,76.5,-17.51626875022295
8,77.0,-18.5160389726085
8,77.5,-19.17499528263264
8,78.0,-18.93754318165045
8,78.5,-17.848922194580208
8,79.0,-16.412430205748247
8,79.5,-14.881360035686312
8,80.0,-13.44636413508996
8,80.5,-12.19574452152165
8,81.0,-11.209025807108858
8,81.5,-10.592606113153288
8,82.0,-10.4008734332712
8,82.5,-10.758969318532644
8,83.0,-11.775224896817836
8,83.5,-13.690253160866323
8,84.0,-16.34595210430029
8,84.5,-17.407569341068527
8,85.0,-14.707541575615158
8,85.5,-11.4568994853737
8,86.0,-8.992200579534469
8,86.5,-7.385056070660775
8,87.0,-6.506621190583749
8,87.5,-6.264815065213784
8,88.0,-6.637675391855984
8,88.5,-7.710987569053365
8,89.0,-9.648701402615115
8,89.5,-12.784362138426768
8,90.0,-18.50661235577816
8,90.5,-23.792226045113903
8,91.0,-17.475798235263365
8,91.5,-12.838278451204689
8,92.0,-10.389297647384096
8,92.5,-8.982977801236933
8,93.0,-8.317698493222357
8,93.5,-8.218797189156906
8,94.0,-8.585297494262374
8,94.5,-9.36753312107647
8,95.0,-10.537598674990184
8,95.5,-12.045578889647544
8,96.0,-13.740919495865544
8,96.5,-15.461832566776303
8,97.0,-16.620268481057277
8,97.5,-16.675263268068925
8,98.0,-15.771721333431069
8,98.5,-14.48952357329492
8,99.0,-13.131435638379196
8,99.5,-11.894511570885449
8,100.0,-11.105290648081487
9,0.0,-11.259470873852154
9,0.5,-11.45159489740215
9,1.0,-12.015299725236073
9,1.5,-13.011541080688362
9,2.0,-14.46650044367906
9,2.5,-16.459728343115533
9,3.0,-19.077501251343783
9,3.5,-22.329763345531177
9,4.0,-26.440576456648493
9,4.5,-30.791058569931803
9,5.0,-33.9722218830233
9,5.5,-35.24252980182684
9,6.0,-33.1052180489063
9,6.5,-28.6001125171185
9,7.0,-24.67405553253961
9,7.5,-21.95463342881724
9,8.0,-20.1353326648236
9,8.5,-19.17117857854368
9,9.0,-19.011222555079133
9,9.5,-19.600128033441784
9,10.0,-20.75059065016352
9,10.5,-21.816752373315992
9,11.0,-21.403147706367516
9,11.5,-19.484075066784342
9,12.0,-17.44320869751549
9,12.5,-16.001466254315396
9,13.0,-15.190257829056709
9,13.5,-15.041326449431027
9,14.0,-15.508155035128985
9,14.5,-16.54654799955735
9,15.0,-17.902873667663435
9,15.5,-18.975703887280105
9,16.0,-19.157344305365417
9,16.5,-18.73222433795908
9,17.0,-18.53577638460388
9,17.5,-19.27621424510518
9,18.0,-21.80553388299701
9,18.5,-28.829821907502332
9,19.0,-31.114198890655626
9,19.5,-20.43061880335681
9,20.0,-15.259753374487952
9,20.5,-12.242027839006669
9,21.0,-10.241874376941809
9,21.5,-9.017828442292512
9,22.0,-8.423898457641869
9,22.5,-8.36215879726991
9,23.0,-8.761345622801512
9,23.5,-9.56889174080091
9,24.0,-10.609923916942154
9,24.5,-11.540397283358471
9,25.0,-11.910754993922838
9,25.5,-11.574396921411635
9,26.0,-10.827621299727593
9,26.5,-10.073848191369466
9,27.0,-9.537736285919772
9,27.5,-9.241181103619486
9,28.0,-9.182633375357712
9,28.5,-9.317344681264414
9,29.0,-9.578007604959613
9,29.5,-9.87743951039642
9,30.0,-10.13111728405084
9,30.5,-10.206942741755736
9,31.0,-9.997231573701772
9,31.5,-9.501969635417112
9,32.0,-8.854231933250595
9,32.5,-8.18595718896489
9,33.0,-7.670979653578415
9,33.5,-7.427443166553955
9,34.0,-7.515468196727109
9,34.5,-7.9950810571027775
9,35.0,-8.914042776282772
9,35.5,-10.279283346539884
9,36.0,-11.984500030412017
9,36.5,-13.898471081946852
9,37.0,-15.47841957639393
9,37.5,-16.34432436672186
9,38.0,-16.92651445527296
9,38.5,-17.93421297783712
9,39.0,-19.73097885485298
9,39.5,-20.71677691739444
9,40.0,-18.09176753211249
9,40.5,-14.128647472075842
9,41.0,-10.97207395227585
9,41.5,-8.717508598700595
9,42.0,-7.160183825783571
9,42.5,-6.183737790685106
9,43.0,-5.612190939094692
9,43.5,-5.371956471665299
9,44.0,-5.350165652417783
9,44.5,-5.416677562444191
9,45.0,-5.455485484436579
9,45.5,-5.404139162002348
9,46.0,-5.290864470043478
9,46.5,-5.206693041750095
9,47.0,-5.245556579265817
9,47.5,-5.478484191208731
9,48.0,-5.933580106514316
9,48.5,-6.577674672779523
9,49.0,-7.304585199695391
9,49.5,-8.033961986146423
9,50.0,-8.636365621815639
9,50.5,-9.086312987440085
9,51.0,-9.514705217752269
9,51.5,-10.04509074145091
9,52.0,-10.750624355073164
9,52.5,-11.52608206514084
9,53.0,-12.015078160453529
9,53.5,-11.839597646240456
9,54.0,-10.996750420809654
9,54.5,-9.922499099862153
9,55.0,-9.023446051199892
9,55.5,-8.511156401401495
9,56.0,-8.432443040551268
9,56.5,-8.840973287431067
9,57.0,-9.737690109957816
9,57.5,-11.179648272130986
9,58.0,-12.963939728698298
9,58.5,-14.290983085525584
9,59.0,-13.943008274356282
9,59.5,-12.236334169388664
9,60.0,-10.31604395570226
9,60.5,-8.796349316091138
9,61.0,-7.786559086997109
9,61.5,-7.268102506459348
9,62.0,-7.233764187701778
9,62.5,-7.6942545345470785
9,63.0,-8.681010171491039
9,63.5,-10.160412538613704
9,64.0,-12.053584636572031
9,64.5,-13.522531676922467
9,65.0,-13.325549945242782
9,65.5,-11.847590273743904
9,66.0,-10.394483875806335
9,66.5,-9.43897951516719
9,67.0,-9.126284565188168
9,67.5,-9.457007601658514
9,68.0,-10.350698929666729
9,68.5,-11.537951099018052
9,69.0,-12.459202479525848
9,69.5,-12.32502402999768
9,70.0,-11.322934461464817
9,70.5,-10.22789487766748
9,71.0,-9.598894098131025
9,71.5,-9.663107648051476
9,72.0,-10.549216462175016
9,72.5,-12.436712814469663
9,73.0,-16.020563380598816
9,73.5,-22.184672570390333
9,74.0,-22.58354389395173
9,74.5,-16.676562034163226
9,75.0,-13.415032082060948
9,75.5,-11.761294917760644
9,76.0,-11.240064434846976
9,76.5,-11.601592298542956
9,77.0,-12.688821987874844
9,77.5,-14.05274179534206
9,78.0,-14.60456801004027
9,78.5,-13.642495960854191
9,79.0,-12.064802879080249
9,79.5,-10.710580164498978
9,80.0,-9.912932789399637
9,80.5,-9.692356015214322
9,81.0,-9.968390101010687
9,81.5,-10.606898620476183
9,82.0,-11.464676777217012
9,82.5,-12.284074883848255
9,83.0,-12.861118904161897
9,83.5,-13.230970157523224
9,84.0,-13.491166710794785
9,84.5,-13.627704548157274
9,85.0,-13.37249880184464
9,85.5,-12.483320982365862
9,86.0,-11.055960814763765
9,86.5,-9.552672816611276
9,87.0,-8.31156717483536
9,87.5,-7.475463776343799
9,88.0,-7.099622898171422
9,88.5,-7.15766485133183
9,89.0,-7.62163788088166
9,89.5,-8.363346929998015
9,90.0,-9.197784310751294
9,90.5,-9.754994651409648
9,91.0,-9.786235912114986
9,91.5,-9.442152721694562
9,92.0,-9.0958388832301
9,92.5,-9.024158945247589
9,93.0,-9.400958881901255
9,93.5,-10.287222108417849
9,94.0,-11.794148025911928
9,94.5,-13.903190679666032
9,95.0,-16.464032399869602
9,95.5,-18.900440738766427
9,96.0,-20.4954745894152
9,96.5,-21.81842919195612
9,97.0,-24.291569792507133
9,97.5,-28.136696745315334
9,98.0,-24.78368666893544
9,98.5,-18.744454414394784
9,99.0,-14.682624591414417
9,99.5,-12.068967584758957
9,100.0,-10.794345490199754
10,0.0,-34.69278837962271
10,0.5,-26.896319230697085
10,1.0,-21.35704167617141
10,1.5,-18.18425474635606
10,2.0,-16.19881865795592
10,2.5,-14.97316765545584
10,3.0,-14.311568113945793
10,3.5,-14.147544372623202
10,4.0,-14.460025850545923
10,4.5,-15.295936644006542
10,5.0,-16.781582393301132
10,5.5,-19.152611318591184
10,6.0,-22.87956322796932
10,6.5,-29.66381174198827
10,7.0,-31.80992956824608
10,7.5,-25.158980790027066
10,8.0,-21.32601135904088
10,8.5,-19.347506597822896
10,9.0,-18.524970060521333
10,9.5,-18.598401820044373
10,10.0,-19.487875212713146
10,10.5,-21.204612742701222
10,11.0,-23.095334521430782
10,11.5,-22.954700620400143
10,12.0,-20.40508391935465
10,12.5,-17.728035442090796
10,13.0,-15.632250058990431
10,13.5,-14.223978455575388
10,14.0,-13.45069802579731
10,14.5,-13.220904486441484
10,15.0,-13.56888936235433
10,15.5,-14.589850320451008
10,16.0,-16.477560414367474
10,16.5,-19.617648945228208
10,17.0,-25.05546990109754
10,17.5,-26.500556154589752
10,18.0,-20.356610379304364
10,18.5,-16.092298272929188
10,19.0,-13.478165092511514
10,19.5,-11.703143127552266
10,20.0,-10.568592218352013
10,20.5,-9.956970887908842
10,21.0,-9.759636413466117
10,21.5,-9.961900953978398
10,22.0,-10.556502350715071
10,22.5,-11.52457066146487
10,23.0,-12.793038023621502
10,23.5,-14.323432397450876
10,24.0,-15.782074321086068
10,24.5,-16.704026147710504
10,25.0,-16.899559717122038
10,25.5,-16.717101453983716
10,26.0,-16.652157181067476
10,26.5,-17.033996763040907
10,27.0,-17.98285207549783
10,27.5,-19.466308392436364
10,28.0,-20.601560786410914
10,28.5,-19.756016308919023
10,29.0,-17.34938159786334
10,29.5,-15.015212798716792
10,30.0,-13.188396188996068
10,30.5,-11.99534254760874
10,31.0,-11.428401440883889
10,31.5,-11.489728235761724
10,32.0,-12.24414485172931
10,32.5,-13.975291381335262
10,33.0,-17.264723599832415
10,33.5,-23.49613518595583
10,34.0,-24.66126374202524
10,34.5,-17.04602182569047
10,35.0,-12.620039173583097
10,35.5,-9.932853334387245
10,36.0,-8.305073054733889
10,36.5,-7.346461693184803
10,37.0,-6.97829107822292
10,37.5,-7.122753499267224
10,38.0,-7.704470281214663
10,38.5,-8.517755561908068
10,39.0,-9.07522008342464
10,39.5,-8.765777194019266
10,40.0,-7.589866009634774
10,40.5,-6.064095456240104
10,41.0,-4.710001289372393
10,41.5,-3.735939284080911
10,42.0,-3.191994794257061
10,42.5,-3.0996638820211566
10,43.0,-3.4756688656814325
10,43.5,-4.365905449621954
10,44.0,-5.797130231829853
10,44.5,-7.936789878142421
10,45.0,-10.58671253131667
10,45.5,-12.359578597643816
10,46.0,-11.372644423386548
10,46.5,-9.123891109508746
10,47.0,-7.190110378752086
10,47.5,-5.935375799540862
10,48.0,-5.315088208966599
10,48.5,-5.2497417939657165
10,49.0,-5.693644707350877
10,49.5,-6.672628261176004
10,50.0,-8.179801314599725
10,50.5,-10.09186859101992
10,51.0,-12.110239230488164
10,51.5,-13.098476923520678
10,52.0,-12.418156061760715
10,52.5,-11.079239876876024
10,53.0,-10.02300469231729
10,53.5,-9.44925135045857
10,54.0,-9.387805106129656
10,54.5,-9.7386978915924
10,55.0,-10.252165036077091
10,55.5,-10.504209625164018
10,56.0,-10.119950545189347
10,56.5,-9.150353621049916
10,57.0,-8.043099781022924
10,57.5,-7.0856815652468415
10,58.0,-6.483420131654631
10,58.5,-6.3135252957289945
10,59.0,-6.599841349145625
10,59.5,-7.3465234311440195
10,60.0,-8.630912959895863
10,60.5,-10.439800343018115
10,61.0,-12.655503128347345
10,61.5,-14.692677480994687
10,62.0,-15.49674631173971
10,62.5,-15.0325162471647
10,63.0,-14.31733801541928
10,63.5,-14.050221626518052
10,64.0,-14.413201436387023
10,64.5,-15.431796256417966
10,65.0,-17.031754050636955
10,65.5,-18.84768299207225
10,66.0,-19.937525473489263
10,66.5,-19.459582838504648
10,67.0,-17.746535538451603
10,67.5,-15.606830767926317
10,68.0,-13.439942879868935
10,68.5,-11.47749685252816
10,69.0,-9.71807645921868
10,69.5,-8.30711336085993
10,70.0,-7.327617058277551
10,70.5,-6.752986631664392
10,71.0,-6.644887890588102
10,71.5,-7.055640081234352
10,72.0,-8.039874145787145
10,72.5,-9.646399879378798
10,73.0,-12.102817065526102
10,73.5,-15.297831031175043
10,74.0,-17.8046577432367
10,74.5,-17.336769971780708
10,75.0,-15.683540534291904
10,75.5,-14.787477283132567
10,76.0,-15.07714071524015
10,76.5,-16.520171467160548
10,77.0,-18.46503271226021
10,77.5,-17.89514456874401
10,78.0,-14.597435720246692
10,78.5,-11.576606373976862
10,79.0,-9.58422832605343
10,79.5,-8.398104905723738
10,80.0,-7.979328938551817
10,80.5,-8.319319893044721
10,81.0,-9.474721860511252
10,81.5,-11.60619950801846
10,82.0,-15.494999974920471
10,82.5,-23.3819988503234
10,83.0,-26.5356114467063
10,83.5,-18.03677154509137
10,84.0,-14.210276060205093
10,84.5,-12.459666315634594
10,85.0,-11.863678352891204
10,85.5,-12.101000014589811
10,86.0,-13.020299682301928
10,86.5,-14.46275481108718
10,87.0,-16.19647959168685
10,87.5,-17.881340527023358
10,88.0,-19.23406886555556
10,88.5,-20.246487119966304
10,89.0,-20.349286545788043
10,89.5,-18.780270261836534
10,90.0,-16.08049271440919
10,90.5,-13.504434915182587
10,91.0,-11.55615899388945
10,91.5,-10.310347628840134
10,92.0,-9.793735816712832
10,92.5,-10.016283567126075
10,93.0,-11.120252186736092
10,93.5,-13.332632485182712
10,94.0,-17.39528065874069
10,94.5,-21.56025699954692
10,95.0,-17.964473939438935
10,95.5,-13.4704885746269
10,96.0,-10.946143736378373
10,96.5,-9.64740312986506
10,97.0,-9.375231035170922
10,97.5,-10.118147522804485
10,98.0,-12.069691711925596
10,98.5,-15.847042491690743
10,99.0,-23.67964661050497
10,99.5,-22.07657475880374
10,100.0,-16.153111065153187
11,0.0,-36.51458461113701
11,0.5,-28.402544802184217
11,1.0,-22.74047400978645
11,1.5,-19.40540100310425
11,2.0,-17.22804643963004
11,2.5,-15.798914368199208
11,3.0,-14.934982486538306
11,3.5,-14.577037823193749
11,4.0,-14.675806604205732
11,4.5,-15.239816414562654
11,5.0,-16.288791356135704
11,5.5,-17.821335681922008
11,6.0,-19.749382033109796
11,6.5,-22.0418913011212
11,7.0,-24.24809467603413
11,7.5,-25.816599763227224
11,8.0,-26.78441531320401
11,8.5,-27.43070691976053
11,9.0,-27.628938170862654
11,9.5,-26.800176403206137
11,10.0,-25.11611523002792
11,10.5,-23.30167653138276
11,11.0,-21.936685212793623
11,11.5,-21.19334638406512
11,12.0,-21.07775798965212
11,12.5,-21.555097977240564
11,13.0,-22.60526280626649
11,13.5,-24.08985576473246
11,14.0,-25.694530231008137
11,14.5,-27.175234772714752
11,15.0,-28.45662949746276
11,15.5,-30.142522488150824
11,16.0,-33.4259782402062
11,16.5,-41.33826998386054
11,17.0,-41.523111319731306
11,17.5,-32.21035304495754
11,18.0,-28.15573196933606
11,18.5,-26.004957589883347
11,19.0,-24.709763548090372
11,19.5,-23.312035772590804
11,20.0,-21.29946896201204
11,20.5,-18.95998898434523
11,21.0,-16.69544516487298
11,21.5,-14.900944881417024
11,22.0,-13.710316543338331
11,22.5,-13.168589415624918
11,23.0,-13.345332104614643
11,23.5,-14.413577465450226
11,24.0,-16.7363060215659
11,24.5,-21.282894568020065
11,25.0,-26.234270450495917
11,25.5,-21.04062596747344
11,26.0,-15.896191481930709
11,26.5,-13.009828302617748
11,27.0,-11.501389540140664
11,27.5,-10.917160549626931
11,28.0,-11.19582267387571
11,28.5,-12.389443890833052
11,29.0,-14.64868984485738
11,29.5,-18.098553416608283
11,30.0,-21.741506308690283
11,30.5,-20.91951047895917
11,31.0,-18.09382512887036
11,31.5,-16.550271114829393
11,32.0,-16.216937361003225
11,32.5,-16.161012345403165
11,33.0,-14.84347773337865
11,33.5,-12.13490682204292
11,34.0,-9.215810944806831
11,34.5,-6.871715466669031
11,35.0,-5.224828015653003
11,35.5,-4.235269521418377
11,36.0,-3.898235978519975
11,36.5,-4.225552056918582
11,37.0,-5.339876962020655
11,37.5,-7.443416782277064
11,38.0,-11.333468624068594
11,38.5,-17.44406417987355
11,39.0,-15.734357267607194
11,39.5,-9.995647187163629
11,40.0,-6.834254938652348
11,40.5,-5.084118503448603
11,41.0,-4.367148534626029
11,41.5,-4.539269658506565
11,42.0,-5.592920112358114
11,42.5,-7.62920886756724
11,43.0,-11.078770153437471
11,43.5,-14.85922233061264
11,44.0,-13.606169299337797
11,44.5,-9.833461393342777
11,45.0,-7.342740841616273
11,45.5,-6.127191982606763
11,46.0,-5.937311031058082
11,46.5,-6.729357476649235
11,47.0,-8.796244041689523
11,47.5,-13.016758620503968
11,48.0,-24.091229891543183
11,48.5,-19.279390260036767
11,49.0,-11.14843557281278
11,49.5,-7.434786539591922
11,50.0,-5.399142613004793
11,50.5,-4.3918631367739005
11,51.0,-4.095289795886551
11,51.5,-4.442416558408196
11,52.0,-5.429310076508326
11,52.5,-7.099088562342105
11,53.0,-9.533317986007065
11,53.5,-13.265706564072088
11,54.0,-19.100288718823084
11,54.5,-24.3347435839954
11,55.0,-19.8225219791775
11,55.5,-15.803442071542502
11,56.0,-13.384130125493945
11,56.5,-11.772881043642084
11,57.0,-10.60026609924193
11,57.5,-9.62979877688419
11,58.0,-8.85499251659105
11,58.5,-8.277477113173289
11,59.0,-7.887487046397474
11,59.5,-7.665637157702964
11,60.0,-7.553975846103371
11,60.5,-7.5177367720887105
11,61.0,-7.54446543685527
11,61.5,-7.66621717716767
11,62.0,-7.950990597910894
11,62.5,-8.520280598823962
11,63.0,-9.466757327032992
11,63.5,-10.7970665048279
11,64.0,-12.391734321632285
11,64.5,-13.33602146333258
11,65.0,-12.545309228808604
11,65.5,-10.637530063409182
11,66.0,-8.815320539723892
11,66.5,-7.404084849468836
11,67.0,-6.50757928441365
11,67.5,-6.089582811468439
11,68.0,-6.074419049901155
11,68.5,-6.369887141740591
11,69.0,-6.876875136435494
11,69.5,-7.433771233413673
11,70.0,-7.879424622741708
11,70.5,-8.188485775617112
11,71.0,-8.442169529013889
11,71.5,-8.840039496434736
11,72.0,-9.600462180736864
11,72.5,-10.915488355740344
11,73.0,-13.208249487493774
11,73.5,-17.183075177128032
11,74.0,-25.413240705515985
11,74.5,-26.05344801579774
11,75.0,-17.988510256245696
11,75.5,-14.06238248792054
11,76.0,-11.918456835773082
11,76.5,-10.789072584739984
11,77.0,-10.269770344020154
11,77.5,-10.209350543292963
11,78.0,-10.47598223501227
11,78.5,-10.951515615856955
11,79.0,-11.543911061284666
11,79.5,-12.278758337614894
11,80.0,-13.203715627238587
11,80.5,-14.461479068139552
11,81.0,-16.224634707525517
11,81.5,-18.56754595062411
11,82.0,-21.27417386949838
11,82.5,-22.159239670122638
11,83.0,-20.19499124092681
11,83.5,-17.68650806196494
11,84.0,-15.800764353554662
11,84.5,-14.530097283394769
11,85.0,-13.665536896719573
11,85.5,-13.03146121606531
11,86.0,-12.425232547055291
11,86.5,-11.77825077036026
11,87.0,-11.0899578395983
11,87.5,-10.421321100681082
11,88.0,-9.859273493140869
11,88.5,-9.419294297977872
11,89.0,-9.146284565968273
11,89.5,-9.058836320656695
11,90.0,-9.170153816442404
11,90.5,-9.516381850069884
11,91.0,-10.162528511026476
11,91.5,-11.19462164395228
11,92.0,-12.695105505845657
11,92.5,-14.904503460658804
11,93.0,-17.64004274216583
11,93.5,-19.15586011971108
11,94.0,-17.501760195161904
11,94.5,-14.784126124090516
11,95.0,-12.718525043699431
11,95.5,-11.46119198583782
11,96.0,-10.949040434742631
11,96.5,-11.10615646764572
11,97.0,-11.97378347447427
11,97.5,-13.694540962255603
11,98.0,-16.585931945916087
11,98.5,-21.51809162860136
11,99.0,-36.08702472484346
11,99.5,-28.33904846811358
11,100.0,-21.647029703734137
12,0.0,-33.730716520010304
12,0.5,-31.367741708335988
12,1.0,-26.968011458256136
12,1.5,-22.78823238615774
12,2.0,-19.491382608210404
12,2.5,-17.048294977258838
12,3.0,-15.328563143071843
12,3.5,-14.279599152007089
12,4.0,-13.784824583163145
12,4.5,-13.85763718204269
12,5.0,-14.514351918382186
12,5.5,-15.753150537697708
12,6.0,-17.459839762276395
12,6.5,-19.33982234576028
12,7.0,-20.30714445897685
12,7.5,-19.759533639731718
12,8.0,-18.589657438584968
12,8.5,-17.753158562267494
12,9.0,-17.597508548912472
12,9.5,-18.21158415973053
12,10.0,-19.63631674525807
12,10.5,-22.02917390015133
12,11.0,-24.84523293271342
12,11.5,-25.57242383522336
12,12.0,-23.547689911711547
12,12.5,-21.53893854153104
12,13.0,-20.42468117514798
12,13.5,-20.30508814392829
12,14.0,-21.155203587391348
12,14.5,-23.111798132709872
12,15.0,-25.980607283504455
12,15.5,-27.400379483630047
12,16.0,-25.094466466325706
12,16.5,-22.302532439895213
12,17.0,-20.432423130426656
12,17.5,-19.557178270079923
12,18.0,-19.57995590879219
12,18.5,-20.42512445932452
12,19.0,-21.92068714800948
12,19.5,-23.44424566011627
12,20.0,-23.32935776127021
12,20.5,-21.52273467905648
12,21.0,-19.563534844023152
12,21.5,-18.306413855957388
12,22.0,-17.95858198978273
12,22.5,-18.65242444692632
12,23.0,-20.67179974263338
12,23.5,-24.455379822163547
12,24.0,-24.841959441883574
12,24.5,-19.197080073932444
12,25.0,-14.68095484829775
12,25.5,-11.710738959232463
12,26.0,-9.60626384631602
12,26.5,-8.214855007623683
12,27.0,-7.444209097357485
12,27.5,-7.201508376806574
12,28.0,-7.519546753928354
12,28.5,-8.475578940520434
12,29.0,-10.19907586803223
12,29.5,-12.85160009349102
12,30.0,-16.605152721018072
12,30.5,-18.281078741568464
12,31.0,-15.1442706536053
12,31.5,-11.8831217122075
12,32.0,-9.826232259245716
12,32.5,-8.60269272326029
12,33.0,-8.067026844100964
12,33.5,-8.08965382336462
12,34.0,-8.577545361473074
12,34.5,-9.43323169657637
12,35.0,-10.525460624375578
12,35.5,-11.672034279380911
12,36.0,-12.70048691207578
12,36.5,-13.703517080529853
12,37.0,-14.870997335006043
12,37.5,-16.389094168872017
12,38.0,-18.038521901495248
12,38.5,-17.988809476869832
12,39.0,-15.41255108919209
12,39.5,-12.384064931644
12,40.0,-10.013293624191297
12,40.5,-8.22463691004227
12,41.0,-6.992647014063342
12,41.5,-6.2263335726484215
12,42.0,-5.829772697825782
12,42.5,-5.726185007114853
12,43.0,-5.827038766409164
12,43.5,-6.057297558005182
12,44.0,-6.347733971223554
12,44.5,-6.696630443212447
12,45.0,-7.128410815995282
12,45.5,-7.726182473582479
12,46.0,-8.591753466524294
12,46.5,-9.79721196910765
12,47.0,-11.508982362222556
12,47.5,-13.647269216070606
12,48.0,-15.596285223171993
12,48.5,-15.933548356759172
12,49.0,-14.543644465527263
12,49.5,-12.780319198620877
12,50.0,-11.43557061388436
12,50.5,-10.64780579059858
12,51.0,-10.32389550185382
12,51.5,-10.43065323481526
12,52.0,-10.92557941946255
12,52.5,-11.753108177702169
12,53.0,-12.814822441908
12,53.5,-14.050882075043535
12,54.0,-15.197808165992162
12,54.5,-15.952795806534684
12,55.0,-16.210753255519915
12,55.5,-16.210392957734452
12,56.0,-16.359373631600025
12,56.5,-16.987549991973356
12,57.0,-18.180360060399227
12,57.5,-19.3589693468121
12,58.0,-18.465952797791687
12,58.5,-15.393477262537925
12,59.0,-12.2524109575101
12,59.5,-9.859318070938857
12,60.0,-8.082144969293727
12,60.5,-6.920517531554173
12,61.0,-6.334921343830972
12,61.5,-6.300554317425925
12,62.0,-6.829375774892363
12,62.5,-8.04227074911839
12,63.0,-10.115895909560086
12,63.5,-13.392036773790227
12,64.0,-19.222214767961898
12,64.5,-24.0666219765687
12,65.0,-18.058318667436826
12,65.5,-13.676392233859474
12,66.0,-11.30705477104233
12,66.5,-9.810399381828317
12,67.0,-8.80125564910686
12,67.5,-8.013782792988364
12,68.0,-7.305611883305444
12,68.5,-6.680005976187102
12,69.0,-6.164767601859399
12,69.5,-5.872800838856042
12,70.0,-5.888470816590204
12,70.5,-6.280406704819852
12,71.0,-7.097797504166648
12,71.5,-8.37541389138135
12,72.0,-10.057253379718814
12,72.5,-11.830582077850504
12,73.0,-13.1670767841281
12,73.5,-13.448559129490723
12,74.0,-12.994654161709596
12,74.5,-12.53873752605634
12,75.0,-12.432089884422258
12,75.5,-12.673242066810518
12,76.0,-13.063528194005777
12,76.5,-13.299101311927387
12,77.0,-13.229753931427746
12,77.5,-12.994735408482548
12,78.0,-12.907673754168654
12,78.5,-13.19742047546992
12,79.0,-13.868959866544612
12,79.5,-14.616762765960855
12,80.0,-14.625097205634765
12,80.5,-13.466329647061722
12,81.0,-11.84300537499922
12,81.5,-10.53891721827976
12,82.0,-9.792949335961024
12,82.5,-9.762285045448415
12,83.0,-10.521571288106315
12,83.5,-12.25781034105558
12,84.0,-14.900764647394826
12,84.5,-16.543090960714558
12,85.0,-14.422700996809752
12,85.5,-11.319885914772462
12,86.0,-8.999106605774704
12,86.5,-7.6116265114310835
12,87.0,-7.026848999939992
12,87.5,-7.130525472139727
12,88.0,-7.824258622374396
12,88.5,-8.982347670748704
12,89.0,-10.09090226510541
12,89.5,-10.29050331300139
12,90.0,-9.339423293793628
12,90.5,-7.986776180008011
12,91.0,-6.912094502374484
12,91.5,-6.357573157201387
12,92.0,-6.38775476396163
12,92.5,-7.04468917819719
12,93.0,-8.403373113494775
12,93.5,-10.562793683063587
12,94.0,-14.058139534792266
12,94.5,-20.04952169781471
12,95.0,-34.2407488450412
12,95.5,-25.84381524196448
12,96.0,-20.21219780193666
12,96.5,-18.31405261548843
12,97.0,-17.793341094058768
12,97.5,-17.506198571173666
12,98.0,-16.599617281322644
12,98.5,-15.176621256711869
12,99.0,-13.813879163644616
12,99.5,-13.019191418997156
12,100.0,-12.912834645874328
13,0.0,-8.766118238917123
13,0.5,-8.826438553737148
13,1.0,-9.00970758334477
13,1.5,-9.352333497890216
13,2.0,-9.881241221071347
13,2.5,-10.632131467812462
13,3.0,-11.614959592886798
13,3.5,-12.765507701681535
13,4.0,-14.03886404430102
13,4.5,-15.16123190159974
13,5.0,-15.847116838345798
13,5.5,-16.051954316654538
13,6.0,-16.037818948431905
13,6.5,-16.161562156641402
13,7.0,-16.69241623600353
13,7.5,-17.771750319136576
13,8.0,-19.467643054168622
13,8.5,-20.918796954632715
13,9.0,-19.96979282980616
13,9.5,-16.974472890697605
13,10.0,-14.0432175599565
13,10.5,-11.612494175005107
13,11.0,-9.758180366111958
13,11.5,-8.408097984205678
13,12.0,-7.495139566516261
13,12.5,-7.008189369067165
13,13.0,-6.916612388504477
13,13.5,-7.260721027584965
13,14.0,-8.068569678177612
13,14.5,-9.478199174749893
13,15.0,-11.560766387596864
13,15.5,-14.176115809951554
13,16.0,-15.835711052676013
13,16.5,-14.612036274192764
13,17.0,-12.1031171354241
13,17.5,-10.063048524413192
13,18.0,-8.765615471620796
13,18.5,-8.125160217902437
13,19.0,-8.070697610706885
13,19.5,-8.546374770537348
13,20.0,-9.483848093198276
13,20.5,-10.65252502901309
13,21.0,-11.615219700476944
13,21.5,-11.64802381737488
13,22.0,-10.680048077904976
13,22.5,-9.389644706283931
13,23.0,-8.32566037777067
13,23.5,-7.613307434461998
13,24.0,-7.323626827140861
13,24.5,-7.460333880181738
13,25.0,-8.002269966493822
13,25.5,-8.905485802046902
13,26.0,-10.192894960189772
13,26.5,-11.74778476163758
13,27.0,-13.312693143868431
13,27.5,-14.629476433641836
13,28.0,-15.372552076642846
13,28.5,-15.649462316990023
13,29.0,-15.855096392238131
13,29.5,-16.257925310780113
13,30.0,-16.88985083880647
13,30.5,-17.370047428169727
13,31.0,-17.04641200435027
13,31.5,-15.78924583889381
13,32.0,-14.228125920913572
13,32.5,-12.824310336079604
13,33.0,-11.86343123401543
13,33.5,-11.429365530831008
13,34.0,-11.499685965023158
13,34.5,-12.022250488185351
13,35.0,-12.732604809583096
13,35.5,-12.97453179588398
13,36.0,-12.137616182800588
13,36.5,-10.4480959425161
13,37.0,-8.680430363018015
13,37.5,-7.304589599665971
13,38.0,-6.37201117513244
13,38.5,-5.964131130786452
13,39.0,-6.126575194987777
13,39.5,-6.919747600969903
13,40.0,-8.449718626095919
13,40.5,-11.17127549492785
13,41.0,-16.02937725716811
13,41.5,-24.541731274671907
13,42.0,-19.92588574823835
13,42.5,-13.936433893344043
13,43.0,-11.018803897689777
13,43.5,-9.6733963203994
13,44.0,-9.436183961620534
13,44.5,-10.20808562412912
13,45.0,-12.19482859336819
13,45.5,-16.245959792957493
13,46.0,-26.032328702510235
13,46.5,-24.165634414976743
13,47.0,-15.398475968190272
13,47.5,-11.595411157182664
13,48.0,-9.596387108171136
13,48.5,-8.6243093627234
13,49.0,-8.408485430118011
13,49.5,-8.786906041770639
13,50.0,-9.63767877728421
13,50.5,-10.725605636199116
13,51.0,-11.775000628978528
13,51.5,-12.411515708935411
13,52.0,-12.6482247012615
13,52.5,-12.921999242432346
13,53.0,-13.71785451805407
13,53.5,-15.62185473489778
13,54.0,-19.414239922200608
13,54.5,-23.455272348382135
13,55.0,-18.75759744908805
13,55.5,-13.5287481302217
13,56.0,-10.123673100137577
13,56.5,-7.912385489643211
13,57.0,-6.548260864559786
13,57.5,-5.757748750873069
13,58.0,-5.489183771689885
13,58.5,-5.704156402291562
13,59.0,-6.371117673611846
13,59.5,-7.441014272140382
13,60.0,-8.924549727604482
13,60.5,-10.567566068209358
13,61.0,-11.761580107406417
13,61.5,-11.79739371333561
13,62.0,-10.828129527683068
13,62.5,-9.551183362299788
13,63.0,-8.473748852905299
13,63.5,-7.77219324720612
13,64.0,-7.435921593076868
13,64.5,-7.498365919215232
13,65.0,-7.993505460112108
13,65.5,-8.966487911629725
13,66.0,-10.462983873165328
13,66.5,-12.7085152432175
13,67.0,-15.664401765475343
13,67.5,-18.11319443706357
13,68.0,-17.399397001457185
13,68.5,-14.948142065822903
13,69.0,-12.909931794621787
13,69.5,-11.717190297966608
13,70.0,-11.313357257900517
13,70.5,-11.630200057894694
13,71.0,-12.726336715517458
13,71.5,-14.8139527205868
13,72.0,-18.422281318357395
13,72.5,-25.4851560738096
13,73.0,-34.718098235321975
13,73.5,-23.16528248132021
13,74.0,-18.4791141793042
13,74.5,-16.169111661756602
13,75.0,-14.959026461971836
13,75.5,-14.227726846703195
13,76.0,-13.654092441150278
13,76.5,-13.02468918526753
13,77.0,-12.25541357734918
13,77.5,-11.487256001419272
13,78.0,-10.895478411212077
13,78.5,-10.6153825302395
13,79.0,-10.739907360288738
13,79.5,-11.359823330130482
13,80.0,-12.56619406639235
13,80.5,-14.504890475795992
13,81.0,-17.268511415976615
13,81.5,-20.160487291949
13,82.0,-20.50822663985713
13,82.5,-17.981519604980125
13,83.0,-15.55248776191053
13,83.5,-13.828304868910315
13,84.0,-12.769233369671497
13,84.5,-12.218463160896746
13,85.0,-12.02432739379032
13,85.5,-12.056045887850296
13,86.0,-12.182746384242565
13,86.5,-12.284006401902367
13,87.0,-12.28481240625486
13,87.5,-12.194363657407107
13,88.0,-12.0952928673371
13,88.5,-12.09675476671764
13,89.0,-12.316373012458849
13,89.5,-12.842488690966428
13,90.0,-13.80655398961266
13,90.5,-15.26971719384344
13,91.0,-17.18618762867237
13,91.5,-18.90965221991373
13,92.0,-18.9958807908238
13,92.5,-17.346466084818857
13,93.0,-15.423388645160216
13,93.5,-14.016412341722878
13,94.0,-13.13392554834725
13,94.5,-12.73240409958242
13,95.0,-12.651989316099698
13,95.5,-12.637089398984973
13,96.0,-12.419790459003046
13,96.5,-11.861720227070736
13,97.0,-11.11002431021956
13,97.5,-10.435995254437916
13,98.0,-10.061454465266008
13,98.5,-10.119960113256354
13,99.0,-10.688956076030996
13,99.5,-11.761223184520688
13,100.0,-12.748735423338744
14,0.0,-8.089943098972697
14,0.5,-8.313554078113096
14,1.0,-8.97191643386013
14,1.5,-10.14506390587867
14,2.0,-11.884964814976827
14,2.5,-14.33545193444514
14,3.0,-17.691127439793
14,3.5,-21.93280540363653
14,4.0,-25.368302030344644
14,4.5,-24.167941546526603
14,5.0,-21.55477982489411
14,5.5,-19.65178509089549
14,6.0,-18.27538417215853
14,6.5,-17.030460179520418
14,7.0,-15.867266139259817
14,7.5,-14.882348021711536
14,8.0,-14.130198494045333
14,8.5,-13.738630438350723
14,9.0,-13.789790407205532
14,9.5,-14.339488582554653
14,10.0,-15.426734000502083
14,10.5,-17.207274374832743
14,11.0,-19.66593197344995
14,11.5,-22.21253345756063
14,12.0,-22.83823378226153
14,12.5,-21.176253181005304
14,13.0,-19.19080382181184
14,13.5,-17.77760353088242
14,14.0,-16.957780068715607
14,14.5,-16.517614511343613
14,15.0,-16.312783881619385
14,15.5,-16.204620003588563
14,16.0,-16.123981749094284
14,16.5,-16.092741545662257
14,17.0,-16.174101768126285
14,17.5,-16.390590866450662
14,18.0,-16.619123071801667
14,18.5,-16.54052002331479
14,19.0,-15.863286375047746
14,19.5,-14.61539361725126
14,20.0,-13.21532272310506
14,20.5,-12.053806536251091
14,21.0,-11.252381487665842
14,21.5,-10.942419662723252
14,22.0,-11.203527222014536
14,22.5,-12.09131429725925
14,23.0,-13.573455406771547
14,23.5,-15.330892292132509
14,24.0,-15.74209686081966
14,24.5,-13.81619495868853
14,25.0,-11.241153993366783
14,25.5,-9.195152170542976
14,26.0,-7.719578577550971
14,26.5,-6.828749176421257
14,27.0,-6.478412976860167
14,27.5,-6.615819170651064
14,28.0,-7.247121740096927
14,28.5,-8.401281853209024
14,29.0,-10.103734700577192
14,29.5,-12.310011562135156
14,30.0,-15.038365561622571
14,30.5,-17.564754075348063
14,31.0,-18.640383033143337
14,31.5,-18.346304192485807
14,32.0,-17.94619380753571
14,32.5,-18.090111723780947
14,33.0,-18.92172730046776
14,33.5,-20.377678839238136
14,34.0,-22.526376299063934
14,34.5,-25.46199782731758
14,35.0,-29.944491603055614
14,35.5,-34.36426251704734
14,36.0,-28.755148715758477
14,36.5,-22.712562733212746
14,37.0,-18.855253732123177
14,37.5,-16.44022301963407
14,38.0,-15.001128645526894
14,38.5,-14.555562692455332
14,39.0,-15.283428315625589
14,39.5,-17.741367706038556
14,40.0,-23.76485560435425
14,40.5,-25.48335058577363
14,41.0,-16.211430985500872
14,41.5,-11.104003054461502
14,42.0,-7.937350244110961
14,42.5,-5.926978099700699
14,43.0,-4.6301414817319975
14,43.5,-3.975682945440183
14,44.0,-3.913682583099121
14,44.5,-4.440011698425412
14,45.0,-5.592231429648137
14,45.5,-7.411644270904965
14,46.0,-9.665851269964014
14,46.5,-11.137931118682928
14,47.0,-10.430144203095836
14,47.5,-8.533747764080312
14,48.0,-6.939337128707893
14,48.5,-6.030413892090135
14,49.0,-5.8297686156786455
14,49.5,-6.316960644481659
14,50.0,-7.535336493369294
14,50.5,-9.513415192172996
14,51.0,-12.414962097115575
14,51.5,-15.33821604010779
14,52.0,-15.477588926946025
14,52.5,-13.324518903484185
14,53.0,-11.50902947808552
14,53.5,-10.467864305808622
14,54.0,-10.106103563152017
14,54.5,-10.170300575517926
14,55.0,-10.305525866883288
14,55.5,-10.163058123887971
14,56.0,-9.610002427542724
14,56.5,-8.851665760392706
14,57.0,-8.201942334244189
14,57.5,-7.82042104369004
14,58.0,-7.81889998957707
14,58.5,-8.237386637141
14,59.0,-9.0639409997371
14,59.5,-10.221222105149277
14,60.0,-11.667746449320653
14,60.5,-13.13399347927062
14,61.0,-14.271708964457376
14,61.5,-14.845924999505131
14,62.0,-14.893613406915575
14,62.5,-14.566689849228611
14,63.0,-13.905785394721596
14,63.5,-12.935145360650068
14,64.0,-11.68515927608094
14,64.5,-10.366215091182198
14,65.0,-9.149810376706478
14,65.5,-8.13782208483017
14,66.0,-7.401403787965173
14,66.5,-6.91485146993991
14,67.0,-6.712806999000724
14,67.5,-6.817240724770087
14,68.0,-7.2501198193893615
14,68.5,-8.0341076762014
14,69.0,-9.296709266810767
14,69.5,-11.140808420513649
14,70.0,-13.70362085213586
14,70.5,-17.521034537305358
14,71.0,-22.54376412452366
14,71.5,-24.11539683558053
14,72.0,-21.037964296853698
14,72.5,-18.974372578869836
14,73.0,-18.35574180301968
14,73.5,-18.756638604749043
14,74.0,-19.09909035208343
14,74.5,-17.765676339079246
14,75.0,-15.149111448400944
14,75.5,-12.552998015583537
14,76.0,-10.598421238655112
14,76.5,-9.369278512477765
14,77.0,-8.753574070607941
14,77.5,-8.779983729154877
14,78.0,-9.508525517629394
14,78.5,-11.066651125170518
14,79.0,-13.72075337627824
14,79.5,-18.711349550864345
14,80.0,-28.69802262456734
14,80.5,-23.12185849665838
14,81.0,-16.485271874550566
14,81.5,-13.530368260208572
14,82.0,-11.983970606433232
14,82.5,-11.377513416801948
14,83.0,-11.490153969887547
14,83.5,-12.247670580593391
14,84.0,-13.653498638478991
14,84.5,-15.822680543465223
14,85.0,-18.94200025784537
14,85.5,-22.709669120595365
14,86.0,-23.837143452292597
14,86.5,-20.59107573188924
14,87.0,-17.408441973930763
14,87.5,-15.29029147465254
14,88.0,-14.10504193280576
14,88.5,-13.67927578811107
14,89.0,-14.082524906135903
14,89.5,-15.464161079713929
14,90.0,-18.43741794522396
14,90.5,-23.89815060471356
14,91.0,-24.470343734498638
14,91.5,-18.045649165000462
14,92.0,-14.059145245085658
14,92.5,-11.623473889456296
14,93.0,-10.233828887778571
14,93.5,-9.628725282599463
14,94.0,-9.603211037062136
14,94.5,-10.00580305077599
14,95.0,-10.550393269464756
14,95.5,-10.80241893579151
14,96.0,-10.477939926873784
14,96.5,-9.731328972552689
14,97.0,-8.999448110944792
14,97.5,-8.617302062343095
14,98.0,-8.757657550252446
14,98.5,-9.518316951478656
14,99.0,-11.098576776539462
14,99.5,-13.73041166092719
14,100.0,-16.496611824794584
15,0.0,-40.28026045664375
15,0.5,-35.7856394223331
15,1.0,-30.93818094221486
15,1.5,-27.47661697706216
15,2.0,-24.914959253794688
15,2.5,-22.9664601497916
15,3.0,-21.478984451978352
15,3.5,-20.40325011985451
15,4.0,-19.595455964147728
15,4.5,-18.991643549008817
15,5.0,-18.453502847168487
15,5.5,-17.81542876941409
15,6.0,-16.987326353330232
15,6.5,-15.926206104253865
15,7.0,-14.782390500539588
15,7.5,-13.74415376499711
15,8.0,-12.872816515648726
15,8.5,-12.282867709154493
15,9.0,-12.036661080404034
15,9.5,-12.172110397352489
15,10.0,-12.717907242804191
15,10.5,-13.761278799479973
15,11.0,-15.327117028258968
15,11.5,-17.341568918180222
15,12.0,-19.17963430782149
15,12.5,-19.50328157269131
15,13.0,-18.184438874923927
15,13.5,-16.55403412071673
15,14.0,-15.41279202746877
15,14.5,-14.854686271307964
15,15.0,-14.935189646319715
15,15.5,-15.704489549134117
15,16.0,-17.258571109274605
15,16.5,-19.759620017108453
15,17.0,-23.722091537940603
15,17.5,-27.316047921782623
15,18.0,-24.817920549033573
15,18.5,-20.96315483699105
15,19.0,-18.567882145045356
15,19.5,-17.184238567408954
15,20.0,-16.63348671036733
15,20.5,-16.822037890373764
15,21.0,-17.802685299463455
15,21.5,-19.725518094608056
15,22.0,-22.60682391983465
15,22.5,-24.036930389909685
15,23.0,-21.00741328764856
15,23.5,-17.087534967298183
15,24.0,-14.139332853969302
15,24.5,-12.064914239885768
15,25.0,-10.652593646902186
15,25.5,-9.817062779350648
15,26.0,-9.44953318780744
15,26.5,-9.554958851164036
15,27.0,-10.11296347361747
15,27.5,-11.146255329046117
15,28.0,-12.535454758751944
15,28.5,-13.873459293075838
15,29.0,-14.343219610139917
15,29.5,-13.579896259906617
15,30.0,-12.208687309683876
15,30.5,-10.9670105115877
15,31.0,-10.14561788287603
15,31.5,-9.79508239054602
15,32.0,-9.910944148134863
15,32.5,-10.49362154212663
15,33.0,-11.537232442757771
15,33.5,-12.988043801781007
15,34.0,-14.87173614802596
15,34.5,-16.87182821433076
15,35.0,-18.253253681646044
15,35.5,-18.256598256512397
15,36.0,-17.175105895683274
15,36.5,-15.749846770358
15,37.0,-14.44317693840921
15,37.5,-13.42019529935581
15,38.0,-12.666226839862489
15,38.5,-12.255569368265853
15,39.0,-12.251684782021536
15,39.5,-12.722500345589063
15,40.0,-13.74860108295352
15,40.5,-15.591200820910846
15,41.0,-18.611355758324216
15,41.5,-23.79397904857027
15,42.0,-29.64739460250629
15,42.5,-25.295614412186296
15,43.0,-20.828407388299944
15,43.5,-18.784317703665533
15,44.0,-18.3257903868104
15,44.5,-19.282106175463557
15,45.0,-22.156901277061657
15,45.5,-28.877809044376857
15,46.0,-28.624962592659227
15,46.5,-20.495722262613725
15,47.0,-15.8568121051581
15,47.5,-12.904620280326569
15,48.0,-10.863459382227264
15,48.5,-9.375068307929078
15,49.0,-8.29270327540095
15,49.5,-7.440571562548324
15,50.0,-6.793970231482461
15,50.5,-6.343358630734183
15,51.0,-6.060263903310907
15,51.5,-5.966989402363086
15,52.0,-6.065742659325401
15,52.5,-6.317351217627122
15,53.0,-6.615907157935829
15,53.5,-6.804446376145862
15,54.0,-6.679762199897676
15,54.5,-6.159677671889074
15,55.0,-5.374731457864462
15,55.5,-4.563500855819238
15,56.0,-3.854018905984727
15,56.5,-3.375134321425926
15,57.0,-3.1846486904774185
15,57.5,-3.2957681621312043
15,58.0,-3.727926463019375
15,58.5,-4.498412414038848
15,59.0,-5.611242787741488
15,59.5,-7.033094475011207
15,60.0,-8.861053005856087
15,60.5,-11.045238384506606
15,61.0,-13.546136443880911
15,61.5,-16.215868307768485
15,62.0,-18.66437903547644
15,62.5,-20.536377318279005
15,63.0,-21.27841763282489
15,63.5,-20.76190285487106
15,64.0,-19.237039832138592
15,64.5,-17.209774148380905
15,65.0,-15.08791765774135
15,65.5,-13.09901270705767
15,66.0,-11.39669799357714
15,66.5,-9.921635888603891
15,67.0,-8.754245334075927
15,67.5,-7.924256864654291
15,68.0,-7.449395955196331
15,68.5,-7.361376948283904
15,69.0,-7.69080771553172
15,69.5,-8.478458362131201
15,70.0,-9.69774021633624
15,70.5,-11.28194594605387
15,71.0,-12.574542597213885
15,71.5,-12.50605885510524
15,72.0,-11.130384255424389
15,72.5,-9.550848733617514
15,73.0,-8.30344339191186
15,73.5,-7.598646214268269
15,74.0,-7.475377777383995
15,74.5,-7.944987495483302
15,75.0,-9.038744353895238
15,75.5,-10.98394908399028
15,76.0,-14.12117949265295
15,76.5,-19.41431199454907
15,77.0,-30.831218749843156
15,77.5,-24.53458712136645
15,78.0,-18.10666813352116
15,78.5,-15.352186473118
15,79.0,-14.030508709902026
15,79.5,-13.32690268765795
15,80.0,-12.836077673423638
15,80.5,-12.247955843689706
15,81.0,-11.490331854102257
15,81.5,-10.735398975229325
15,82.0,-10.154209345773202
15,82.5,-9.944239757841578
15,83.0,-10.229192036926552
15,83.5,-11.168192033469532
15,84.0,-12.97353754169953
15,84.5,-16.141720954641066
15,85.0,-21.55453394333972
15,85.5,-24.263798597208307
15,86.0,-18.59923172456731
15,86.5,-14.50155041953967
15,87.0,-12.231725358630037
15,87.5,-11.076657951073644
15,88.0,-10.788655407104349
15,88.5,-11.286451465135215
15,89.0,-12.66148593899716
15,89.5,-15.112016971383555
15,90.0,-19.308797789783306
15,90.5,-22.84825159827731
15,91.0,-19.012192255274982
15,91.5,-14.661962640604932
15,92.0,-12.018387285922318
15,92.5,-10.37335060905778
15,93.0,-9.505512717111168
15,93.5,-9.286255912892598
15,94.0,-9.661461924121689
15,94.5,-10.672391257386437
15,95.0,-12.45828364648035
15,95.5,-15.258645166344085
15,96.0,-19.189292870865664
15,96.5,-21.96828905170108
15,97.0,-19.18180626956113
15,97.5,-15.6974667645151
15,98.0,-13.472553103109506
15,98.5,-12.253009148156078
15,99.0,-11.69352697090101
15,99.5,-11.647970016767944
15,100.0,-11.831334933931975
16,0.0,-14.228564355921524
16,0.5,-14.34841974792428
16,1.0,-14.718248991342882
16,1.5,-15.435596693568826
16,2.0,-16.621562271923416
16,2.5,-18.53036588867589
16,3.0,-21.639842110077296
16,3.5,-26.89211044889156
16,4.0,-30.505140510270703
16,4.5,-24.135364550269568
16,5.0,-19.29469752953229
16,5.5,-16.249032485241113
16,6.0,-14.222738316408174
16,6.5,-12.725953607893617
16,7.0,-11.645816988220272
16,7.5,-10.911709521531549
16,8.0,-10.432174420692476
16,8.5,-10.21865856716526
16,9.0,-10.290896339673807
16,9.5,-10.679006764590552
16,10.0,-11.417690473278034
16,10.5,-12.64406580026349
16,11.0,-14.482792531598056
16,11.5,-17.236855985990417
16,12.0,-21.561610582142787
16,12.5,-29.267161353477952
16,13.0,-32.07269666729432
16,13.5,-24.61838022376238
16,14.0,-21.237871476269717
16,14.5,-19.669145595037925
16,15.0,-19.207816303137594
16,15.5,-19.55563773483617
16,16.0,-20.537333286846387
16,16.5,-22.009823262040168
16,17.0,-24.03074058549738
16,17.5,-26.67106181959639
16,18.0,-30.06759682099213
16,18.5,-31.39009357857064
16,19.0,-27.283778074791904
16,19.5,-22.666606249653075
16,20.0,-19.282715607670152
16,20.5,-16.961398184849354
16,21.0,-15.343844613845574
16,21.5,-14.38836035717031
16,22.0,-14.04776408364704
16,22.5,-14.277313328293076
16,23.0,-15.011402160154349
16,23.5,-16.15039091937027
16,24.0,-17.24817035143885
16,24.5,-17.586480422393805
16,25.0,-16.971155273901374
16,25.5,-16.052668091095065
16,26.0,-15.404684302383282
16,26.5,-15.34119207890749
16,27.0,-15.955528088057362
16,27.5,-17.306006368347944
16,28.0,-19.088153710662027
16,28.5,-20.027774268826924
16,29.0,-18.86330400109213
16,29.5,-16.745763504799584
16,30.0,-14.80084644388808
16,30.5,-13.314612761065138
16,31.0,-12.148975742487156
16,31.5,-11.105676143806884
16,32.0,-10.09959468614503
16,32.5,-9.076775936061544
16,33.0,-8.173792686518953
16,33.5,-7.542478723890604
16,34.0,-7.263239707151414
16,34.5,-7.457614009501415
16,35.0,-8.236592421828078
16,35.5,-9.66827119878955
16,36.0,-11.558608076622304
16,36.5,-12.894130988859905
16,37.0,-11.88832860457837
16,37.5,-9.5533140448834
16,38.0,-7.439402291313326
16,38.5,-6.059415225562169
16,39.0,-5.456157031306878
16,39.5,-5.634202350602189
16,40.0,-6.681817371647229
16,40.5,-9.018130272207006
16,41.0,-13.550862989094597
16,41.5,-18.74134647333835
16,42.0,-13.17122659075168
16,42.5,-7.892455549934858
16,43.0,-4.693840183793602
16,43.5,-2.72201823995542
16,44.0,-1.6051624358323957
16,44.5,-1.0951447239905323
16,45.0,-1.1541330484555106
16,45.5,-1.783681602903353
16,46.0,-3.022296807323327
16,46.5,-4.9437884811465285
16,47.0,-7.980885001303624
16,47.5,-12.829026761373576
16,48.0,-19.542596371008813
16,48.5,-16.977021030710176
16,49.0,-12.01461755092457
16,49.5,-9.314200266826289
16,50.0,-7.944095212888847
16,50.5,-7.428597054628626
16,51.0,-7.498842855702864
16,51.5,-8.0233622025077
16,52.0,-8.863434039046648
16,52.5,-9.818020063816972
16,53.0,-10.613184828924894
16,53.5,-11.09538956150146
16,54.0,-11.252393609653367
16,54.5,-11.306107567153774
16,55.0,-11.529895409810448
16,55.5,-12.128356076580154
16,56.0,-13.352696015125822
16,56.5,-15.491937925990143
16,57.0,-19.13346255551881
16,57.5,-27.43190549557612
16,58.0,-30.95345281558985
16,58.5,-20.769719338245007
16,59.0,-16.514881679718997
16,59.5,-14.392968364803435
16,60.0,-13.379005600532338
16,60.5,-13.282041318767607
16,61.0,-14.095635788439616
16,61.5,-15.98522098828153
16,62.0,-19.449296300095003
16,62.5,-27.029105636061853
16,63.0,-29.672596831682164
16,63.5,-20.94025222063167
16,64.0,-16.597134124589612
16,64.5,-14.175665432536755
16,65.0,-12.780036713978651
16,65.5,-12.038694505819407
16,66.0,-11.793029676301442
16,66.5,-11.94899016335794
16,67.0,-12.507074045145464
16,67.5,-13.552078177792565
16,68.0,-15.2727217663148
16,68.5,-18.015618725363417
16,69.0,-22.832295798107296
16,69.5,-26.17766366946123
16,70.0,-20.746053233281565
16,70.5,-16.00646134877755
16,71.0,-13.12790004687467
16,71.5,-11.41607527665616
16,72.0,-10.548083515716751
16,72.5,-10.423883139307856
16,73.0,-11.045400791234616
16,73.5,-12.54681281604255
16,74.0,-15.325701164836875
16,74.5,-20.50666775534766
16,75.0,-29.322071931309235
16,75.5,-23.24138187645744
16,76.0,-17.192498145876957
16,76.5,-14.365828550983714
16,77.0,-12.820765410180996
16,77.5,-12.065180737769325
16,78.0,-11.776786013658604
16,78.5,-11.687205462287848
16,79.0,-11.612751745025852
16,79.5,-11.497696036805117
16,80.0,-11.44351833508684
16,80.5,-11.623379093615648
16,81.0,-12.166386588995156
16,81.5,-13.04255833724792
16,82.0,-13.96772826201205
16,82.5,-14.122007022886924
16,83.0,-13.096009016896254
16,83.5,-11.498356296548174
16,84.0,-10.135480320961408
16,84.5,-9.36057558662255
16,85.0,-9.295508080096443
16,85.5,-10.051819026584203
16,86.0,-11.980152855529129
16,86.5,-15.944291215798616
16,87.0,-28.31383738546376
16,87.5,-23.78787279049416
16,88.0,-14.413404597571416
16,88.5,-10.411706988797734
16,89.0,-8.195288884614849
16,89.5,-7.058116168970475
16,90.0,-6.661964850857966
16,90.5,-6.941742368220788
16,91.0,-7.8937572813915855
16,91.5,-9.555055171876791
16,92.0,-11.980632423559568
16,92.5,-15.596468014519026
16,93.0,-20.901193931707915
16,93.5,-28.816054685438868
16,94.0,-35.859908090085334
16,94.5,-34.98575506210449
16,95.0,-29.95096564764698
16,95.5,-22.364324891834624
16,96.0,-17.13463774467967
16,96.5,-13.452354458795826
16,97.0,-10.91056068599757
16,97.5,-9.219442398928308
16,98.0,-8.192989035824521
16,98.5,-7.748886539318902
16,99.0,-7.8013842019017074
16,99.5,-8.329470591043895
16,100.0,-8.989494238503651
17,0.0,-34.21411263691161
17,0.5,-28.85751549744488
17,1.0,-23.572233653277408
17,1.5,-19.997980016082007
17,2.0,-17.47780039784318
17,2.5,-15.714835523296108
17,3.0,-14.564376251513146
17,3.5,-13.977982017346086
17,4.0,-13.861996255987952
17,4.5,-14.140844564851433
17,5.0,-14.603452294744155
17,5.5,-14.845862400996472
17,6.0,-14.483102433431435
17,6.5,-13.520720615757416
17,7.0,-12.381055835413935
17,7.5,-11.460876501629022
17,8.0,-10.890077777761876
17,8.5,-10.773221621607592
17,9.0,-11.162028264888573
17,9.5,-12.091772802571848
17,10.0,-13.587999321011653
17,10.5,-15.87211882603009
17,11.0,-19.107044131473145
17,11.5,-23.457099460433074
17,12.0,-26.94052487314879
17,12.5,-25.55774488370617
17,13.0,-22.68204674222131
17,13.5,-20.54250115508893
17,14.0,-18.98758909549181
17,14.5,-17.689410869445755
17,15.0,-16.667733738155867
17,15.5,-16.006879120966364
17,16.0,-15.792253600291092
17,16.5,-16.07275968058289
17,17.0,-16.825470047111775
17,17.5,-17.722581042193518
17,18.0,-17.94980407393938
17,18.5,-16.949816354213514
17,19.0,-15.35579694319884
17,19.5,-13.89481435973318
17,20.0,-12.976023628143544
17,20.5,-12.71343778739375
17,21.0,-13.126557539053572
17,21.5,-14.206893183653884
17,22.0,-15.677899438258908
17,22.5,-16.461631590313058
17,23.0,-15.469239278963194
17,23.5,-13.480224763771412
17,24.0,-11.747984821674006
17,24.5,-10.693099717726003
17,25.0,-10.369540742714667
17,25.5,-10.793702445403676
17,26.0,-12.0467773389281
17,26.5,-14.071970681752523
17,27.0,-15.91114805905601
17,27.5,-15.351257199692016
17,28.0,-12.785990295310178
17,28.5,-10.416189855149543
17,29.0,-8.82536318178785
17,29.5,-8.00864359044155
17,30.0,-7.839942243863163
17,30.5,-8.298363383394431
17,31.0,-9.346588362109484
17,31.5,-10.805219803824624
17,32.0,-12.083909556837977
17,32.5,-12.325107503226036
17,33.0,-11.358489935313328
17,33.5,-10.099126916429483
17,34.0,-9.117251127510068
17,34.5,-8.638684856375159
17,35.0,-8.680839360659183
17,35.5,-9.17850709609607
17,36.0,-10.000190311898152
17,36.5,-11.00700903220617
17,37.0,-11.911172014007157
17,37.5,-12.493606075942798
17,38.0,-12.822072637716277
17,38.5,-13.056575299495044
17,39.0,-13.232500554315632
17,39.5,-13.058758474989506
17,40.0,-12.169654579270592
17,40.5,-10.577759441413107
17,41.0,-8.797988168607626
17,41.5,-7.232885098503669
17,42.0,-6.049858434473714
17,42.5,-5.321550231194808
17,43.0,-5.014642860666139
17,43.5,-5.161354204543836
17,44.0,-5.765122998692465
17,44.5,-6.910140952448043
17,45.0,-8.657852056353422
17,45.5,-11.1433205205383
17,46.0,-14.401233280989263
17,46.5,-17.47016564078464
17,47.0,-17.792358740683994
17,47.5,-15.783492829362633
17,48.0,-14.000532924199286
17,48.5,-12.970783053703276
17,49.0,-12.580080326768051
17,49.5,-12.633156320225908
17,50.0,-12.993353426392732
17,50.5,-13.524497175129
17,51.0,-14.198613912297231
17,51.5,-15.033458077947232
17,52.0,-16.175840064252185
17,52.5,-17.845740531601194
17,53.0,-20.19719708132642
17,53.5,-22.89211205829452
17,54.0,-22.85054629183784
17,54.5,-19.66764756215425
17,55.0,-16.657081340089416
17,55.5,-14.64957285771086
17,56.0,-13.426114253579655
17,56.5,-12.961887683829689
17,57.0,-13.250292151199265
17,57.5,-14.426025599110767
17,58.0,-16.75300505257235
17,58.5,-20.385391677489967
17,59.0,-21.569796076051507
17,59.5,-17.447008657127682
17,60.0,-13.450703505779392
17,60.5,-10.73952881646414
17,61.0,-8.966132536985237
17,61.5,-7.868731153044161
17,62.0,-7.330243732539479
17,62.5,-7.233247573148337
17,63.0,-7.532276063104177
17,63.5,-8.14498885635239
17,64.0,-9.030590108165256
17,64.5,-10.082239765874988
17,65.0,-11.25112442279678
17,65.5,-12.61575420650058
17,66.0,-14.440901168849026
17,66.5,-17.656903617720904
17,67.0,-24.89800350115221
17,67.5,-26.346431327880648
17,68.0,-16.341211601297868
17,68.5,-11.37262586913597
17,69.0,-8.143709816622279
17,69.5,-5.958397929392611
17,70.0,-4.545295771259692
17,70.5,-3.6702530694006943
17,71.0,-3.3092207021116558
17,71.5,-3.4463867541273583
17,72.0,-4.078929071322003
17,72.5,-5.211873114683415
17,73.0,-7.004009687049231
17,73.5,-9.587314185978297
17,74.0,-13.328204916853464
17,74.5,-18.87802025871727
17,75.0,-24.40438718562845
17,75.5,-21.85415744216853
17,76.0,-18.17565300418863
17,76.5,-15.98369327871836
17,77.0,-14.131797160838346
17,77.5,-12.240559073490632
17,78.0,-10.370384749194766
17,78.5,-8.740073145808154
17,79.0,-7.533179787083351
17,79.5,-6.736076072569648
17,80.0,-6.406923969879919
17,80.5,-6.567595811182232
17,81.0,-7.227717691821871
17,81.5,-8.384738721070221
17,82.0,-10.157806837480347
17,82.5,-12.532651671823608
17,83.0,-15.23632153403481
17,83.5,-17.494419834332234
17,84.0,-17.91365545731872
17,84.5,-17.008121960531664
17,85.0,-16.056882966834277
17,85.5,-15.397034998390676
17,86.0,-14.831604656638042
17,86.5,-14.212930268217166
17,87.0,-13.553764687335402
17,87.5,-13.030561892724029
17,88.0,-12.8575928742143
17,88.5,-13.21087411224358
17,89.0,-14.275803757777584
17,89.5,-16.19895763974017
17,90.0,-19.061138720847467
17,90.5,-20.54119040982893
17,91.0,-17.8476246148826
17,91.5,-14.405216743015774
17,92.0,-11.9595308744177
17,92.5,-10.276419492373725
17,93.0,-9.23648095589455
17,93.5,-8.719372547043337
17,94.0,-8.598092609817462
17,94.5,-8.820837318737414
17,95.0,-9.342415015041162
17,95.5,-10.125277212912136
17,96.0,-11.135593910459512
17,96.5,-12.478174540382057
17,97.0,-14.219737282474796
17,97.5,-16.52891228224624
17,98.0,-19.477116352501497
17,98.5,-22.05568310417874
17,99.0,-21.65276675823748
17,99.5,-19.021024877645075
17,100.0,-17.225683623516655
18,0.0,-21.52826727757492
18,0.5,-21.552975802780647
18,1.0,-21.648050219545773
18,1.5,-21.878558697810888
18,2.0,-22.30097109532423
18,2.5,-22.95215364124605
18,3.0,-23.818220075162465
18,3.5,-24.82952466236909
18,4.0,-26.038106761314356
18,4.5,-27.519951591116445
18,5.0,-29.549849578866183
18,5.5,-32.01544507108442
18,6.0,-32.108163468725834
18,6.5,-28.28789522430244
18,7.0,-24.295020035189378
18,7.5,-21.407893157675957
18,8.0,-19.33518263792773
18,8.5,-18.02489995431572
18,9.0,-17.424961130791182
18,9.5,-17.527475440219256
18,10.0,-18.393853111619197
18,10.5,-20.306515736174987
18,11.0,-23.733759879107176
18,11.5,-28.78450675503917
18,12.0,-28.130971149917944
18,12.5,-23.217829924607365
18,13.0,-20.051906996560405
18,13.5,-18.39900028599724
18,14.0,-17.871134927062673
18,14.5,-18.32402578835056
18,15.0,-19.890530995889403
18,15.5,-23.11347113224168
18,16.0,-30.112331147610327
18,16.5,-39.17091380587451
18,17.0,-27.641905028227068
18,17.5,-23.039083723392807
18,18.0,-21.235114312857817
18,18.5,-21.033526941025208
18,19.0,-22.255995618964448
18,19.5,-25.22863605098896
18,20.0,-28.601136935203023
18,20.5,-26.136408144550305
18,21.0,-21.631709070594304
18,21.5,-18.713300290496665
18,22.0,-17.12093841060415
18,22.5,-16.54160996460314
18,23.0,-16.881852312575578
18,23.5,-18.253573001972253
18,24.0,-21.0084273864239
18,24.5,-26.41336800560522
18,25.0,-34.47766002122692
18,25.5,-28.078654212661597
18,26.0,-22.842330237586825
18,26.5,-20.573283016100643
18,27.0,-19.899737110048807
18,27.5,-20.354223304315088
18,28.0,-21.67171545349265
18,28.5,-22.959403966350905
18,29.0,-22.48613083578348
18,29.5,-20.44638654445552
18,30.0,-18.347142918886306
18,30.5,-16.867432432545414
18,31.0,-16.032568224824125
18,31.5,-15.718525712109209
18,32.0,-15.800297727811804
18,32.5,-16.177674173004387
18,33.0,-16.81178676780683
18,33.5,-17.774614103479397
18,34.0,-19.462091449209
18,34.5,-22.63552936879788
18,35.0,-29.23529544376916
18,35.5,-28.3544707880281
18,36.0,-20.47360427596198
18,36.5,-15.948809384752836
18,37.0,-13.233509454711822
18,37.5,-11.71927400496192
18,38.0,-11.096609848478431
18,38.5,-11.37333594980518
18,39.0,-12.545519537907232
18,39.5,-13.993291754447643
18,40.0,-13.458156477920149
18,40.5,-10.329011751101302
18,41.0,-6.998965095265527
18,41.5,-4.400454710041357
18,42.0,-2.5160442819162205
18,42.5,-1.280566089689079
18,43.0,-0.5424686611531598
18,43.5,-0.3031733004375993
18,44.0,-0.548648044126944
18,44.5,-1.3189173207644205
18,45.0,-2.6671279041625957
18,45.5,-4.718585443201604
18,46.0,-7.6173964616085
18,46.5,-11.214692766439288
18,47.0,-13.977989677909212
18,47.5,-13.218265502549874
18,48.0,-11.40431760715074
18,48.5,-10.580270968338416
18,49.0,-10.985829173554537
18,49.5,-12.820061946139816
18,50.0,-16.52921235203865
18,50.5,-20.16666577040638
18,51.0,-16.57637783748307
18,51.5,-11.996451436511576
18,52.0,-9.234587076315057
18,52.5,-7.68845527959428
18,53.0,-7.051466670441519
18,53.5,-7.142256367849036
18,54.0,-7.947478360436024
18,54.5,-9.537156808799768
18,55.0,-12.06364779591178
18,55.5,-15.759978556256486
18,56.0,-21.04586148862115
18,56.5,-23.255469000837216
18,57.0,-20.058143272323708
18,57.5,-17.603991300332893
18,58.0,-16.5775078034344
18,58.5,-16.541326314716386
18,59.0,-17.202747648707806
18,59.5,-18.4299366272268
18,60.0,-20.471560442552835
18,60.5,-23.74817358711218
18,61.0,-25.68403716528005
18,61.5,-20.63509526722196
18,62.0,-15.281542063150605
18,62.5,-11.283101621032095
18,63.0,-8.33722599638628
18,63.5,-6.213432454571935
18,64.0,-4.618586899368757
18,64.5,-3.530570196247011
18,65.0,-2.907929250743856
18,65.5,-2.7162374550203774
18,66.0,-2.9436918036574053
18,66.5,-3.619814348996072
18,67.0,-4.776689031297269
18,67.5,-6.500941383160584
18,68.0,-8.911879728197215
18,68.5,-12.103223840227953
18,69.0,-16.219286272919273
18,69.5,-18.71241072094228
18,70.0,-16.932093239129692
18,70.5,-14.35481685439623
18,71.0,-12.621608810154727
18,71.5,-11.61667667148198
18,72.0,-11.116093563293113
18,72.5,-11.002590362484602
18,73.0,-11.214902964237114
18,73.5,-11.735393469410951
18,74.0,-12.512551420927313
18,74.5,-13.313295630133965
18,75.0,-13.602003879374951
18,75.5,-12.896504462392182
18,76.0,-11.41413387711372
18,76.5,-9.84005374326943
18,77.0,-8.48783965976967
18,77.5,-7.554008336356136
18,78.0,-7.090845775140011
18,78.5,-7.106870565267354
18,79.0,-7.608416804708895
18,79.5,-8.658172181619499
18,80.0,-10.251168870702475
18,80.5,-12.233844157361691
18,81.0,-13.846236894304926
18,81.5,-13.899610993289448
18,82.0,-12.631970152092434
18,82.5,-11.282988830491098
18,83.0,-10.491285504445552
18,83.5,-10.367329117522347
18,84.0,-11.02127814859602
18,84.5,-12.660159354756978
18,85.0,-15.75732124243289
18,85.5,-21.373368345341547
18,86.0,-24.00817321687234
18,86.5,-17.072374446353088
18,87.0,-12.500497475951825
18,87.5,-9.677952588297936
18,88.0,-7.859275330687022
18,88.5,-6.5869422921031004
18,89.0,-5.747481744955859
18,89.5,-5.261951138151628
18,90.0,-5.0505039859131164
18,90.5,-5.11247477482805
18,91.0,-5.465529496669842
18,91.5,-6.141185802967182
18,92.0,-7.168241472951096
18,92.5,-8.69287934151004
18,93.0,-10.747232732789309
18,93.5,-13.09494917622566
18,94.0,-14.7970766660447
18,94.5,-14.299595456049955
18,95.0,-12.485060332330129
18,95.5,-10.897780847120153
18,96.0,-9.998223466250057
18,96.5,-9.769678422625118
18,97.0,-10.246455519599316
18,97.5,-11.498275733228908
18,98.0,-13.62024641355892
18,98.5,-16.521462369688514
18,99.0,-19.06121171788705
18,99.5,-18.32120886690157
18,100.0,-16.507539521559966
19,0.0,-21.773008668648057
19,0.5,-21.99872555844967
19,1.0,-22.53037029000473
19,1.5,-22.972622581886625
19,2.0,-22.737573259381445
19,2.5,-21.715144472108573
19,3.0,-20.40960688662216
19,3.5,-19.27675242714297
19,4.0,-18.36422198724784
19,4.5,-17.62129800119931
19,5.0,-16.868873728405145
19,5.5,-15.955746083696056
19,6.0,-14.90139699843002
19,6.5,-13.762734282316044
19,7.0,-12.729762297480104
19,7.5,-11.946276212912588
19,8.0,-11.434228995370002
19,8.5,-11.254689445445935
19,9.0,-11.435198804784651
19,9.5,-11.98247575179337
19,10.0,-12.880906833374098
19,10.5,-14.200079760559415
19,11.0,-15.927326040604814
19,11.5,-18.096382538178545
19,12.0,-20.763046747352195
19,12.5,-24.023453883398005
19,13.0,-28.599330827470865
19,13.5,-33.19660003963943
19,14.0,-30.070134127936647
19,14.5,-24.894561016651654
19,15.0,-21.4094405740882
19,15.5,-19.123175958436047
19,16.0,-17.6965457217525
19,16.5,-17.024324043554728
19,17.0,-17.029936649957353
19,17.5,-17.745263337832473
19,18.0,-19.125262972178625
19,18.5,-20.536551473529745
19,19.0,-20.262178693602365
19,19.5,-17.91484764157942
19,20.0,-15.233064189246036
19,20.5,-13.138488218620932
19,21.0,-11.592780007270926
19,21.5,-10.605062981832356
19,22.0,-10.135028873327734
19,22.5,-10.151306382851116
19,23.0,-10.65156563276532
19,23.5,-11.72558599802163
19,24.0,-13.488948282833396
19,24.5,-16.255644161660584
19,25.0,-20.738236033695312
19,25.5,-27.83838950513185
19,26.0,-26.73491606986481
19,26.5,-20.672235841203943
19,27.0,-17.548567562780775
19,27.5,-15.813752326535075
19,28.0,-14.96555644482759
19,28.5,-14.71733289626532
19,29.0,-14.820964933367426
19,29.5,-14.99051362039834
19,30.0,-14.90217066741301
19,30.5,-14.347040026770213
19,31.0,-13.40748180727386
19,31.5,-12.35211999994156
19,32.0,-11.420161813871852
19,32.5,-10.657032691992807
19,33.0,-10.120855827716152
19,33.5,-9.816816686329958
19,34.0,-9.71258541836739
19,34.5,-9.811959684037337
19,35.0,-10.134120528545688
19,35.5,-10.720747569534897
19,36.0,-11.628551816698527
19,36.5,-13.041703362719732
19,37.0,-15.03010965262292
19,37.5,-17.07958368287982
19,38.0,-17.085642237258533
19,38.5,-14.23570016362184
19,39.0,-10.983809291682167
19,39.5,-8.350923375898493
19,40.0,-6.40705421303331
19,40.5,-4.923816057929863
19,41.0,-3.8810594738322464
19,41.5,-3.234134470362772
19,42.0,-2.9441583709253427
19,42.5,-2.9944952202452044
19,43.0,-3.3853425039737446
19,43.5,-4.123013846495365
19,44.0,-5.192554967317401
19,44.5,-6.691191653728637
19,45.0,-8.627444610569576
19,45.5,-11.06322854871199
19,46.0,-14.03256842342252
19,46.5,-17.404552280520697
19,47.0,-21.152929155017507
19,47.5,-24.742939648661537
19,48.0,-28.203153512287585
19,48.5,-30.86413301978901
19,49.0,-28.061001026954877
19,49.5,-22.982568061823667
19,50.0,-19.217374834179022
19,50.5,-16.71840828145676
19,51.0,-15.017194789308546
19,51.5,-14.014167436076084
19,52.0,-13.626858214370587
19,52.5,-13.804316938104591
19,53.0,-14.532024975699189
19,53.5,-15.919469462118904
19,54.0,-18.099281780928465
19,54.5,-21.47393349591869
19,55.0,-27.15173479422893
19,55.5,-36.64979131319232
19,56.0,-31.105735753469965
19,56.5,-25.15439229605021
19,57.0,-22.317227797175725
19,57.5,-20.46689619644206
19,58.0,-18.989056117265054
19,58.5,-17.518725664328823
19,59.0,-15.928770173825471
19,59.5,-14.32042894403997
19,60.0,-12.713118690457136
19,60.5,-11.261583247880582
19,61.0,-10.041862117265184
19,61.5,-9.096440752475692
19,62.0,-8.481715219884014
19,62.5,-8.200153977401389
19,63.0,-8.326001895704158
19,63.5,-8.926778084513957
19,64.0,-10.19539591762464
19,64.5,-12.42779404122516
19,65.0,-16.528167601537998
19,65.5,-27.72428626117398
19,66.0,-26.696131610263777
19,66.5,-15.964595494632553
19,67.0,-11.792177563010991
19,67.5,-9.497449521217511
19,68.0,-8.25797241911448
19,68.5,-7.840463479049031
19,69.0,-8.160937276365786
19,69.5,-9.310266939290424
19,70.0,-11.496585918230274
19,70.5,-15.725691786197151
19,71.0,-26.579173837600216
19,71.5,-24.42561380101128
19,72.0,-15.181546618242734
19,72.5,-11.596494838069374
19,73.0,-9.714819453071046
19,73.5,-8.943823403883004
19,74.0,-9.079152311172296
19,74.5,-10.059243206426911
19,75.0,-11.833562044233078
19,75.5,-14.133736374243872
19,76.0,-14.986483002753328
19,76.5,-13.094854800228376
19,77.0,-10.50172081532863
19,77.5,-8.539109830105817
19,78.0,-7.314996496179265
19,78.5,-6.706772236824738
19,79.0,-6.613428977844086
19,79.5,-6.927074734406563
19,80.0,-7.522344431808309
19,80.5,-8.211557115613383
19,81.0,-8.762236447209713
19,81.5,-9.013932150409152
19,82.0,-9.025113895599892
19,82.5,-8.973604679702518
19,83.0,-9.034974548818733
19,83.5,-9.301871867802364
19,84.0,-9.76555575990089
19,84.5,-10.350965917180323
19,85.0,-10.95989639454522
19,85.5,-11.54745947897064
19,86.0,-12.264844183015724
19,86.5,-13.342885162114811
19,87.0,-15.139679719811369
19,87.5,-17.862566473137377
19,88.0,-19.664262777507133
19,88.5,-16.924874980506107
19,89.0,-12.864890486021665
19,89.5,-9.890841900388606
19,90.0,-7.768273166553461
19,90.5,-6.3802679313673485
19,91.0,-5.610234204505171
19,91.5,-5.381034447691039
19,92.0,-5.6655387150002605
19,92.5,-6.506370722022065
19,93.0,-7.976416396513184
19,93.5,-10.193287325840592
19,94.0,-13.752338406801616
19,94.5,-19.819454331159385
19,95.0,-24.88253682793185
19,95.5,-18.4143025075817
19,96.0,-13.92983564314748
19,96.5,-11.267548304720172
19,97.0,-9.602287920985344
19,97.5,-8.575980849170836
19,98.0,-8.017162278777311
19,98.5,-7.863859263087299
19,99.0,-8.077035899666972
19,99.5,-8.629522070011358
19,100.0,-9.193545832649177
20,0.0,-23.488173485393567
20,0.5,-23.286838542086656
20,1.0,-22.935250297876944
20,1.5,-22.87604565760765
20,2.0,-23.51270732540402
20,2.5,-25.208725669027324
20,3.0,-28.063031416910057
20,3.5,-29.536268777648583
20,4.0,-26.24158036804966
20,4.5,-22.36407711416527
20,5.0,-19.71400353337942
20,5.5,-18.072498305059725
20,6.0,-17.259253636193424
20,6.5,-17.119766614739554
20,7.0,-17.65271012127123
20,7.5,-18.857046023639118
20,8.0,-20.915866508702507
20,8.5,-23.946575918120736
20,9.0,-27.67136886117639
20,9.5,-29.278678519265583
20,10.0,-27.328902367258216
20,10.5,-25.14326159223466
20,11.0,-23.89407942067189
20,11.5,-23.464458989588906
20,12.0,-23.654881004482625
20,12.5,-24.34728744178728
20,13.0,-25.6026173349434
20,13.5,-27.560144183501254
20,14.0,-30.26195604707327
20,14.5,-32.06972708464555
20,15.0,-29.36037026335068
20,15.5,-25.30352671723024
20,16.0,-22.263549640424216
20,16.5,-20.29347152489952
20,17.0,-19.10334368270077
20,17.5,-18.68468097730222
20,18.0,-19.080126373273064
20,18.5,-20.427317469858213
20,19.0,-23.05724669664718
20,19.5,-28.365037329889496
20,20.0,-34.24332608173018
20,20.5,-27.70029193174984
20,21.0,-22.61777804997269
20,21.5,-19.93085328779634
20,22.0,-18.5287093417027
20,22.5,-17.942294054279312
20,23.0,-17.91804459014059
20,23.5,-18.217069790535096
20,24.0,-18.585955319032823
20,24.5,-18.82866155565564
20,25.0,-18.963874655453647
20,25.5,-19.2063018893871
20,26.0,-19.85249845569141
20,26.5,-21.096817583390685
20,27.0,-22.811937089558068
20,27.5,-24.07136203852565
20,28.0,-23.246193840858883
20,28.5,-21.176804522642072
20,29.0,-19.503092942406244
20,29.5,-18.72901623204524
20,30.0,-18.856680369425494
20,30.5,-19.793839923417373
20,31.0,-20.80700952113288
20,31.5,-20.18471450322074
20,32.0,-17.889586057058178
20,32.5,-15.473407600683927
20,33.0,-13.77656816954874
20,33.5,-12.952147169473614
20,34.0,-12.997106498656494
20,34.5,-14.094796063500873
20,35.0,-16.760599420738714
20,35.5,-22.762909418748585
20,36.0,-30.687978342855047
20,36.5,-20.593344485608693
20,37.0,-15.37214416859319
20,37.5,-13.034572974122682
20,38.0,-12.225853878979294
20,38.5,-12.843278981301594
20,39.0,-15.154587184147916
20,39.5,-18.090653771723744
20,40.0,-15.330666982268369
20,40.5,-10.00168962966344
20,41.0,-6.155265896004451
20,41.5,-3.530575916205134
20,42.0,-1.747744522608297
20,42.5,-0.6589617234321112
20,43.0,-0.1056515698302964
20,43.5,-0.0889122336646656
20,44.0,-0.6038671926573353
20,44.5,-1.745572958799018
20,45.0,-3.6407555519001993
20,45.5,-6.632311704405352
20,46.0,-11.49145732823684
20,46.5,-18.5060466922888
20,47.0,-16.346485939218006
20,47.5,-11.156465935227692
20,48.0,-8.703851169065766
20,48.5,-7.778758712016489
20,49.0,-7.939465290675598
20,49.5,-9.083345447116958
20,50.0,-11.26294388500026
20,50.5,-14.4319622540659
20,51.0,-17.553312304950026
20,51.5,-17.111469929618234
20,52.0,-14.74353997317389
20,52.5,-13.247837676639747
20,53.0,-12.936514053051452
20,53.5,-13.75118925414291
20,54.0,-15.835229788304334
20,54.5,-19.74140739966224
20,55.0,-26.046827609259736
20,55.5,-26.377376853163263
20,56.0,-21.315623877195613
20,56.5,-18.56155761671672
20,57.0,-17.184094689482112
20,57.5,-16.04821567961758
20,58.0,-14.522688802104764
20,58.5,-12.614726873680462
20,59.0,-10.77613064745402
20,59.5,-9.378340155079156
20,60.0,-8.472377812376404
20,60.5,-8.155844172645473
20,61.0,-8.493021872097835
20,61.5,-9.569132384408148
20,62.0,-11.535087509117275
20,62.5,-15.053053190967974
20,63.0,-21.89037216010899
20,63.5,-28.85352987875581
20,64.0,-20.082134810285588
20,64.5,-15.653165989103108
20,65.0,-13.733929340621344
20,65.5,-13.107467089383602
20,66.0,-13.33518035295761
20,66.5,-14.047125924200374
20,67.0,-14.625791826202532
20,67.5,-14.402883831257522
20,68.0,-13.478040634471393
20,68.5,-12.536805667413931
20,69.0,-12.007782992623792
20,69.5,-12.14376497717613
20,70.0,-13.078844682809546
20,70.5,-15.160411225165948
20,71.0,-19.144003408481478
20,71.5,-29.412753539315407
20,72.0,-29.09136721098665
20,72.5,-19.400818996859343
20,73.0,-15.419012887442133
20,73.5,-13.229770430637448
20,74.0,-11.960928940884711
20,74.5,-11.193994997559455
20,75.0,-10.687288835821832
20,75.5,-10.227040541777695
20,76.0,-9.745072335904943
20,76.5,-9.27240258590861
20,77.0,-8.858565507451177
20,77.5,-8.604245181684975
20,78.0,-8.579679527115777
20,78.5,-8.821635619923299
20,79.0,-9.339417914391834
20,79.5,-10.185423291975797
20,80.0,-11.36072610271853
20,80.5,-12.868295005968632
20,81.0,-14.586058882176172
20,81.5,-16.007395616012698
20,82.0,-16.341073511647192
20,82.5,-15.310798363189718
20,83.0,-13.79471054796612
20,83.5,-12.4210815369875
20,84.0,-11.491161263858915
20,84.5,-11.077547722452357
20,85.0,-11.186984856306314
20,85.5,-11.81388136764464
20,86.0,-13.004312971912938
20,86.5,-14.681157990621225
20,87.0,-16.54607564875873
20,87.5,-17.85799752907264
20,88.0,-18.049268578980264
20,88.5,-17.65133269193769
20,89.0,-17.43601321968673
20,89.5,-17.617369481984387
20,90.0,-17.770289487631274
20,90.5,-17.04017457813933
20,91.0,-15.26632761982935
20,91.5,-13.271138773555377
20,92.0,-11.709936657079384
20,92.5,-10.690649421089434
20,93.0,-10.30959928385868
20,93.5,-10.582860426684718
20,94.0,-11.56377459706033
20,94.5,-13.253079114146148
20,95.0,-15.381996208676242
20,95.5,-16.74659254435299
20,96.0,-16.195182130649645
20,96.5,-14.844673771227612
20,97.0,-14.102253171587243
20,97.5,-14.565849273081223
20,98.0,-16.832023688848114
20,98.5,-23.299795900960017
20,99.0,-30.98268551945902
20,99.5,-16.800552968205878
20,100.0,-12.38762755713807
21,0.0,-4.740576699598555
21,0.5,-4.8319543491994725
21,1.0,-5.09809399764934
21,1.5,-5.561218541951767
21,2.0,-6.221482911634734
21,2.5,-7.095214809195251
21,3.0,-8.193501942930576
21,3.5,-9.49346280269968
21,4.0,-11.094977753784676
21,4.5,-12.970868224251696
21,5.0,-15.120737787927188
21,5.5,-17.479957303252906
21,6.0,-19.80143019634088
21,6.5,-21.865352763546237
21,7.0,-23.121577059739856
21,7.5,-23.24903606087589
21,8.0,-22.307585494953305
21,8.5,-20.65581146197437
21,9.0,-18.749914175446666
21,9.5,-16.94045671675924
21,10.0,-15.45680235036335
21,10.5,-14.289838440691844
21,11.0,-13.523702133359835
21,11.5,-13.19298605591446
21,12.0,-13.317016671576882
21,12.5,-13.907224295131284
21,13.0,-14.999916986740924
21,13.5,-16.401243216915873
21,14.0,-17.378319739589948
21,14.5,-16.918224733324926
21,15.0,-15.168061700463143
21,15.5,-13.225212997863784
21,16.0,-11.658124443339691
21,16.5,-10.60703903440769
21,17.0,-9.985116930199505
21,17.5,-9.780699790985452
21,18.0,-9.95061519690757
21,18.5,-10.424903045008678
21,19.0,-11.096708353532318
21,19.5,-11.889771270757857
21,20.0,-12.657044098036856
21,20.5,-13.2983129427329
21,21.0,-13.864108640740332
21,21.5,-14.398307715189606
21,22.0,-14.90715938298734
21,22.5,-15.238922212428264
21,23.0,-15.135418152137891
21,23.5,-14.494661750097135
21,24.0,-13.563801623057412
21,24.5,-12.711608671335997
21,25.0,-12.200561862697883
21,25.5,-12.17797708779544
21,26.0,-12.725762428458964
21,26.5,-13.841184664210704
21,27.0,-15.143805094497411
21,27.5,-15.517561428931144
21,28.0,-13.98607657880311
21,28.5,-11.591696867227808
21,29.0,-9.460128654710784
21,29.5,-7.923056869638202
21,30.0,-6.884448661702438
21,30.5,-6.352875138450431
21,31.0,-6.313192477640616
21,31.5,-6.756393401813952
21,32.0,-7.68558168505566
21,32.5,-9.23457340406045
21,33.0,-11.508655192694007
21,33.5,-14.58000671529325
21,34.0,-18.216703086635533
21,34.5,-19.212873208795283
21,35.0,-16.70462558535871
21,35.5,-14.261124078730262
21,36.0,-12.77664419087914
21,36.5,-12.026739044317871
21,37.0,-11.930239496261528
21,37.5,-12.425016635635355
21,38.0,-13.578793552591309
21,38.5,-15.51563970612337
21,39.0,-18.50883831632286
21,39.5,-22.057517877949824
21,40.0,-21.66282522212015
21,40.5,-17.44920620663514
21,41.0,-13.806525673605966
21,41.5,-11.129362967267369
21,42.0,-9.108528042273488
21,42.5,-7.607281607661921
21,43.0,-6.429896084080683
21,43.5,-5.570858476093393
21,44.0,-5.023062927456573
21,44.5,-4.7463983403266665
21,45.0,-4.765313624720057
21,45.5,-5.1041225816976175
21,46.0,-5.782802902695613
21,46.5,-6.799552878682968
21,47.0,-8.235760646922063
21,47.5,-10.007065781786748
21,48.0,-11.82453134437769
21,48.5,-12.992938644597068
21,49.0,-12.966821324845554
21,49.5,-12.189877359500452
21,50.0,-11.41969863170496
21,50.5,-11.040327041409354
21,51.0,-11.115833781763952
21,51.5,-11.618455702868951
21,52.0,-12.411152496977287
21,52.5,-13.210717224034063
21,53.0,-13.666490263051127
21,53.5,-13.691961232064896
21,54.0,-13.534840284480463
21,54.5,-13.601190189545616
21,55.0,-14.21609854926652
21,55.5,-15.621826185635843
21,56.0,-18.288159710034734
21,56.5,-22.34684681664124
21,57.0,-23.602240554727487
21,57.5,-19.46939454197542
21,58.0,-15.939657291547055
21,58.5,-13.868288519244668
21,59.0,-12.849890911288156
21,59.5,-12.673530534265202
21,60.0,-13.177457422393486
21,60.5,-14.090591597899026
21,61.0,-14.674331222739818
21,61.5,-14.020737970203884
21,62.0,-12.3840251897015
21,62.5,-10.6068736908927
21,63.0,-9.246431161095526
21,63.5,-8.460741686223333
21,64.0,-8.22369271860054
21,64.5,-8.57524686897167
21,65.0,-9.560475609928275
21,65.5,-11.180394239338623
21,66.0,-13.13877495669351
21,66.5,-14.393200336884949
21,67.0,-13.507881788788405
21,67.5,-11.44373834164491
21,68.0,-9.628077477207322
21,68.5,-8.470852191261345
21,69.0,-7.915645219492518
21,69.5,-7.982228303013167
21,70.0,-8.67507377351187
21,70.5,-10.145348048165866
21,71.0,-12.638394991186455
21,71.5,-16.907837852154586
21,72.0,-24.444479573629025
21,72.5,-23.849078272658726
21,73.0,-17.239444524623927
21,73.5,-13.864261129798148
21,74.0,-12.151355916281007
21,74.5,-11.433417049981204
21,75.0,-11.466933598637562
21,75.5,-12.143554273099408
21,76.0,-13.394309939037628
21,76.5,-15.051576609398172
21,77.0,-16.891689661190913
21,77.5,-18.240731417372423
21,78.0,-18.68959408601333
21,78.5,-18.723892842793333
21,79.0,-19.06182092197221
21,79.5,-20.196492583999788
21,80.0,-22.341075695211977
21,80.5,-24.791768530898715
21,81.0,-24.338685701143397
21,81.5,-21.29879102341469
21,82.0,-18.595234760029644
21,82.5,-16.910445313368566
21,83.0,-16.156594901246415
21,83.5,-16.191893399499452
21,84.0,-17.00991588432873
21,84.5,-18.574194743071097
21,85.0,-20.417726400714308
21,85.5,-21.00036845288337
21,86.0,-19.46901842745429
21,86.5,-17.338274518158546
21,87.0,-15.732362994102331
21,87.5,-14.852639832810642
21,88.0,-14.71166055175194
21,88.5,-15.34202165113259
21,89.0,-16.90780325663335
21,89.5,-19.758344854509417
21,90.0,-25.385715177837135
21,90.5,-30.379317202906783
21,91.0,-23.20070569249973
21,91.5,-18.263406929526617
21,92.0,-15.53223649766866
21,92.5,-13.810111280992649
21,93.0,-12.785900226838033
21,93.5,-12.264615560131412
21,94.0,-12.06179106046391
21,94.5,-12.059106850113723
21,95.0,-12.126704451765573
21,95.5,-12.159137676181505
21,96.0,-12.117248710364644
21,96.5,-12.031153510152132
21,97.0,-11.974856176684256
21,97.5,-12.01548604834808
21,98.0,-12.17270091887094
21,98.5,-12.402933643177914
21,99.0,-12.631911685500326
21,99.5,-12.755231593660126
21,100.0,-12.755589737996129
