Canal,Frecuencia,Magnitud
0,0.0,-6.511570395241908
0,0.5,-6.641697750035626
0,1.0,-7.025309877833386
0,1.5,-7.7106567462419875
0,2.0,-8.731183530270611
0,2.5,-10.178219283081535
0,3.0,-12.194212587923673
0,3.5,-14.978325757406475
0,4.0,-19.20041726544944
0,4.5,-23.419337875987573
0,5.0,-21.6001185651546
0,5.5,-16.779051152115223
0,6.0,-13.531663600656524
0,6.5,-11.28109264428203
0,7.0,-9.6973282076225
0,7.5,-8.606514268900478
0,8.0,-7.826973907654942
0,8.5,-7.327220895544306
0,9.0,-7.0706994746398735
0,9.5,-7.025989390026987
0,10.0,-7.171577636095367
0,10.5,-7.505233971984783
0,11.0,-8.01439332288048
0,11.5,-8.694294608993456
0,12.0,-9.528011596644848
0,12.5,-10.458033325313886
0,13.0,-11.479520902283614
0,13.5,-12.441186442031226
0,14.0,-13.126677795738525
0,14.5,-13.369247788445488
0,15.0,-13.078740253061442
0,15.5,-12.379541408886524
0,16.0,-11.49228734488704
0,16.5,-10.609200408439426
0,17.0,-9.770329145668702
0,17.5,-9.048068463902675
0,18.0,-8.464783206029054
0,18.5,-8.025684299185082
0,19.0,-7.743225443501246
0,19.5,-7.602635388443021
0,20.0,-7.616446699829137
0,20.5,-7.784863704668577
0,21.0,-8.126471277827099
0,21.5,-8.647147616239657
0,22.0,-9.366435845933058
0,22.5,-10.301616858368956
0,23.0,-11.44543283604441
0,23.5,-12.90836400798186
0,24.0,-14.70364286094429
0,24.5,-16.88663448610901
0,25.0,-19.412478189838293
0,25.5,-21.74995826163961
0,26.0,-22.70628839539428
0,26.5,-21.58265806648399
0,27.0,-19.68017684679227
0,27.5,-17.814686080331132
0,28.0,-16.222366113141593
0,28.5,-14.86924246243266
0,29.0,-13.691778019210414
0,29.5,-12.683394631423896
0,30.0,-11.76470254409469
0,30.5,-10.967261143706482
0,31.0,-10.303541307336
0,31.5,-9.785449850965012
0,32.0,-9.440116189958944
0,32.5,-9.263667684401206
0,33.0,-9.285876417303568
0,33.5,-9.521057762596174
0,34.0,-10.010069011839091
0,34.5,-10.775903830713714
0,35.0,-11.855967840863713
0,35.5,-13.252121569420858
0,36.0,-14.813567964860564
0,36.5,-16.188730970437604
0,37.0,-16.49339138041909
0,37.5,-15.496141278582346
0,38.0,-13.86820797676651
0,38.5,-12.288170628320051
0,39.0,-11.007452008860133
0,39.5,-10.070223715138653
0,40.0,-9.490349265835292
0,40.5,-9.222433849130038
0,41.0,-9.286016712987704
0,41.5,-9.707462747960845
0,42.0,-10.524936607809416
0,42.5,-11.785399735790453
0,43.0,-13.733803803239724
0,43.5,-16.64675821901877
0,44.0,-20.827027728849806
0,44.5,-23.81872709464554
0,45.0,-20.069685628266427
0,45.5,-15.774234328721768
0,46.0,-12.829357549318742
0,46.5,-10.832541743316469
0,47.0,-9.355831504627997
0,47.5,-8.299830992296155
0,48.0,-7.574270886850724
0,48.5,-7.109910553980365
0,49.0,-6.870403330926079
0,49.5,-6.805726309599599
0,50.0,-6.893253260463712
0,50.5,-7.09801325634655
0,51.0,-7.404166010146615
0,51.5,-7.77804755485651
0,52.0,-8.196361555743708
0,52.5,-8.641580366554592
0,53.0,-9.094731810863165
0,53.5,-9.593498836394875
0,54.0,-10.146419491428748
0,54.5,-10.78861233857195
0,55.0,-11.556912887703206
0,55.5,-12.460063113564296
0,56.0,-13.579756954173517
0,56.5,-14.874242460636529
0,57.0,-16.188054505767777
0,57.5,-17.27204212872431
0,58.0,-17.559897316283582
0,58.5,-16.790239035141685
0,59.0,-15.38756366549146
0,59.5,-13.90827592656467
0,60.0,-12.5112994055373
0,60.5,-11.30687518769538
0,61.0,-10.294363857793142
0,61.5,-9.447095866075944
0,62.0,-8.763364625155056
0,62.5,-8.182085662771126
0,63.0,-7.712966719680571
0,63.5,-7.361522905941837
0,64.0,-7.105704427617456
0,64.5,-6.960532244235197
0,65.0,-6.935162970905304
0,65.5,-7.0348738509551785
0,66.0,-7.25888812370162
0,66.5,-7.622645219448732
0,67.0,-8.109817772735543
0,67.5,-8.691444031426215
0,68.0,-9.298196478835967
0,68.5,-9.799396759058125
0,69.0,-10.07507133457998
0,69.5,-9.994346624967209
0,70.0,-9.570384595404912
0,70.5,-8.895852644447762
0,71.0,-8.137219293305314
0,71.5,-7.41717011987461
0,72.0,-6.807734018657532
0,72.5,-6.358295425693883
0,73.0,-6.054729595425971
0,73.5,-5.912886649281821
0,74.0,-5.930742229989146
0,74.5,-6.094814679801334
0,75.0,-6.381325971553904
0,75.5,-6.788006822931083
0,76.0,-7.281041626901006
0,76.5,-7.815655902939245
0,77.0,-8.398291733384031
0,77.5,-8.995115600717595
0,78.0,-9.607951871199065
0,78.5,-10.263459325315464
0,79.0,-10.9921698289496
0,79.5,-11.919850569587354
0,80.0,-13.130935567239971
0,80.5,-14.785929990307878
0,81.0,-17.100345083418237
0,81.5,-20.2428032684738
0,82.0,-23.59083272881477
0,82.5,-22.63251707677293
0,83.0,-18.78763425795416
0,83.5,-15.538917675728792
0,84.0,-13.195434811640329
0,84.5,-11.513116666520526
0,85.0,-10.306853615685766
0,85.5,-9.499785941493256
0,86.0,-8.975747127563263
0,86.5,-8.715645552531534
0,87.0,-8.68998410649525
0,87.5,-8.86451963369361
0,88.0,-9.200093857433163
0,88.5,-9.686524130492314
0,89.0,-10.280649000054668
0,89.5,-10.931041923743871
0,90.0,-11.655595463175718
0,90.5,-12.426976267077482
0,91.0,-13.25144900337618
0,91.5,-14.116177705092197
0,92.0,-14.893144514778228
0,92.5,-15.317959992246154
0,93.0,-14.916507129382143
0,93.5,-13.606569536842828
0,94.0,-11.716471900538462
0,94.5,-9.746923773112382
0,95.0,-7.943024549311265
0,95.5,-6.382546512412831
0,96.0,-5.118977294780302
0,96.5,-4.0666655826524885
0,97.0,-3.2547693936257507
0,97.5,-2.679764466010887
0,98.0,-2.3330190875184527
0,98.5,-2.219595605368589
0,99.0,-2.340469735086655
0,99.5,-2.7152200206807344
0,100.0,-3.1558412966231426
1,0.0,-13.417746574235784
1,0.5,-12.317538293241949
1,1.0,-10.220703807652129
1,1.5,-8.219438779195642
1,2.0,-6.670850267344927
1,2.5,-5.572180200263115
1,3.0,-4.861106326648484
1,3.5,-4.506991173796759
1,4.0,-4.46212855983776
1,4.5,-4.726996249598411
1,5.0,-5.309337476674981
1,5.5,-6.212621677471509
1,6.0,-7.407967047810096
1,6.5,-8.945804536084708
1,7.0,-10.640680998198713
1,7.5,-12.006277535311398
1,8.0,-12.444705373802456
1,8.5,-11.785282493363058
1,9.0,-10.646137967211518
1,9.5,-9.6013577458103
1,10.0,-8.900857901619068
1,10.5,-8.568708090642161
1,11.0,-8.653956800710901
1,11.5,-9.205766892821494
1,12.0,-10.299136151496768
1,12.5,-12.05601778249381
1,13.0,-15.002229721328224
1,13.5,-20.20406950012028
1,14.0,-26.248480467306276
1,14.5,-20.018162560204303
1,15.0,-14.336042002415743
1,15.5,-10.98066570746352
1,16.0,-8.721915984963305
1,16.5,-7.176850496377102
1,17.0,-6.046616295171842
1,17.5,-5.27215840926217
1,18.0,-4.794237125682791
1,18.5,-4.565161899201136
1,19.0,-4.557359373231905
1,19.5,-4.750188774599479
1,20.0,-5.128801814172181
1,20.5,-5.663888020245196
1,21.0,-6.376932336459767
1,21.5,-7.238829412577226
1,22.0,-8.23807174703147
1,22.5,-9.355740181108713
1,23.0,-10.538471998220336
1,23.5,-11.847401067813443
1,24.0,-13.244638024641931
1,24.5,-14.754091494117668
1,25.0,-16.427013645784132
1,25.5,-18.28732553494852
1,26.0,-20.512821921556217
1,26.5,-22.84120616783749
1,27.0,-24.264738383544387
1,27.5,-23.59936522901153
1,28.0,-21.376013504522984
1,28.5,-19.061195532619408
1,29.0,-17.15820088024334
1,29.5,-15.718998303745868
1,30.0,-14.58032256295045
1,30.5,-13.718823131326968
1,31.0,-13.082228622643832
1,31.5,-12.619075301410684
1,32.0,-12.30000121332468
1,32.5,-12.0709986473564
1,33.0,-11.914502955111274
1,33.5,-11.81283669252153
1,34.0,-11.745579981967412
1,34.5,-11.707952292737124
1,35.0,-11.69556977174172
1,35.5,-11.702193264499586
1,36.0,-11.716579328818025
1,36.5,-11.720087058524935
1,37.0,-11.68436045399256
1,37.5,-11.581096288576443
1,38.0,-11.378817828539978
1,38.5,-11.07475736384822
1,39.0,-10.685634928370236
1,39.5,-10.251436483423214
1,40.0,-9.831999408181115
1,40.5,-9.447703939783882
1,41.0,-9.15137514221796
1,41.5,-8.978413929016986
1,42.0,-8.953307674816076
1,42.5,-9.09464667413134
1,43.0,-9.433555725875932
1,43.5,-9.988698417226516
1,44.0,-10.761581836070022
1,44.5,-11.828663165972769
1,45.0,-13.188352292694493
1,45.5,-14.83375150339451
1,46.0,-16.61753726574786
1,46.5,-18.053226020414325
1,47.0,-18.54608980468297
1,47.5,-17.91124283992598
1,48.0,-16.76971724493007
1,48.5,-15.715558828246715
1,49.0,-15.007705231472755
1,49.5,-14.670800752492909
1,50.0,-14.75216453432563
1,50.5,-15.268163270357972
1,51.0,-16.313594585893703
1,51.5,-17.972588048778412
1,52.0,-20.334347257392427
1,52.5,-22.79529025818356
1,53.0,-22.79806483416787
1,53.5,-20.042934351985952
1,54.0,-17.12655970733867
1,54.5,-14.846980977821406
1,55.0,-13.15178793471626
1,55.5,-11.96635151265738
1,56.0,-11.1333323984549
1,56.5,-10.636893665992766
1,57.0,-10.449590933548286
1,57.5,-10.537792546967236
1,58.0,-10.889007490960376
1,58.5,-11.479040811050686
1,59.0,-12.237725167402768
1,59.5,-12.997039461868194
1,60.0,-13.540439438808106
1,60.5,-13.55093395225669
1,61.0,-12.930578032757644
1,61.5,-11.907891764249504
1,62.0,-10.811695027533302
1,62.5,-9.772294454381855
1,63.0,-8.914362842436404
1,63.5,-8.290375031752173
1,64.0,-7.870368294165913
1,64.5,-7.675642926328796
1,65.0,-7.713414007843259
1,65.5,-7.986371605330652
1,66.0,-8.493657094321055
1,66.5,-9.294107211701188
1,67.0,-10.41709933976029
1,67.5,-11.949574988841292
1,68.0,-14.026762669144537
1,68.5,-16.850607616149187
1,69.0,-21.370673782425644
1,69.5,-31.023234485336964
1,70.0,-33.50405651471182
1,70.5,-23.00630619013761
1,71.0,-18.81783560679501
1,71.5,-16.43284164851933
1,72.0,-14.93105473342547
1,72.5,-14.0221101267377
1,73.0,-13.492060228362666
1,73.5,-13.28084901461556
1,74.0,-13.334620399586882
1,74.5,-13.602952278978972
1,75.0,-14.032895471496689
1,75.5,-14.61131100037146
1,76.0,-15.2846223374737
1,76.5,-15.993783213295607
1,77.0,-16.75797974054275
1,77.5,-17.55220113553844
1,78.0,-18.39999852704914
1,78.5,-19.335388514630512
1,79.0,-20.333720170359243
1,79.5,-21.33809354095157
1,80.0,-21.92684096932851
1,80.5,-21.493129838580742
1,81.0,-19.96200659279401
1,81.5,-17.970690235172597
1,82.0,-15.924144199190923
1,82.5,-14.094284611363337
1,83.0,-12.574556822617096
1,83.5,-11.2615838676874
1,84.0,-10.182179733269326
1,84.5,-9.32006241062314
1,85.0,-8.653881572308785
1,85.5,-8.185548776311448
1,86.0,-7.876707549934376
1,86.5,-7.736518216631156
1,87.0,-7.766196860973896
1,87.5,-7.963639527578518
1,88.0,-8.322736877510348
1,88.5,-8.875926703211277
1,89.0,-9.628180010718076
1,89.5,-10.575216905216127
1,90.0,-11.81668697122916
1,90.5,-13.387556324707203
1,91.0,-15.40929912620324
1,91.5,-18.081273157070203
1,92.0,-21.698589251507254
1,92.5,-26.95141399528116
1,93.0,-28.98910511856561
1,93.5,-24.225374165999764
1,94.0,-20.166061482327816
1,94.5,-17.413270388908785
1,95.0,-15.416605068102092
1,95.5,-13.874306261892752
1,96.0,-12.676625082235365
1,96.5,-11.664572942493695
1,97.0,-10.827378741028411
1,97.5,-10.13991126397542
1,98.0,-9.584340419303976
1,98.5,-9.167861266199838
1,99.0,-8.864822998209533
1,99.5,-8.693368980446676
1,100.0,-8.65346919933209
2,0.0,-4.003005894556713
2,0.5,-3.963663078175586
2,1.0,-3.859952881781573
2,1.5,-3.71394445534589
2,2.0,-3.5671944663989748
2,2.5,-3.461585773671122
2,3.0,-3.434751974163219
2,3.5,-3.518244596115814
2,4.0,-3.749681902942267
2,4.5,-4.159219377491386
2,5.0,-4.790115721894592
2,5.5,-5.689417888780064
2,6.0,-6.894792950737087
2,6.5,-8.609127332305627
2,7.0,-11.034326113379308
2,7.5,-14.61094569899875
2,8.0,-21.303387466156703
2,8.5,-28.44409881643156
2,9.0,-18.48881446516447
2,9.5,-13.293671570292076
2,10.0,-10.409556206402334
2,10.5,-8.456154128469915
2,11.0,-7.137487040084673
2,11.5,-6.2883935105934015
2,12.0,-5.812035088632773
2,12.5,-5.669931238667327
2,13.0,-5.836659626088524
2,13.5,-6.3211456554441865
2,14.0,-7.123352329320446
2,14.5,-8.34528528929782
2,15.0,-10.05039368167836
2,15.5,-12.393494454941372
2,16.0,-15.498926122540318
2,16.5,-18.65176164637016
2,17.0,-19.004385419794417
2,17.5,-16.3607089111927
2,18.0,-13.74711086081372
2,18.5,-11.903275634248113
2,19.0,-10.762965106288425
2,19.5,-10.1295097109153
2,20.0,-9.969796900192698
2,20.5,-10.252598832775574
2,21.0,-11.014746877822438
2,21.5,-12.31009317538615
2,22.0,-14.26018255199864
2,22.5,-16.904357609431255
2,23.0,-19.368069767618238
2,23.5,-19.06990080073444
2,24.0,-16.22994434395004
2,24.5,-13.460834763000554
2,25.0,-11.370460818431733
2,25.5,-9.9125879942929
2,26.0,-8.871587499417474
2,26.5,-8.206910872563043
2,27.0,-7.8705162585572594
2,27.5,-7.79741088678997
2,28.0,-7.958646786114016
2,28.5,-8.30893227172583
2,29.0,-8.770303949352789
2,29.5,-9.215221525701644
2,30.0,-9.517097443308709
2,30.5,-9.520760365290949
2,31.0,-9.172226085376067
2,31.5,-8.558200113161176
2,32.0,-7.8406725884875
2,32.5,-7.098610434658757
2,33.0,-6.429362387074084
2,33.5,-5.884609027298048
2,34.0,-5.438781273129635
2,34.5,-5.102150170812148
2,35.0,-4.861619519484335
2,35.5,-4.696662800184043
2,36.0,-4.592239561817053
2,36.5,-4.526645951155135
2,37.0,-4.49453205659668
2,37.5,-4.495554141041183
2,38.0,-4.538585232838453
2,38.5,-4.640333515239061
2,39.0,-4.8257873301854985
2,39.5,-5.121069302369225
2,40.0,-5.543709636203755
2,40.5,-6.154747193196867
2,41.0,-6.979226193460253
2,41.5,-8.065652839406953
2,42.0,-9.450899324683308
2,42.5,-11.093329967005378
2,43.0,-12.945464315868897
2,43.5,-14.33716613068142
2,44.0,-14.283293507398447
2,44.5,-12.850286388249632
2,45.0,-11.03537164789982
2,45.5,-9.414321665275452
2,46.0,-8.118396406056304
2,46.5,-7.171934354275416
2,47.0,-6.483631427727296
2,47.5,-6.052759259939155
2,48.0,-5.859927808049957
2,48.5,-5.882424068048826
2,49.0,-6.100290699737384
2,49.5,-6.516537206287592
2,50.0,-7.114592706840669
2,50.5,-7.859668025298041
2,51.0,-8.781733615587196
2,51.5,-9.83282695273014
2,52.0,-10.978712141557011
2,52.5,-12.172163636109264
2,53.0,-13.334288699703118
2,53.5,-14.519074795924276
2,54.0,-15.719207220898248
2,54.5,-17.019743528598497
2,55.0,-18.52241956983121
2,55.5,-20.17193452218369
2,56.0,-21.55446631339372
2,56.5,-21.40401454712189
2,57.0,-19.52945721181703
2,57.5,-16.972309826730505
2,58.0,-14.589789212652304
2,58.5,-12.599661210278851
2,59.0,-10.984286044279951
2,59.5,-9.734023166297648
2,60.0,-8.725578797812926
2,60.5,-7.963763321246674
2,61.0,-7.427314232964409
2,61.5,-7.09277728650542
2,62.0,-6.950802464430892
2,62.5,-6.981936229140443
2,63.0,-7.182235881986903
2,63.5,-7.532977987083837
2,64.0,-8.046990460307079
2,64.5,-8.700552261996966
2,65.0,-9.47533173041457
2,65.5,-10.335081532474373
2,66.0,-11.201177201702029
2,66.5,-12.05547553350196
2,67.0,-12.790455104176896
2,67.5,-13.33837042224646
2,68.0,-13.687191349366993
2,68.5,-13.871116285483104
2,69.0,-13.975403893047602
2,69.5,-14.067733821547552
2,70.0,-14.198768081577594
2,70.5,-14.408403952625148
2,71.0,-14.703376876233072
2,71.5,-15.080999080077923
2,72.0,-15.525599688180716
2,72.5,-16.00515358064318
2,73.0,-16.536891803300012
2,73.5,-17.106476908271397
2,74.0,-17.737991691250084
2,74.5,-18.482907769123525
2,75.0,-19.401963747678096
2,75.5,-20.698511145706583
2,76.0,-22.59108064850864
2,76.5,-25.50654854422993
2,77.0,-31.307711843445095
2,77.5,-38.4585247722918
2,78.0,-28.62817176723307
2,78.5,-22.718390040409574
2,79.0,-19.13746930782821
2,79.5,-16.468604987034485
2,80.0,-14.415327153828366
2,80.5,-12.794137527858036
2,81.0,-11.49211779877362
2,81.5,-10.479306854194569
2,82.0,-9.65225961789224
2,82.5,-9.016287247609934
2,83.0,-8.567554866996588
2,83.5,-8.266045343454508
2,84.0,-8.118665796342846
2,84.5,-8.125289230258772
2,85.0,-8.283418728243408
2,85.5,-8.588036097416683
2,86.0,-9.067421422170492
2,86.5,-9.72707368523116
2,87.0,-10.594861380220566
2,87.5,-11.703184638413813
2,88.0,-13.066367031145289
2,88.5,-14.86635895623598
2,89.0,-17.235371283299088
2,89.5,-20.44401817997849
2,90.0,-25.778097019327756
2,90.5,-36.61409370029556
2,91.0,-30.96521994087757
2,91.5,-23.776257253317407
2,92.0,-20.385798893146525
2,92.5,-18.238141440786844
2,93.0,-16.84779605112414
2,93.5,-16.003895290399587
2,94.0,-15.542884229607637
2,94.5,-15.443985523349916
2,95.0,-15.70749589586456
2,95.5,-16.35766489923519
2,96.0,-17.443416357075968
2,96.5,-19.21675763225025
2,97.0,-22.075506383276828
2,97.5,-27.543632269172942
2,98.0,-38.71231192442063
2,98.5,-28.062054325060963
2,99.0,-21.050084317545213
2,99.5,-17.056379760631536
2,100.0,-14.911174205372792
3,0.0,-4.038675300610459
3,0.5,-4.134157328091628
3,1.0,-4.411461110493861
3,1.5,-4.890591833599441
3,2.0,-5.563818791232259
3,2.5,-6.428174627197499
3,3.0,-7.45041502490694
3,3.5,-8.516107154942043
3,4.0,-9.512041162532528
3,4.5,-10.128664084125475
3,5.0,-10.124818326770953
3,5.5,-9.55357073938312
3,6.0,-8.703470295316258
3,6.5,-7.779795216858847
3,7.0,-6.955033026985229
3,7.5,-6.310997882829711
3,8.0,-5.825523463372992
3,8.5,-5.517661743727103
3,9.0,-5.3822947096210285
3,9.5,-5.404371970865208
3,10.0,-5.565600012779696
3,10.5,-5.860395637797144
3,11.0,-6.265168633762674
3,11.5,-6.758750521903424
3,12.0,-7.312331009561459
3,12.5,-7.879596625048162
3,13.0,-8.470117145018504
3,13.5,-9.05110135897941
3,14.0,-9.607166577735253
3,14.5,-10.195419515558182
3,15.0,-10.838010876328216
3,15.5,-11.589336943634745
3,16.0,-12.50578906357435
3,16.5,-13.61050131582027
3,17.0,-15.013401320133712
3,17.5,-16.63586079335271
3,18.0,-18.12821418294152
3,18.5,-18.64808120966654
3,19.0,-17.719248280616593
3,19.5,-15.916280452578288
3,20.0,-14.033917846530365
3,20.5,-12.43926459974897
3,21.0,-11.092906636931088
3,21.5,-10.027367085475646
3,22.0,-9.216751182593844
3,22.5,-8.627908192592232
3,23.0,-8.250897826703797
3,23.5,-8.045836108080657
3,24.0,-8.013277052129418
3,24.5,-8.149447932557807
3,25.0,-8.447735763410137
3,25.5,-8.89483959479541
3,26.0,-9.52372328464542
3,26.5,-10.33054025675774
3,27.0,-11.301749481903377
3,27.5,-12.524574619367844
3,28.0,-14.007852234191295
3,28.5,-15.815547392217882
3,29.0,-18.014439258521247
3,29.5,-20.563506662958165
3,30.0,-23.304221281351182
3,30.5,-24.59503836104425
3,31.0,-23.09173915248824
3,31.5,-20.644910660934688
3,32.0,-18.55975943731992
3,32.5,-16.843806920263045
3,33.0,-15.48443707763565
3,33.5,-14.436854848399843
3,34.0,-13.580017865431987
3,34.5,-12.91093883857742
3,35.0,-12.41035752906734
3,35.5,-12.061566221952104
3,36.0,-11.86343783426612
3,36.5,-11.798921605341722
3,37.0,-11.86871843037413
3,37.5,-12.055420397829575
3,38.0,-12.344194257466835
3,38.5,-12.676244602547335
3,39.0,-12.956384044711555
3,39.5,-13.053632926870131
3,40.0,-12.849921354079411
3,40.5,-12.289638646460276
3,41.0,-11.45325219471806
3,41.5,-10.478202203392105
3,42.0,-9.49823119424018
3,42.5,-8.62861347292677
3,43.0,-7.86678099242388
3,43.5,-7.267498669237568
3,44.0,-6.859247067054993
3,44.5,-6.6276673694248345
3,45.0,-6.59620068235152
3,45.5,-6.782767036276819
3,46.0,-7.201733126752751
3,46.5,-7.858599238574492
3,47.0,-8.831302506168207
3,47.5,-10.14736796570389
3,48.0,-11.866663487647084
3,48.5,-13.973772909355128
3,49.0,-16.070418748080563
3,49.5,-17.127819150928616
3,50.0,-16.191620794855627
3,50.5,-14.338100500664297
3,51.0,-12.553323471918963
3,51.5,-11.192890850730036
3,52.0,-10.27642296356475
3,52.5,-9.760187452180531
3,53.0,-9.624890407612636
3,53.5,-9.860466851492152
3,54.0,-10.496929588785717
3,54.5,-11.609290627985786
3,55.0,-13.320575628875046
3,55.5,-15.815873422423968
3,56.0,-19.78618009361904
3,56.5,-24.78232271911887
3,57.0,-23.220458061807356
3,57.5,-18.09730095813625
3,58.0,-14.65224337913016
3,58.5,-12.39109951146548
3,59.0,-10.855516482033948
3,59.5,-9.866318839988192
3,60.0,-9.248218739256805
3,60.5,-8.968355736787775
3,61.0,-8.993350490005017
3,61.5,-9.289747829460984
3,62.0,-9.81498479475788
3,62.5,-10.56064326721023
3,63.0,-11.430892065268726
3,63.5,-12.25153895734876
3,64.0,-12.846970589206064
3,64.5,-12.980760063666215
3,65.0,-12.606465984188064
3,65.5,-11.913561401818331
3,66.0,-11.160851817091723
3,66.5,-10.463227136111437
3,67.0,-9.916514515791125
3,67.5,-9.543229868292684
3,68.0,-9.330002895986516
3,68.5,-9.252585034027224
3,69.0,-9.266210891678067
3,69.5,-9.323877967820623
3,70.0,-9.370003408010904
3,70.5,-9.358281228628304
3,71.0,-9.257932083803649
3,71.5,-9.066267625671358
3,72.0,-8.812024197230878
3,72.5,-8.546753695744014
3,73.0,-8.301416661223923
3,73.5,-8.12556471198043
3,74.0,-8.054063639965745
3,74.5,-8.10916166598492
3,75.0,-8.302863123145924
3,75.5,-8.662410092452873
3,76.0,-9.196037896103068
3,76.5,-9.89783423616672
3,77.0,-10.83226220008743
3,77.5,-12.005136896454625
3,78.0,-13.462689658983631
3,78.5,-15.259734989511784
3,79.0,-17.420027219062817
3,79.5,-20.217898476212497
3,80.0,-23.729091635287
3,80.5,-27.479796235510435
3,81.0,-28.7024797386564
3,81.5,-26.820399309583344
3,82.0,-24.702992062601258
3,82.5,-23.341528014762485
3,83.0,-22.705984009062888
3,83.5,-22.628234899830847
3,84.0,-22.99287050974836
3,84.5,-23.52706281994911
3,85.0,-23.621263397967358
3,85.5,-22.641059889314437
3,86.0,-20.643787790879077
3,86.5,-18.33775777728849
3,87.0,-16.170300605516235
3,87.5,-14.277342863432636
3,88.0,-12.719125295161415
3,88.5,-11.37591838101114
3,89.0,-10.270037754081688
3,89.5,-9.405368643029394
3,90.0,-8.708885647760365
3,90.5,-8.192769932297354
3,91.0,-7.84831122102327
3,91.5,-7.661848906289746
3,92.0,-7.625363522982613
3,92.5,-7.727190169717396
3,93.0,-7.958108620426523
3,93.5,-8.295071715290662
3,94.0,-8.74323268272424
3,94.5,-9.272674698216392
3,95.0,-9.861424837019392
3,95.5,-10.48325803846642
3,96.0,-11.095200319442862
3,96.5,-11.714439242389862
3,97.0,-12.303242929781604
3,97.5,-12.836458691062012
3,98.0,-13.272765835764014
3,98.5,-13.53300558091285
3,99.0,-13.540972916263742
3,99.5,-13.221697954139012
3,100.0,-12.791285901747605
4,0.0,-7.429012747562889
4,0.5,-7.346059736113151
4,1.0,-7.132950451230779
4,1.5,-6.845659957773624
4,2.0,-6.569817453571911
4,2.5,-6.375720976517876
4,3.0,-6.312984313150868
4,3.5,-6.4150376311093815
4,4.0,-6.717428110676322
4,4.5,-7.243454108404292
4,5.0,-8.028054258007638
4,5.5,-9.103690834506802
4,6.0,-10.477563098744524
4,6.5,-12.304116390420235
4,7.0,-14.615200157775016
4,7.5,-17.306966513406465
4,8.0,-19.94285448764041
4,8.5,-20.79637076983629
4,9.0,-19.44214355705057
4,9.5,-17.634492109263277
4,10.0,-16.301938368824274
4,10.5,-15.46237200904357
4,11.0,-15.100560964071088
4,11.5,-15.16977225551285
4,12.0,-15.629569468393454
4,12.5,-16.446843144821536
4,13.0,-17.690568437456626
4,13.5,-19.38413416313936
4,14.0,-21.545749546129358
4,14.5,-24.39303854127205
4,15.0,-27.477035057466917
4,15.5,-27.58055272681792
4,16.0,-23.77830437897108
4,16.5,-20.2022104550264
4,17.0,-17.265316320581444
4,17.5,-14.875779201054817
4,18.0,-12.899948730320329
4,18.5,-11.2518033696685
4,19.0,-9.930254591337182
4,19.5,-8.828378562407877
4,20.0,-7.974673847193462
4,20.5,-7.38281698831719
4,21.0,-7.018306128761118
4,21.5,-6.910102491924206
4,22.0,-7.085071397688836
4,22.5,-7.574312984864621
4,23.0,-8.41294671741569
4,23.5,-9.762750371193963
4,24.0,-11.80242576848224
4,24.5,-15.011373637702004
4,25.0,-20.466500950762647
4,25.5,-24.61481227763529
4,26.0,-18.344249936584344
4,26.5,-13.336567973225565
4,27.0,-10.300117221113702
4,27.5,-8.152585617824014
4,28.0,-6.627858647280953
4,28.5,-5.55903462752746
4,29.0,-4.84128081885521
4,29.5,-4.431676823198985
4,30.0,-4.268789421203388
4,30.5,-4.340987485672875
4,31.0,-4.631930168743598
4,31.5,-5.113600687886684
4,32.0,-5.731216404709866
4,32.5,-6.461550237839642
4,33.0,-7.185463446940517
4,33.5,-7.748728901253635
4,34.0,-8.05425521851651
4,34.5,-8.038397404450203
4,35.0,-7.770998365355474
4,35.5,-7.399318287621154
4,36.0,-7.06507967356693
4,36.5,-6.838795329346326
4,37.0,-6.783889277095131
4,37.5,-6.926019882639255
4,38.0,-7.292313338441258
4,38.5,-7.890186954885201
4,39.0,-8.731626820039716
4,39.5,-9.809323940878908
4,40.0,-11.0580894145603
4,40.5,-12.473256742335778
4,41.0,-13.834491705180422
4,41.5,-14.852901309977728
4,42.0,-15.3186519922695
4,42.5,-15.293347058273191
4,43.0,-15.059297811929946
4,43.5,-14.88761808801329
4,44.0,-14.932184006233914
4,44.5,-15.24518243101143
4,45.0,-15.775397041255763
4,45.5,-16.329545115955238
4,46.0,-16.535403846207238
4,46.5,-16.052851652295857
4,47.0,-14.87923514599735
4,47.5,-13.393465445197368
4,48.0,-11.929160219846793
4,48.5,-10.649048618687203
4,49.0,-9.635887361400162
4,49.5,-8.83122615224932
4,50.0,-8.255923619599843
4,50.5,-7.906505981305024
4,51.0,-7.746821438720469
4,51.5,-7.774780041736689
4,52.0,-7.981297208752032
4,52.5,-8.349431146953961
4,53.0,-8.847919084439514
4,53.5,-9.487006587192
4,54.0,-10.222852515350947
4,54.5,-11.017599099706873
4,55.0,-11.820049156531168
4,55.5,-12.55079763889482
4,56.0,-13.199699138982172
4,56.5,-13.701073175013624
4,57.0,-14.01832975711858
4,57.5,-14.155153469895112
4,58.0,-14.089522582489655
4,58.5,-13.81227446354343
4,59.0,-13.343285188280763
4,59.5,-12.74464696807678
4,60.0,-12.04314048169689
4,60.5,-11.323634685764508
4,61.0,-10.643899743299334
4,61.5,-10.045529442914578
4,62.0,-9.572065860474536
4,62.5,-9.213317664646674
4,63.0,-8.996752627679067
4,63.5,-8.933054309806485
4,64.0,-9.02449613948328
4,64.5,-9.277267311664971
4,65.0,-9.69634892206386
4,65.5,-10.274922952118402
4,66.0,-10.976588562658591
4,66.5,-11.806764462349852
4,67.0,-12.661590405698387
4,67.5,-13.38885474491016
4,68.0,-13.79122706639238
4,68.5,-13.722505803556697
4,69.0,-13.19298918499401
4,69.5,-12.360120120098983
4,70.0,-11.428138788300382
4,70.5,-10.461749046663192
4,71.0,-9.553395727249844
4,71.5,-8.73175211543804
4,72.0,-8.003205438067669
4,72.5,-7.38740467673554
4,73.0,-6.844266540516347
4,73.5,-6.391967062300907
4,74.0,-6.03270066651984
4,74.5,-5.766462322869601
4,75.0,-5.601494588610079
4,75.5,-5.5315381471898055
4,76.0,-5.566275914479696
4,76.5,-5.706049913074492
4,77.0,-5.964178593717797
4,77.5,-6.340107481101018
4,78.0,-6.838641279581352
4,78.5,-7.456814165289982
4,79.0,-8.166881545918313
4,79.5,-8.998793038537794
4,80.0,-9.902382907890948
4,80.5,-10.83000091947994
4,81.0,-11.711321214448896
4,81.5,-12.442918929602612
4,82.0,-13.00410471680106
4,82.5,-13.353732670856155
4,83.0,-13.524481418272748
4,83.5,-13.599817613994906
4,84.0,-13.644610898209882
4,84.5,-13.704741072720086
4,85.0,-13.791274925963323
4,85.5,-13.87907201344894
4,86.0,-13.922195279134556
4,86.5,-13.85243687622428
4,87.0,-13.609452039895515
4,87.5,-13.175422298992862
4,88.0,-12.591347235690334
4,88.5,-11.87256072927332
4,89.0,-11.092425938422966
4,89.5,-10.31839073324456
4,90.0,-9.52978084594885
4,90.5,-8.765185884969835
4,91.0,-8.032020512584912
4,91.5,-7.333196719580168
4,92.0,-6.692145904699988
4,92.5,-6.073856061387244
4,93.0,-5.505395480162047
4,93.5,-5.011005017494595
4,94.0,-4.569869670835925
4,94.5,-4.2078468808787255
4,95.0,-3.937313203309523
4,95.5,-3.7667023376136606
4,96.0,-3.70764932548482
4,96.5,-3.766186716440065
4,97.0,-3.953673156193185
4,97.5,-4.282600866479931
4,98.0,-4.759561253798536
4,98.5,-5.37343513726188
4,99.0,-6.166852807588231
4,99.5,-7.1148148661175945
4,100.0,-7.885063024321875
5,0.0,-5.081497710676606
5,0.5,-5.117077725275065
5,1.0,-5.2216630686990655
5,1.5,-5.406897808619079
5,2.0,-5.677365450234447
5,2.5,-6.045731227998248
5,3.0,-6.523210075991488
5,3.5,-7.106784281410458
5,4.0,-7.8505506247118095
5,4.5,-8.755551695471746
5,5.0,-9.846195291657088
5,5.5,-11.137980515339152
5,6.0,-12.59612807675916
5,6.5,-14.299182200876643
5,7.0,-16.136854704359237
5,7.5,-17.885770000669364
5,8.0,-19.318469576612017
5,8.5,-20.030715829226526
5,9.0,-20.10279702150607
5,9.5,-20.075789715343728
5,10.0,-20.416706673737345
5,10.5,-21.501503715832257
5,11.0,-23.731260388547465
5,11.5,-27.413977208246703
5,12.0,-27.9264440463765
5,12.5,-22.63654518122456
5,13.0,-17.893037711068725
5,13.5,-14.440438894158165
5,14.0,-11.890803413577247
5,14.5,-9.816326238487084
5,15.0,-8.152031535925593
5,15.5,-6.81772213255028
5,16.0,-5.752374335639235
5,16.5,-4.946330602370655
5,17.0,-4.325960306301623
5,17.5,-3.90186744045416
5,18.0,-3.669497827481045
5,18.5,-3.622065699019696
5,19.0,-3.757531991240815
5,19.5,-4.092187923664877
5,20.0,-4.636222550215015
5,20.5,-5.389520232664492
5,21.0,-6.436815424753835
5,21.5,-7.814142449122842
5,22.0,-9.63292171431938
5,22.5,-12.075074536543056
5,23.0,-15.442496370425433
5,23.5,-21.112449407212893
5,24.0,-27.67364844804541
5,24.5,-22.81836968009363
5,25.0,-17.795842493196957
5,25.5,-14.81693619445993
5,26.0,-12.95229928754177
5,26.5,-11.813136088709893
5,27.0,-11.209707353405392
5,27.5,-11.002220501162254
5,28.0,-11.160233978886913
5,28.5,-11.667633650269671
5,29.0,-12.50296156873678
5,29.5,-13.595268091460348
5,30.0,-14.87319294957854
5,30.5,-15.91847960534441
5,31.0,-16.082855871347725
5,31.5,-15.132182189533408
5,32.0,-13.603866769008114
5,32.5,-11.96668996601374
5,33.0,-10.514597070971298
5,33.5,-9.342062296932989
5,34.0,-8.367533429071742
5,34.5,-7.603323548288203
5,35.0,-7.027698002107423
5,35.5,-6.614423163959275
5,36.0,-6.35295949764641
5,36.5,-6.210938914096802
5,37.0,-6.183062471259023
5,37.5,-6.2553441288461125
5,38.0,-6.421712640342443
5,38.5,-6.670347083456056
5,39.0,-6.993400418219279
5,39.5,-7.3797331271148785
5,40.0,-7.805213529575444
5,40.5,-8.282515373580283
5,41.0,-8.779652415337118
5,41.5,-9.269931885639837
5,42.0,-9.717479123394718
5,42.5,-10.067377358257971
5,43.0,-10.294531977487468
5,43.5,-10.351903943741055
5,44.0,-10.231058335914463
5,44.5,-9.9432656277238
5,45.0,-9.53548749659751
5,45.5,-9.060707492395766
5,46.0,-8.571814840087614
5,46.5,-8.124018025686784
5,47.0,-7.720307426495419
5,47.5,-7.3962831187275695
5,48.0,-7.169436826796898
5,48.5,-7.049370003137558
5,49.0,-7.045482081521366
5,49.5,-7.166270587020126
5,50.0,-7.420898519234949
5,50.5,-7.807686090220622
5,51.0,-8.363707054052329
5,51.5,-9.092815696508303
5,52.0,-10.019366138175895
5,52.5,-11.16445436973044
5,53.0,-12.51332229334489
5,53.5,-14.170227076166208
5,54.0,-16.06590220568117
5,54.5,-18.005956430660273
5,55.0,-19.42994115711311
5,55.5,-19.62472432569735
5,56.0,-18.684810532317183
5,56.5,-17.37119669123727
5,57.0,-16.222831002063156
5,57.5,-15.320824881087493
5,58.0,-14.71604832782014
5,58.5,-14.395971777987922
5,59.0,-14.333320860226738
5,59.5,-14.504736365818724
5,60.0,-14.905450802218214
5,60.5,-15.514289109235833
5,61.0,-16.312550091191948
5,61.5,-17.258931659035124
5,62.0,-18.260521246893763
5,62.5,-19.288691307510604
5,63.0,-20.213788900335743
5,63.5,-20.95713031892353
5,64.0,-21.605505505339327
5,64.5,-22.269863307555383
5,65.0,-23.13556554821801
5,65.5,-24.359830410486516
5,66.0,-25.878953882712384
5,66.5,-27.01123027920844
5,67.0,-25.990925019823077
5,67.5,-23.01372685548246
5,68.0,-19.88873423835252
5,68.5,-17.309716827526632
5,69.0,-15.127184357115937
5,69.5,-13.342878048914615
5,70.0,-11.93160138090982
5,70.5,-10.753580810996946
5,71.0,-9.816719943925357
5,71.5,-9.099076311867556
5,72.0,-8.577187705963969
5,72.5,-8.247487366950061
5,73.0,-8.07854691901267
5,73.5,-8.071711883842921
5,74.0,-8.221012419799134
5,74.5,-8.511954447695988
5,75.0,-8.91520879065584
5,75.5,-9.42850518317124
5,76.0,-9.99586668133212
5,76.5,-10.536129429993917
5,77.0,-10.999136543438102
5,77.5,-11.285820910152818
5,78.0,-11.342872006655009
5,78.5,-11.18630596893612
5,79.0,-10.888339536138044
5,79.5,-10.51310678954075
5,80.0,-10.140775131176111
5,80.5,-9.821667674524187
5,81.0,-9.58253566624882
5,81.5,-9.439560762035772
5,82.0,-9.385020308034198
5,82.5,-9.417673075645892
5,83.0,-9.524007108911652
5,83.5,-9.69742789830902
5,84.0,-9.920208090285566
5,84.5,-10.178667976849583
5,85.0,-10.459655927792856
5,85.5,-10.745490158520548
5,86.0,-11.049762785079029
5,86.5,-11.363978985837424
5,87.0,-11.692626984275314
5,87.5,-12.041585565423672
5,88.0,-12.405355630180336
5,88.5,-12.810262294360038
5,89.0,-13.24434529963209
5,89.5,-13.68776520047193
5,90.0,-14.155888702235316
5,90.5,-14.616654031798582
5,91.0,-15.04622342702006
5,91.5,-15.420247470740412
5,92.0,-15.707708937158824
5,92.5,-15.911597491790149
5,93.0,-16.018897166670584
5,93.5,-16.03647142766068
5,94.0,-15.98289590360712
5,94.5,-15.88136192789707
5,95.0,-15.758813434112763
5,95.5,-15.643850537835778
5,96.0,-15.566073171488064
5,96.5,-15.546985352400029
5,97.0,-15.613612558739906
5,97.5,-15.791762156372856
5,98.0,-16.101236922778707
5,98.5,-16.54740995206495
5,99.0,-17.172436302125654
5,99.5,-17.963391336822372
5,100.0,-18.626385517280973
6,0.0,-1.3301200754743097
6,0.5,-1.3306955073152174
6,1.0,-1.3364206372893217
6,1.5,-1.3596996874563638
6,2.0,-1.4179439950560742
6,2.5,-1.5336142164600308
6,3.0,-1.7284561179989135
6,3.5,-2.016645953520395
6,4.0,-2.440487260661225
6,4.5,-3.0167345003569386
6,5.0,-3.779324258450538
6,5.5,-4.762384207885023
6,6.0,-5.978621145911155
6,6.5,-7.5800462597858385
6,7.0,-9.648108337863354
6,7.5,-12.304331779066256
6,8.0,-16.092894203267665
6,8.5,-21.58016101321027
6,9.0,-24.22290371408686
6,9.5,-18.569263949965617
6,10.0,-15.009367199667071
6,10.5,-12.800329025054326
6,11.0,-11.417054443471642
6,11.5,-10.59265559800106
6,12.0,-10.16883650454961
6,12.5,-10.053017357045778
6,13.0,-10.150076153791789
6,13.5,-10.360366980296364
6,14.0,-10.542665024448022
6,14.5,-10.550827111023366
6,15.0,-10.264646317331373
6,15.5,-9.674788883551184
6,16.0,-8.893360818397104
6,16.5,-8.083148793324343
6,17.0,-7.304080656466037
6,17.5,-6.648335386899367
6,18.0,-6.155571721569053
6,18.5,-5.841185820702052
6,19.0,-5.719447594757051
6,19.5,-5.791321303185894
6,20.0,-6.070675659103094
6,20.5,-6.556729036126213
6,21.0,-7.301909164570102
6,21.5,-8.324121803927587
6,22.0,-9.682242174562877
6,22.5,-11.453155202132113
6,23.0,-13.705097421225222
6,23.5,-16.828605614610105
6,24.0,-21.030283214563905
6,24.5,-24.08675215182141
6,25.0,-23.155816185022967
6,25.5,-20.34883963562315
6,26.0,-18.19005322232013
6,26.5,-16.963167360206917
6,27.0,-16.513827374353767
6,27.5,-16.732187273479365
6,28.0,-17.646722308550732
6,28.5,-19.3490247054248
6,29.0,-21.670639702218477
6,29.5,-22.838354994518184
6,30.0,-20.73299068339936
6,30.5,-17.32999231194968
6,31.0,-14.385155213823486
6,31.5,-12.087857081191832
6,32.0,-10.371791919662432
6,32.5,-9.018704633832316
6,33.0,-8.00930279606315
6,33.5,-7.319165226321242
6,34.0,-6.8778057716024525
6,34.5,-6.694204844182763
6,35.0,-6.773459308777692
6,35.5,-7.12326970888693
6,36.0,-7.75292939760746
6,36.5,-8.755874181153434
6,37.0,-10.208062004782809
6,37.5,-12.227600755428352
6,38.0,-15.348284058630224
6,38.5,-20.713516877630347
6,39.0,-27.33105950955913
6,39.5,-20.910614707641503
6,40.0,-16.17233903744429
6,40.5,-13.015608331663676
6,41.0,-10.90400608485658
6,41.5,-9.485241930785728
6,42.0,-8.55997577069093
6,42.5,-8.050252628574352
6,43.0,-7.876677978338953
6,43.5,-8.037843980328754
6,44.0,-8.523332490453532
6,44.5,-9.388747082967653
6,45.0,-10.661469543398546
6,45.5,-12.39171295477589
6,46.0,-14.493343898006373
6,46.5,-16.284757429797338
6,47.0,-16.433336349559905
6,47.5,-14.743314600771832
6,48.0,-12.629032230746551
6,48.5,-10.847650351803106
6,49.0,-9.556963776501783
6,49.5,-8.644592160105613
6,50.0,-8.109614028275923
6,50.5,-7.932540414533405
6,51.0,-8.097664302402919
6,51.5,-8.629102528322262
6,52.0,-9.585587494707664
6,52.5,-11.05985963700686
6,53.0,-13.183572195760382
6,53.5,-16.523158911600813
6,54.0,-21.83124176579648
6,54.5,-24.85218292428695
6,55.0,-19.543242084153405
6,55.5,-15.271372374197782
6,56.0,-12.49473435605307
6,56.5,-10.659311207473758
6,57.0,-9.483226245208048
6,57.5,-8.735715944033432
6,58.0,-8.373325629003983
6,58.5,-8.362299151345205
6,59.0,-8.681491309366413
6,59.5,-9.318913677588125
6,60.0,-10.346722535375804
6,60.5,-11.810592036683625
6,61.0,-13.848751565139269
6,61.5,-16.70198005832347
6,62.0,-20.78758320030752
6,62.5,-26.93926469502956
6,63.0,-27.441941900179746
6,63.5,-22.35296972451929
6,64.0,-18.917771941498227
6,64.5,-16.82826029818348
6,65.0,-15.52622642345158
6,65.5,-14.700104626274555
6,66.0,-14.182696026555057
6,66.5,-13.79898307616934
6,67.0,-13.451768764889929
6,67.5,-13.06250504522639
6,68.0,-12.606690352873208
6,68.5,-12.125245575393317
6,69.0,-11.645182419431713
6,69.5,-11.243546938521442
6,70.0,-10.98157551101908
6,70.5,-10.884097671693317
6,71.0,-10.990259535247269
6,71.5,-11.331289337033668
6,72.0,-11.928941935083966
6,72.5,-12.786994701167773
6,73.0,-14.000134432572247
6,73.5,-15.599262655078276
6,74.0,-17.68323127140189
6,74.5,-20.386522295641218
6,75.0,-23.83808639638276
6,75.5,-28.480625463221106
6,76.0,-32.770714598974635
6,76.5,-32.13599726746334
6,77.0,-28.432278529720268
6,77.5,-25.163047961745757
6,78.0,-22.261092395017062
6,78.5,-19.54802367333825
6,79.0,-17.131636929033256
6,79.5,-14.92309229110932
6,80.0,-13.025916745778217
6,80.5,-11.44639286742376
6,81.0,-10.165777668273394
6,81.5,-9.200241533358255
6,82.0,-8.47858829349787
6,82.5,-8.026082583469368
6,83.0,-7.850683565397731
6,83.5,-7.9536621921144
6,84.0,-8.365683558751773
6,84.5,-9.139860748042722
6,85.0,-10.349146748515274
6,85.5,-12.082650165907989
6,86.0,-14.737452881201946
6,86.5,-18.87588723531196
6,87.0,-24.509307718937315
6,87.5,-22.68714706307351
6,88.0,-17.36155713862858
6,88.5,-13.861041857723116
6,89.0,-11.593284241043216
6,89.5,-10.130759017847073
6,90.0,-9.158768495859398
6,90.5,-8.611477558471424
6,91.0,-8.43623205560803
6,91.5,-8.594872833932577
6,92.0,-9.05920637565374
6,92.5,-9.849978423359568
6,93.0,-10.93011347523146
6,93.5,-12.17555405854044
6,94.0,-13.408909300783687
6,94.5,-14.101920896145586
6,95.0,-13.818668059915671
6,95.5,-12.760415318686984
6,96.0,-11.479579871236608
6,96.5,-10.23794982341498
6,97.0,-9.19185034256653
6,97.5,-8.356268146312201
6,98.0,-7.699097216645477
6,98.5,-7.196887392131705
6,99.0,-6.776930319145136
6,99.5,-6.418098239501361
6,100.0,-6.17853219914897
7,0.0,-9.436761986713442
7,0.5,-9.36566914875753
7,1.0,-9.167633299284851
7,1.5,-8.852649076687396
7,2.0,-8.459157015339262
7,2.5,-8.023555310612744
7,3.0,-7.583839416954609
7,3.5,-7.1861626659660605
7,4.0,-6.835947478323946
7,4.5,-6.57180033797408
7,5.0,-6.41996042958209
7,5.5,-6.401179936197442
7,6.0,-6.534904469564693
7,6.5,-6.857014869741938
7,7.0,-7.397353078966086
7,7.5,-8.177579730327682
7,8.0,-9.314573001207323
7,8.5,-10.88801639915695
7,9.0,-13.08318249244716
7,9.5,-16.160139616471955
7,10.0,-19.97573790608926
7,10.5,-20.59537144060989
7,11.0,-16.557772716372984
7,11.5,-13.106884276801594
7,12.0,-10.653906138722917
7,12.5,-8.936367327722817
7,13.0,-7.65090456794082
7,13.5,-6.739972640914637
7,14.0,-6.153274385026842
7,14.5,-5.807442349633615
7,15.0,-5.685455459320766
7,15.5,-5.757004328917978
7,16.0,-5.977190500201279
7,16.5,-6.280647257963894
7,17.0,-6.607464832862096
7,17.5,-6.853315165730636
7,18.0,-6.927260718289772
7,18.5,-6.794836542149438
7,19.0,-6.499202514390456
7,19.5,-6.109238419314327
7,20.0,-5.732420934227097
7,20.5,-5.460587175512075
7,21.0,-5.340064332010632
7,21.5,-5.426849834434956
7,22.0,-5.769077477573368
7,22.5,-6.409970817476475
7,23.0,-7.3845347866385085
7,23.5,-8.859319589708912
7,24.0,-10.9889518762616
7,24.5,-14.169179651966928
7,25.0,-19.06463263685933
7,25.5,-22.710590647602316
7,26.0,-18.2330516248713
7,26.5,-13.84072953926047
7,27.0,-11.13779049069299
7,27.5,-9.316501393878806
7,28.0,-8.142122645203337
7,28.5,-7.462259186161141
7,29.0,-7.177143886171076
7,29.5,-7.22756445119489
7,30.0,-7.562158981057242
7,30.5,-8.099736297542492
7,31.0,-8.692986138611406
7,31.5,-9.098682255784016
7,32.0,-9.062191997624115
7,32.5,-8.505676739562333
7,33.0,-7.6095947064576785
7,33.5,-6.66447732278058
7,34.0,-5.803160533015314
7,34.5,-5.155448397223069
7,35.0,-4.7766392658539125
7,35.5,-4.691894226564452
7,36.0,-4.924649378770221
7,36.5,-5.535971571965363
7,37.0,-6.596582021136403
7,37.5,-8.196982858217368
7,38.0,-10.714401526272416
7,38.5,-14.615963962550326
7,39.0,-19.086756939900567
7,39.5,-16.73450751941833
7,40.0,-11.890639219259642
7,40.5,-8.45832474297701
7,41.0,-6.103009311987544
7,41.5,-4.447681721443686
7,42.0,-3.279430528799298
7,42.5,-2.5162407603743704
7,43.0,-2.048995645989225
7,43.5,-1.8669053086362184
7,44.0,-1.94913452564814
7,44.5,-2.2945678845102657
7,45.0,-2.9045621668179806
7,45.5,-3.798300602579872
7,46.0,-4.992634428599973
7,46.5,-6.469546892872765
7,47.0,-8.340961507369707
7,47.5,-10.513368846828492
7,48.0,-12.689655099222971
7,48.5,-14.10680973283662
7,49.0,-14.140207109267482
7,49.5,-13.300752675720306
7,50.0,-12.420181110120406
7,50.5,-11.905099373620772
7,51.0,-11.834025686704406
7,51.5,-12.257255331984588
7,52.0,-13.220615834936854
7,52.5,-14.753341323602342
7,53.0,-16.727702702049374
7,53.5,-18.569720593464897
7,54.0,-18.55207245996054
7,54.5,-16.5210701264012
7,55.0,-14.170262430075686
7,55.5,-12.308021541770538
7,56.0,-10.891453774182647
7,56.5,-9.91678258499452
7,57.0,-9.340737438711296
7,57.5,-9.08400578072576
7,58.0,-9.13900338406282
7,58.5,-9.499922209576724
7,59.0,-10.160637886623944
7,59.5,-11.10240530299247
7,60.0,-12.404886566782828
7,60.5,-14.065526619086295
7,61.0,-16.110223775016802
7,61.5,-18.48325901814699
7,62.0,-20.842570664334165
7,62.5,-22.67503015835416
7,63.0,-23.326661897441213
7,63.5,-23.10366530916779
7,64.0,-22.83292225453465
7,64.5,-23.03093978680493
7,65.0,-23.87059099780498
7,65.5,-25.258851002494765
7,66.0,-26.44055331339163
7,66.5,-25.92242714050874
7,67.0,-23.724464805191342
7,67.5,-21.27100985214503
7,68.0,-19.185330909322552
7,68.5,-17.592237391590665
7,69.0,-16.34052017593051
7,69.5,-15.413398611666052
7,70.0,-14.77007208104691
7,70.5,-14.31537436285222
7,71.0,-14.019959331969968
7,71.5,-13.839726807938328
7,72.0,-13.731224386947725
7,72.5,-13.664604385470284
7,73.0,-13.615760098124577
7,73.5,-13.580696412034792
7,74.0,-13.564353698792653
7,74.5,-13.574629768838852
7,75.0,-13.61317570205484
7,75.5,-13.671021202430174
7,76.0,-13.715735657314632
7,76.5,-13.697494361491312
7,77.0,-13.55692765810949
7,77.5,-13.25476965947166
7,78.0,-12.789120066485188
7,78.5,-12.209679359678228
7,79.0,-11.606104742973828
7,79.5,-11.01297741769816
7,80.0,-10.506637762576633
7,80.5,-10.131499653549024
7,81.0,-9.913580106655594
7,81.5,-9.873974426635248
7,82.0,-10.02578083165869
7,82.5,-10.38344620918624
7,83.0,-10.941328658675172
7,83.5,-11.742749194716565
7,84.0,-12.76744094317009
7,84.5,-13.984116633810611
7,85.0,-15.276982465861312
7,85.5,-16.367469186169686
7,86.0,-16.973511985747756
7,86.5,-16.881931680581065
7,87.0,-16.281141771372017
7,87.5,-15.54012064924723
7,88.0,-14.928962654306254
7,88.5,-14.532143914958215
7,89.0,-14.420284770031158
7,89.5,-14.615916248826098
7,90.0,-15.161961437865076
7,90.5,-16.100112298920507
7,91.0,-17.523889091970773
7,91.5,-19.566307921009155
7,92.0,-22.336271652986145
7,92.5,-25.73346431443077
7,93.0,-26.557374480070106
7,93.5,-23.441552668933376
7,94.0,-20.02395092119849
7,94.5,-17.40909820948775
7,95.0,-15.431000242418714
7,95.5,-13.886161673552545
7,96.0,-12.68963899822374
7,96.5,-11.686224106911569
7,97.0,-10.860147413366075
7,97.5,-10.176781110773916
7,98.0,-9.606665855065687
7,98.5,-9.145367099863009
7,99.0,-8.750163895848802
7,99.5,-8.42553642033117
7,100.0,-8.22845639306624
8,0.0,-12.911906795320943
8,0.5,-12.72506502641755
8,1.0,-12.252501002668748
8,1.5,-11.62148709090564
8,2.0,-10.992851632728458
8,2.5,-10.464810241462969
8,3.0,-10.084212020850062
8,3.5,-9.874890875532095
8,4.0,-9.821447501705933
8,4.5,-9.912976500914905
8,5.0,-10.118051562124132
8,5.5,-10.381893595691178
8,6.0,-10.626346783212618
8,6.5,-10.785786835698916
8,7.0,-10.78758545456824
8,7.5,-10.614732439778756
8,8.0,-10.287835494715551
8,8.5,-9.878848013692457
8,9.0,-9.461383618370528
8,9.5,-9.095509192825324
8,10.0,-8.829241634731261
8,10.5,-8.669337877686544
8,11.0,-8.63524457121089
8,11.5,-8.732917782138655
8,12.0,-8.957845952402012
8,12.5,-9.294294233181226
8,13.0,-9.755819374903592
8,13.5,-10.32359629424682
8,14.0,-10.969720007529896
8,14.5,-11.729645920407217
8,15.0,-12.584264001394551
8,15.5,-13.546739788147876
8,16.0,-14.640251773473492
8,16.5,-15.87062580895083
8,17.0,-17.387425494823958
8,17.5,-19.266887539765374
8,18.0,-21.720265481170923
8,18.5,-25.12752216733873
8,19.0,-29.504941234321745
8,19.5,-32.71587136273168
8,20.0,-31.11436560964117
8,20.5,-27.240013797124693
8,21.0,-24.65810292011335
8,21.5,-23.208353856625607
8,22.0,-22.60723886338642
8,22.5,-22.736973598474943
8,23.0,-23.60245700246443
8,23.5,-25.39206255241564
8,24.0,-28.00699841139229
8,24.5,-29.293571894138708
8,25.0,-26.65309395842374
8,25.5,-22.727310432781135
8,26.0,-19.465505759422054
8,26.5,-17.01114601628763
8,27.0,-15.19980265436664
8,27.5,-13.7731149061523
8,28.0,-12.701058256400572
8,28.5,-11.935155069526598
8,29.0,-11.435143711163
8,29.5,-11.18850615040416
8,30.0,-11.16925045595283
8,30.5,-11.382747923817195
8,31.0,-11.839113717228782
8,31.5,-12.546666687222068
8,32.0,-13.497323273675097
8,32.5,-14.781900534020185
8,33.0,-16.408214505263295
8,33.5,-18.34152373186745
8,34.0,-20.632657376197105
8,34.5,-22.79941740676763
8,35.0,-23.83044095080008
8,35.5,-23.32570270724197
8,36.0,-22.22947891175653
8,36.5,-21.294349638490008
8,37.0,-20.82572101700876
8,37.5,-20.888391120296163
8,38.0,-21.51318893483795
8,38.5,-22.687338392133867
8,39.0,-24.14462228110007
8,39.5,-24.772368915014983
8,40.0,-23.373054572489245
8,40.5,-20.722653666318408
8,41.0,-18.149472770589377
8,41.5,-16.03979781421536
8,42.0,-14.38848055320052
8,42.5,-13.18034809237374
8,43.0,-12.296190660637157
8,43.5,-11.749620151531172
8,44.0,-11.54183093458492
8,44.5,-11.674993417968516
8,45.0,-12.195851911887983
8,45.5,-13.193146491986532
8,46.0,-14.80047549281874
8,46.5,-17.182539465996058
8,47.0,-20.6346612124182
8,47.5,-22.706750071360307
8,48.0,-19.475788018454665
8,48.5,-15.44236279121426
8,49.0,-12.536759009794515
8,49.5,-10.353493045221946
8,50.0,-8.754201290262927
8,50.5,-7.640797146064731
8,51.0,-6.869256379680051
8,51.5,-6.437318114015936
8,52.0,-6.340044856455249
8,52.5,-6.582378763902614
8,53.0,-7.183893271341378
8,53.5,-8.26275942832151
8,54.0,-9.95667454190537
8,54.5,-12.628063569018666
8,55.0,-17.14630670913101
8,55.5,-24.12619284641607
8,56.0,-20.338365997205877
8,56.5,-13.824798392112903
8,57.0,-10.14924474238857
8,57.5,-7.635530264115618
8,58.0,-5.866933790945869
8,58.5,-4.6192896047731615
8,59.0,-3.76352048485767
8,59.5,-3.2520205841171115
8,60.0,-3.017952696030928
8,60.5,-3.0620155142864025
8,61.0,-3.389499005768922
8,61.5,-4.009013989558549
8,62.0,-4.923134625319089
8,62.5,-6.244735422910431
8,63.0,-8.03621000980893
8,63.5,-10.36666889869912
8,64.0,-13.532308096148412
8,64.5,-16.925258400781125
8,65.0,-17.406048787558166
8,65.5,-14.688566888349088
8,66.0,-12.078501389445607
8,66.5,-10.16085593628317
8,67.0,-8.882053467064797
8,67.5,-8.102210634351303
8,68.0,-7.712803566707323
8,68.5,-7.652855460545608
8,69.0,-7.873522988206836
8,69.5,-8.339140520400669
8,70.0,-8.988651664341969
8,70.5,-9.807886936602932
8,71.0,-10.702307456744794
8,71.5,-11.580578769111993
8,72.0,-12.365471928813506
8,72.5,-13.019713923595086
8,73.0,-13.655985683710224
8,73.5,-14.395742595106643
8,74.0,-15.425175312161144
8,74.5,-16.931757784291335
8,75.0,-18.983453850874024
8,75.5,-21.185981856138696
8,76.0,-21.100674460984504
8,76.5,-18.25001139955405
8,77.0,-15.029710601992658
8,77.5,-12.4454211695134
8,78.0,-10.488624892837183
8,78.5,-9.03044319441197
8,79.0,-8.019664448224544
8,79.5,-7.342991506262036
8,80.0,-7.008465565706284
8,80.5,-7.021486851407985
8,81.0,-7.39725033895877
8,81.5,-8.165088619554398
8,82.0,-9.48126852586366
8,82.5,-11.537343316001712
8,83.0,-14.715254629901398
8,83.5,-20.313377392675605
8,84.0,-23.227398543238827
8,84.5,-16.62904338300453
8,85.0,-11.879644177865025
8,85.5,-8.90911751853849
8,86.0,-6.7478098908873525
8,86.5,-5.161751957932057
8,87.0,-3.994289617535464
8,87.5,-3.144135014917372
8,88.0,-2.572957499689098
8,88.5,-2.2077162994114823
8,89.0,-2.041069643375764
8,89.5,-2.0546131197338418
8,90.0,-2.235786316292476
8,90.5,-2.574144300228408
8,91.0,-3.0647096738679265
8,91.5,-3.6978683893175615
8,92.0,-4.4448351235733226
8,92.5,-5.34771222183902
8,93.0,-6.379809029934907
8,93.5,-7.504287471336772
8,94.0,-8.79169909873551
8,94.5,-10.207579936647202
8,95.0,-11.747093601511352
8,95.5,-13.365356618395204
8,96.0,-14.873220176410236
8,96.5,-16.02480084249859
8,97.0,-16.329253834269473
8,97.5,-15.662930738546493
8,98.0,-14.44101674703957
8,98.5,-13.141900746313691
8,99.0,-11.919597503650024
8,99.5,-10.897563685854458
8,100.0,-10.288321877647755
9,0.0,-5.865792815536821
9,0.5,-5.870621246007916
9,1.0,-5.889337451639925
9,1.5,-5.936961565058917
9,2.0,-6.032443515153828
9,2.5,-6.199746180610565
9,3.0,-6.4600787884134565
9,3.5,-6.82315055337596
9,4.0,-7.331489086840849
9,4.5,-7.992323294267203
9,5.0,-8.82828815625025
9,5.5,-9.857310149201677
9,6.0,-11.068270056678507
9,6.5,-12.576146022895374
9,7.0,-14.406732252939946
9,7.5,-16.60851478446964
9,8.0,-19.572568634559182
9,8.5,-23.88054892302907
9,9.0,-32.41319108836783
9,9.5,-33.550193568473745
9,10.0,-25.174670997649404
9,10.5,-20.587296600329264
9,11.0,-17.547489051404305
9,11.5,-15.315108814875062
9,12.0,-13.583472153713595
9,12.5,-12.262810109794076
9,13.0,-11.201892920136634
9,13.5,-10.40422472348793
9,14.0,-9.864144976167143
9,14.5,-9.533617044912448
9,15.0,-9.42002636086724
9,15.5,-9.51969610706947
9,16.0,-9.818909654515805
9,16.5,-10.287558433033634
9,17.0,-10.925206796326275
9,17.5,-11.6628321495138
9,18.0,-12.407814181578177
9,18.5,-13.031361662854671
9,19.0,-13.397045786034974
9,19.5,-13.471230933272407
9,20.0,-13.290197937181151
9,20.5,-12.972643321090262
9,21.0,-12.602403644972764
9,21.5,-12.248697173125082
9,22.0,-11.928350507477177
9,22.5,-11.628069244636691
9,23.0,-11.33489537978174
9,23.5,-11.016303286464034
9,24.0,-10.687875972641276
9,24.5,-10.380392073385464
9,25.0,-10.142037414894638
9,25.5,-10.033610605582398
9,26.0,-10.1109321474146
9,26.5,-10.444344176415012
9,27.0,-11.09398103282507
9,27.5,-12.214132373986612
9,28.0,-13.959858088826453
9,28.5,-16.589225487544986
9,29.0,-19.78382377207884
9,29.5,-21.327870040103225
9,30.0,-18.306760671336335
9,30.5,-14.307216235897902
9,31.0,-11.369073840414416
9,31.5,-9.254258389732245
9,32.0,-7.771794090192294
9,32.5,-6.6912998509804495
9,33.0,-5.982958318011785
9,33.5,-5.616088475751681
9,34.0,-5.547765613269654
9,34.5,-5.787144480492403
9,35.0,-6.355405244603164
9,35.5,-7.280961913561731
9,36.0,-8.58678015257518
9,36.5,-10.47027872487262
9,37.0,-13.1013765346129
9,37.5,-16.760007902286098
9,38.0,-21.89909887642094
9,38.5,-23.142598594594727
9,39.0,-18.836592859400525
9,39.5,-15.660771098477731
9,40.0,-13.822209273830472
9,40.5,-12.78153817754506
9,41.0,-12.382681285222082
9,41.5,-12.536564391129248
9,42.0,-13.197448427330826
9,42.5,-14.33972712718272
9,43.0,-16.08267219372735
9,43.5,-18.466298901922187
9,44.0,-21.449327779616944
9,44.5,-24.98979529508218
9,45.0,-28.016857780083
9,45.5,-29.33613346532581
9,46.0,-29.181157612598348
9,46.5,-27.251183224202407
9,47.0,-22.71583395342487
9,47.5,-18.02206954913155
9,48.0,-14.120587893194088
9,48.5,-10.960535590729066
9,49.0,-8.47030079131696
9,49.5,-6.375125220520573
9,50.0,-4.67162615351285
9,50.5,-3.345782349858861
9,51.0,-2.2768683174804125
9,51.5,-1.4822266417412262
9,52.0,-0.9532070933756506
9,52.5,-0.6797262658702065
9,53.0,-0.6665482277740442
9,53.5,-0.9279273684478668
9,54.0,-1.4931309907313288
9,54.5,-2.420352292848388
9,55.0,-3.790195202827078
9,55.5,-5.698796623782933
9,56.0,-8.573681488010955
9,56.5,-12.922242440851011
9,57.0,-17.413867684569468
9,57.5,-14.686344869840282
9,58.0,-9.946483817297164
9,58.5,-6.853620884539184
9,59.0,-4.8182775186615805
9,59.5,-3.512754096809377
9,60.0,-2.671731926705954
9,60.5,-2.244088391978163
9,61.0,-2.192401352820981
9,61.5,-2.496277251921555
9,62.0,-3.150066379789417
9,62.5,-4.242883266153559
9,63.0,-5.853756396751488
9,63.5,-8.115300040621408
9,64.0,-11.660074377543657
9,64.5,-18.0863502072564
9,65.0,-28.662777861368014
9,65.5,-17.980117322577748
9,66.0,-12.51763612159032
9,66.5,-9.581673255056629
9,67.0,-7.827450017441021
9,67.5,-6.808444438622642
9,68.0,-6.316084685293784
9,68.5,-6.262228948048822
9,69.0,-6.603356989820542
9,69.5,-7.332891136779834
9,70.0,-8.430276293175417
9,70.5,-9.988784916223691
9,71.0,-11.964558910334263
9,71.5,-14.131324106095551
9,72.0,-15.622796717100512
9,72.5,-15.415929971383392
9,73.0,-13.983561318369276
9,73.5,-12.414981611007557
9,74.0,-11.165344002092295
9,74.5,-10.28338619675612
9,75.0,-9.737125219643485
9,75.5,-9.423553129040725
9,76.0,-9.289270382156111
9,76.5,-9.264920271165204
9,77.0,-9.283478979726487
9,77.5,-9.297623604989196
9,78.0,-9.28722795133594
9,78.5,-9.267510374159816
9,79.0,-9.280144990483404
9,79.5,-9.383443087954186
9,80.0,-9.637515213874918
9,80.5,-10.10817987219363
9,81.0,-10.855862943447343
9,81.5,-11.922856060745437
9,82.0,-13.478075188459435
9,82.5,-15.62286976010037
9,83.0,-18.35937519729865
9,83.5,-21.12263915201154
9,84.0,-21.08579006764305
9,84.5,-18.326647416008484
9,85.0,-15.610935308928449
9,85.5,-13.636837856621831
9,86.0,-12.185456092902813
9,86.5,-11.18978315272889
9,87.0,-10.564586430096917
9,87.5,-10.23874290926388
9,88.0,-10.16826138147806
9,88.5,-10.309391228533364
9,89.0,-10.625546606056064
9,89.5,-11.0571037417182
9,90.0,-11.568823118284133
9,90.5,-12.064992430014753
9,91.0,-12.44114990586836
9,91.5,-12.599264055858514
9,92.0,-12.480989537619848
9,92.5,-12.08075731439227
9,93.0,-11.46080155789876
9,93.5,-10.726502311484216
9,94.0,-9.910636928004394
9,94.5,-9.096614630326265
9,95.0,-8.329647698348127
9,95.5,-7.640169159362746
9,96.0,-7.068222501122581
9,96.5,-6.594590712416451
9,97.0,-6.249351052221464
9,97.5,-6.044739209976095
9,98.0,-5.985052174370922
9,98.5,-6.072459193851919
9,99.0,-6.314853938029668
9,99.5,-6.708143800544228
9,100.0,-7.082442125809626
10,0.0,-13.058800435101556
10,0.5,-12.40366344948845
10,1.0,-10.997382816672609
10,1.5,-9.4784183558705
10,2.0,-8.206128126366908
10,2.5,-7.260800224498871
10,3.0,-6.632877161162499
10,3.5,-6.314566845553704
10,4.0,-6.27066305480159
10,4.5,-6.5028715448986665
10,5.0,-7.016108308674566
10,5.5,-7.811599859082659
10,6.0,-8.870017963632163
10,6.5,-10.277104413417485
10,7.0,-12.019713462418338
10,7.5,-14.040477499124092
10,8.0,-16.416281631588774
10,8.5,-18.90154831226022
10,9.0,-21.12787963007211
10,9.5,-22.831792859988024
10,10.0,-24.201804027540245
10,10.5,-25.59245299940952
10,11.0,-25.841476875963497
10,11.5,-23.194013631622507
10,12.0,-19.35005406460175
10,12.5,-16.059383423136794
10,13.0,-13.336616236105272
10,13.5,-11.180085327066074
10,14.0,-9.534784891902024
10,14.5,-8.220414675412423
10,15.0,-7.2365910990082
10,15.5,-6.55421064595912
10,16.0,-6.144433444670076
10,16.5,-5.998088745310379
10,17.0,-6.0982091504285485
10,17.5,-6.444770667570067
10,18.0,-7.03608421772257
10,18.5,-7.848358330687167
10,19.0,-8.799789067887076
10,19.5,-9.82412629461729
10,20.0,-10.659350339138324
10,20.5,-11.005357052176146
10,21.0,-10.755740273509996
10,21.5,-10.08795791388246
10,22.0,-9.312533898494236
10,22.5,-8.649000597054274
10,23.0,-8.214159606543623
10,23.5,-8.024638336869586
10,24.0,-8.113031532777637
10,24.5,-8.497281043405017
10,25.0,-9.18110931699
10,25.5,-10.135659922335243
10,26.0,-11.384169719587614
10,26.5,-12.745719380856103
10,27.0,-13.793564792067642
10,27.5,-14.024274306871789
10,28.0,-13.269032777686869
10,28.5,-11.98943372075496
10,29.0,-10.67190024360191
10,29.5,-9.559774109592151
10,30.0,-8.630670355155367
10,30.5,-7.901604311887683
10,31.0,-7.3359449110329535
10,31.5,-6.8840959748661845
10,32.0,-6.512736403419938
10,32.5,-6.159765347189738
10,33.0,-5.811019217036475
10,33.5,-5.467917553567269
10,34.0,-5.116610733323565
10,34.5,-4.787994752516044
10,35.0,-4.510190423673643
10,35.5,-4.310434688813656
10,36.0,-4.217403938311641
10,36.5,-4.24837870876211
10,37.0,-4.426552344501378
10,37.5,-4.760697787704839
10,38.0,-5.291902890098535
10,38.5,-6.032317716589893
10,39.0,-7.014756403396895
10,39.5,-8.269711639016867
10,40.0,-9.792667651829188
10,40.5,-11.72405549133439
10,41.0,-14.01990174444704
10,41.5,-16.46307388228698
10,42.0,-18.215632927771505
10,42.5,-18.27068117176109
10,43.0,-17.108787790689433
10,43.5,-15.832855554038932
10,44.0,-14.944345460671252
10,44.5,-14.476493466975567
10,45.0,-14.454513823940308
10,45.5,-14.887770344119392
10,46.0,-15.79657764924751
10,46.5,-17.210243348706758
10,47.0,-19.354059997108777
10,47.5,-22.32717242886789
10,48.0,-25.369112182074662
10,48.5,-25.000395447352552
10,49.0,-21.9479168892817
10,49.5,-19.107859988502625
10,50.0,-17.014933150042054
10,50.5,-15.563034218415314
10,51.0,-14.515115283356728
10,51.5,-13.81936939193318
10,52.0,-13.415159788758906
10,52.5,-13.248959473958442
10,53.0,-13.28224419798161
10,53.5,-13.481767024129098
10,54.0,-13.808412603770613
10,54.5,-14.2159551398247
10,55.0,-14.641440445190266
10,55.5,-15.000811742367082
10,56.0,-15.24142607188267
10,56.5,-15.298705719119088
10,57.0,-15.164177587324998
10,57.5,-14.860751342726411
10,58.0,-14.449032057752431
10,58.5,-13.987489886092298
10,59.0,-13.52418563066824
10,59.5,-13.102704624997498
10,60.0,-12.713786095453864
10,60.5,-12.37783814468779
10,61.0,-12.097298407238156
10,61.5,-11.869139697449205
10,62.0,-11.695614887466249
10,62.5,-11.562681361140154
10,63.0,-11.473419070600489
10,63.5,-11.428049674154208
10,64.0,-11.423670277589723
10,64.5,-11.4624170635306
10,65.0,-11.546152859365623
10,65.5,-11.674569118927987
10,66.0,-11.842197492181764
10,66.5,-12.058392535323495
10,67.0,-12.316495760819876
10,67.5,-12.617031041760606
10,68.0,-12.962293548391331
10,68.5,-13.349794539940314
10,69.0,-13.823892239375184
10,69.5,-14.40671942119215
10,70.0,-15.129733716218812
10,70.5,-16.123786561800813
10,71.0,-17.5042692024486
10,71.5,-19.54383456124295
10,72.0,-22.828451576877168
10,72.5,-29.262094277626865
10,73.0,-34.22796448759148
10,73.5,-24.55441199200705
10,74.0,-18.902085586741023
10,74.5,-15.282275037427665
10,75.0,-12.707043784599042
10,75.5,-10.629516414879753
10,76.0,-8.953578704329823
10,76.5,-7.623395068271658
10,77.0,-6.495595294921633
10,77.5,-5.57276346488681
10,78.0,-4.830857103086972
10,78.5,-4.245953635825293
10,79.0,-3.816137248715112
10,79.5,-3.502043847149831
10,80.0,-3.306769502988653
10,80.5,-3.223269671602032
10,81.0,-3.240603338190549
10,81.5,-3.346846718201813
10,82.0,-3.539215546451651
10,82.5,-3.803679572192156
10,83.0,-4.117439454019599
10,83.5,-4.483586762372319
10,84.0,-4.87196796929139
10,84.5,-5.257578609409329
10,85.0,-5.612558334994226
10,85.5,-5.900950174691263
10,86.0,-6.119709895565817
10,86.5,-6.251333671396819
10,87.0,-6.301783035221491
10,87.5,-6.295626441968267
10,88.0,-6.266712259213277
10,88.5,-6.250950642896076
10,89.0,-6.285851970062328
10,89.5,-6.401613418349824
10,90.0,-6.636879901544049
10,90.5,-7.017550344309719
10,91.0,-7.578329014472903
10,91.5,-8.351456476838884
10,92.0,-9.350922128752137
10,92.5,-10.704158210043827
10,93.0,-12.479037384137806
10,93.5,-14.770810628251072
10,94.0,-18.03018131811017
10,94.5,-22.582325591501405
10,95.0,-25.958874485614604
10,95.5,-22.84400983179488
10,96.0,-19.022371189395
10,96.5,-16.34655509871765
10,97.0,-14.507345943492425
10,97.5,-13.19613620904784
10,98.0,-12.213123557515694
10,98.5,-11.461073624126218
10,99.0,-10.810083381913095
10,99.5,-10.232878705452352
10,100.0,-9.84448528308691
11,0.0,-8.869026399427275
11,0.5,-8.196471680832886
11,1.0,-6.757088756913468
11,1.5,-5.2071213602652495
11,2.0,-3.9127780919654302
11,2.5,-2.9540734663576016
11,3.0,-2.319643477276056
11,3.5,-2.0008156107179285
11,4.0,-1.9626426020623204
11,4.5,-2.208640877227547
11,5.0,-2.748090281742168
11,5.5,-3.590061897506704
11,6.0,-4.728178990235592
11,6.5,-6.284475222925485
11,7.0,-8.307599476279744
11,7.5,-10.863066530237512
11,8.0,-14.37403879266708
11,8.5,-18.797814514138786
11,9.0,-22.345185669804057
11,9.5,-22.67792678405233
11,10.0,-20.04918977037601
11,10.5,-17.82530694122029
11,11.0,-16.32359970435426
11,11.5,-15.115467816116183
11,12.0,-13.899955901761214
11,12.5,-12.573405808876808
11,13.0,-11.049639046522554
11,13.5,-9.540838803639971
11,14.0,-8.27273638711002
11,14.5,-7.250646312045436
11,15.0,-6.536999203457358
11,15.5,-6.144573093512954
11,16.0,-6.074931101523793
11,16.5,-6.337927765370063
11,17.0,-6.9863950502406365
11,17.5,-8.077351694459074
11,18.0,-9.742227389994383
11,18.5,-12.195060834719293
11,19.0,-15.741811406167365
11,19.5,-20.582166168333927
11,20.0,-21.28506180099417
11,20.5,-16.821421698000385
11,21.0,-13.349667900135456
11,21.5,-11.234013330885205
11,22.0,-10.015142745898236
11,22.5,-9.456909015566987
11,23.0,-9.473165961561175
11,23.5,-10.054768881766572
11,24.0,-11.247028593185725
11,24.5,-13.124807832438794
11,25.0,-15.445194015686765
11,25.5,-16.560688082717423
11,26.0,-14.773466576117604
11,26.5,-11.8569578917888
11,27.0,-9.42635187225527
11,27.5,-7.529773136544753
11,28.0,-6.154971097835223
11,28.5,-5.221581910551926
11,29.0,-4.661721553439537
11,29.5,-4.449296546806223
11,30.0,-4.5585622831537504
11,30.5,-5.002809727014948
11,31.0,-5.818285112556692
11,31.5,-7.0580335809000045
11,32.0,-8.782383244198444
11,32.5,-11.335385733395231
11,33.0,-15.228694320575364
11,33.5,-22.35903749943383
11,34.0,-29.70144899816136
11,34.5,-19.94621348786203
11,35.0,-15.224053519874849
11,35.5,-12.72330701014084
11,36.0,-11.375121778513138
11,36.5,-10.719693898017669
11,37.0,-10.653820870590144
11,37.5,-11.11645819643398
11,38.0,-12.152080379570886
11,38.5,-13.798562741305185
11,39.0,-16.035619709098178
11,39.5,-18.09673562743302
11,40.0,-17.921243507500137
11,40.5,-15.496941627902483
11,41.0,-12.873292693458684
11,41.5,-10.784755445930951
11,42.0,-9.220215499324173
11,42.5,-8.119956694760601
11,43.0,-7.336925353822731
11,43.5,-6.851565472896394
11,44.0,-6.633766875544212
11,44.5,-6.644524481426011
11,45.0,-6.873771007397522
11,45.5,-7.313873622956368
11,46.0,-7.950974906269426
11,46.5,-8.748209804417908
11,47.0,-9.73163099412666
11,47.5,-10.823891337902491
11,48.0,-11.912152978424796
11,48.5,-12.798128365327806
11,49.0,-13.228707469927397
11,49.5,-13.100606659554671
11,50.0,-12.499537990995265
11,50.5,-11.678110834227155
11,51.0,-10.78219798174658
11,51.5,-9.945871963521377
11,52.0,-9.216516053075985
11,52.5,-8.602433641211336
11,53.0,-8.113070217108964
11,53.5,-7.704677107013347
11,54.0,-7.376685364732894
11,54.5,-7.113734759732791
11,55.0,-6.899112256729249
11,55.5,-6.7259612141883744
11,56.0,-6.575479603496256
11,56.5,-6.450523349067113
11,57.0,-6.356667072142635
11,57.5,-6.29497635607013
11,58.0,-6.277529413032076
11,58.5,-6.314736506464228
11,59.0,-6.412467768091821
11,59.5,-6.5680973431957375
11,60.0,-6.786632961111272
11,60.5,-7.049621811743142
11,61.0,-7.333299754886543
11,61.5,-7.603599544101396
11,62.0,-7.816263625881638
11,62.5,-7.951681494845144
11,63.0,-7.987494379305302
11,63.5,-7.933248255122188
11,64.0,-7.815661931756272
11,64.5,-7.678232002060978
11,65.0,-7.5648557314301215
11,65.5,-7.511842125148211
11,66.0,-7.544926153509866
11,66.5,-7.683816590633021
11,67.0,-7.936657101945871
11,67.5,-8.307955869664383
11,68.0,-8.79075207574343
11,68.5,-9.35570186504432
11,69.0,-10.017036387262236
11,69.5,-10.723498010115096
11,70.0,-11.401604345756915
11,70.5,-12.014394543466214
11,71.0,-12.436173347239093
11,71.5,-12.54925642209835
11,72.0,-12.292064391196451
11,72.5,-11.703663327473306
11,73.0,-10.849246008726888
11,73.5,-9.875185295246371
11,74.0,-8.892905130270295
11,74.5,-7.98094379068714
11,75.0,-7.212526832591266
11,75.5,-6.57102686608202
11,76.0,-6.101161924050001
11,76.5,-5.827615536251824
11,77.0,-5.7488119351193845
11,77.5,-5.89051807126641
11,78.0,-6.279527864697672
11,78.5,-6.939188592021084
11,79.0,-7.875333667917998
11,79.5,-9.184196251500742
11,80.0,-10.844750926712006
11,80.5,-12.70915051298798
11,81.0,-14.137537051282749
11,81.5,-14.119029838785954
11,82.0,-12.69726927122778
11,82.5,-10.89631913929354
11,83.0,-9.365214111633607
11,83.5,-8.150179259053427
11,84.0,-7.290633323421918
11,84.5,-6.757123108509802
11,85.0,-6.508155372317045
11,85.5,-6.513148328048247
11,86.0,-6.741601833851557
11,86.5,-7.15618846452445
11,87.0,-7.705714935472258
11,87.5,-8.309099190439035
11,88.0,-8.849632847234078
11,88.5,-9.26239675428312
11,89.0,-9.483073497018896
11,89.5,-9.544386591065514
11,90.0,-9.553253960746185
11,90.5,-9.630024589742517
11,91.0,-9.890279351577323
11,91.5,-10.424578877375884
11,92.0,-11.290628137322916
11,92.5,-12.628148856748176
11,93.0,-14.463629537198408
11,93.5,-16.53586102299635
11,94.0,-17.820787601429593
11,94.5,-16.80597195738921
11,95.0,-14.451249690372135
11,95.5,-12.234011743811894
11,96.0,-10.575508098755444
11,96.5,-9.362457681097228
11,97.0,-8.590771864863774
11,97.5,-8.229280136436856
11,98.0,-8.25576743661116
11,98.5,-8.67064420691307
11,99.0,-9.548826250000248
11,99.5,-10.982322601259542
11,100.0,-12.469326876012918
12,0.0,-10.474132144607267
12,0.5,-10.474392886513746
12,1.0,-10.455630792541603
12,1.5,-10.362463915681325
12,2.0,-10.132339954909591
12,2.5,-9.724076290133397
12,3.0,-9.156290160331018
12,3.5,-8.510839868156696
12,4.0,-7.828448865003118
12,4.5,-7.201088208143426
12,5.0,-6.684540797066053
12,5.5,-6.311497827705928
12,6.0,-6.108998914640123
12,6.5,-6.075982671081352
12,7.0,-6.2232138114946585
12,7.5,-6.5381023730276375
12,8.0,-7.026491040376712
12,8.5,-7.646147317358691
12,9.0,-8.333996365020953
12,9.5,-8.982005855279871
12,10.0,-9.43954554733703
12,10.5,-9.620991590728176
12,11.0,-9.498854339896129
12,11.5,-9.171408428885766
12,12.0,-8.794216935412154
12,12.5,-8.506459062681373
12,13.0,-8.382153773520177
12,13.5,-8.491623317180107
12,14.0,-8.872021281607745
12,14.5,-9.599286013957643
12,15.0,-10.727661878744073
12,15.5,-12.356980731703285
12,16.0,-14.555651268254833
12,16.5,-16.980518561006352
12,17.0,-17.971791256029714
12,17.5,-16.10369100754081
12,18.0,-13.43554815132117
12,18.5,-11.18406984453491
12,19.0,-9.508622045534038
12,19.5,-8.227244103412469
12,20.0,-7.317327629014624
12,20.5,-6.743563019411957
12,21.0,-6.4353549289734255
12,21.5,-6.390996440874217
12,22.0,-6.607499918966525
12,22.5,-7.0815828432187935
12,23.0,-7.801875065635344
12,23.5,-8.832845770759926
12,24.0,-10.173611038072714
12,24.5,-11.830804153963255
12,25.0,-13.6912822426261
12,25.5,-15.282387842220317
12,26.0,-15.868544114342756
12,26.5,-15.072528205624687
12,27.0,-13.652728071668252
12,27.5,-12.223239620409842
12,28.0,-11.07617025873278
12,28.5,-10.259486236519816
12,29.0,-9.75289780220976
12,29.5,-9.543575914533628
12,30.0,-9.604768077496203
12,30.5,-9.936232227018593
12,31.0,-10.538731626023887
12,31.5,-11.391513521979324
12,32.0,-12.404688127447058
12,32.5,-13.465134460002597
12,33.0,-14.171273141929907
12,33.5,-14.097508333438311
12,34.0,-13.202293643051949
12,34.5,-11.88627846791581
12,35.0,-10.53879322584862
12,35.5,-9.35184399712502
12,36.0,-8.415596930780067
12,36.5,-7.680400858871299
12,37.0,-7.16724617837549
12,37.5,-6.8732533938178815
12,38.0,-6.767970670335476
12,38.5,-6.849307252896386
12,39.0,-7.10871596565063
12,39.5,-7.527383500940018
12,40.0,-8.066738069641188
12,40.5,-8.727050299627605
12,41.0,-9.443517334234611
12,41.5,-10.152873528656432
12,42.0,-10.788674265802078
12,42.5,-11.288575374857396
12,43.0,-11.681186788536664
12,43.5,-12.004284640599796
12,44.0,-12.345544384828145
12,44.5,-12.848817671662347
12,45.0,-13.63429857618032
12,45.5,-14.870215465679152
12,46.0,-16.790404452358295
12,46.5,-19.77164803260384
12,47.0,-24.926710327898626
12,47.5,-27.48278119957647
12,48.0,-21.378001821696134
12,48.5,-16.585054295275288
12,49.0,-13.49261958454054
12,49.5,-11.19542737197991
12,50.0,-9.470236171360918
12,50.5,-8.193014104640522
12,51.0,-7.188218202318329
12,51.5,-6.436173914175106
12,52.0,-5.899748962135779
12,52.5,-5.544157881490838
12,53.0,-5.351691826081338
12,53.5,-5.289689287645005
12,54.0,-5.345187949250747
12,54.5,-5.500504631645769
12,55.0,-5.731878236226545
12,55.5,-6.005624639708823
12,56.0,-6.308116734437733
12,56.5,-6.594799409462029
12,57.0,-6.818407621089444
12,57.5,-6.952354450930251
12,58.0,-6.957981529457941
12,58.5,-6.817520108534461
12,59.0,-6.541261826654086
12,59.5,-6.167913379002485
12,60.0,-5.713666406033646
12,60.5,-5.2318764498509225
12,61.0,-4.761092998981727
12,61.5,-4.3323412842952544
12,62.0,-3.980092321298416
12,62.5,-3.69978309734748
12,63.0,-3.514719284745595
12,63.5,-3.4360434534934243
12,64.0,-3.464843486483824
12,64.5,-3.6072349646019832
12,65.0,-3.8671237937645286
12,65.5,-4.2412902435824025
12,66.0,-4.7111242009278
12,66.5,-5.297726608533764
12,67.0,-5.972560257019772
12,67.5,-6.715531012256503
12,68.0,-7.495691255085956
12,68.5,-8.253759454834228
12,69.0,-8.999939403419
12,69.5,-9.681960158941626
12,70.0,-10.269731160573434
12,70.5,-10.80846982991699
12,71.0,-11.301951963513224
12,71.5,-11.772773786412074
12,72.0,-12.23064914430294
12,72.5,-12.647762507202446
12,73.0,-13.008515758166723
12,73.5,-13.243462451839656
12,74.0,-13.302909744804554
12,74.5,-13.1850246705545
12,75.0,-12.942105240740169
12,75.5,-12.636471349347469
12,76.0,-12.35533862545245
12,76.5,-12.169232229112156
12,77.0,-12.112177071440833
12,77.5,-12.217767848298005
12,78.0,-12.504051381737025
12,78.5,-12.96953536877159
12,79.0,-13.583028617295026
12,79.5,-14.350429072145356
12,80.0,-15.192913976668736
12,80.5,-16.01925722043162
12,81.0,-16.727136165977953
12,81.5,-17.23388897570356
12,82.0,-17.583943439567776
12,82.5,-17.84820915100012
12,83.0,-18.121861218140943
12,83.5,-18.474700421577342
12,84.0,-18.83245688132337
12,84.5,-18.94897148643263
12,85.0,-18.490654226592778
12,85.5,-17.374032613002903
12,86.0,-15.783976926017647
12,86.5,-14.102505096969615
12,87.0,-12.552459301421234
12,87.5,-11.22285650471868
12,88.0,-10.17164273498028
12,88.5,-9.332607093098565
12,89.0,-8.729669378333531
12,89.5,-8.363046812747294
12,90.0,-8.196839104259361
12,90.5,-8.225678863603468
12,91.0,-8.425822510166826
12,91.5,-8.746445466707863
12,92.0,-9.0969179723824
12,92.5,-9.377529764332388
12,93.0,-9.438928731070032
12,93.5,-9.195077916486053
12,94.0,-8.644712975653812
12,94.5,-7.904859980419229
12,95.0,-7.110168775816952
12,95.5,-6.36798329293161
12,96.0,-5.761699978335814
12,96.5,-5.28853657746568
12,97.0,-4.98467556730221
12,97.5,-4.862702449283608
12,98.0,-4.924721023020312
12,98.5,-5.168658436422412
12,99.0,-5.617222696030924
12,99.5,-6.273322311694683
12,100.0,-6.884454040057324
13,0.0,-9.482400828599507
13,0.5,-9.576929788494263
13,1.0,-9.84746855580957
13,1.5,-10.2990811246799
13,2.0,-10.894185849632391
13,2.5,-11.572642804313816
13,3.0,-12.222534637804229
13,3.5,-12.679199644344322
13,4.0,-12.838170211915624
13,4.5,-12.658899088734971
13,5.0,-12.225031902911518
13,5.5,-11.673116584862653
13,6.0,-11.134686607335002
13,6.5,-10.664033731417126
13,7.0,-10.337856519949778
13,7.5,-10.197547759170495
13,8.0,-10.25485472769219
13,8.5,-10.523318799240377
13,9.0,-11.00680394381679
13,9.5,-11.685357408088215
13,10.0,-12.487757106613904
13,10.5,-13.356816056278523
13,11.0,-14.079197753243344
13,11.5,-14.427526996894429
13,12.0,-14.327235550981928
13,12.5,-13.927270964764352
13,13.0,-13.42861898570552
13,13.5,-13.018390498859524
13,14.0,-12.809203913655
13,14.5,-12.853123836890882
13,15.0,-13.204981678857507
13,15.5,-13.922166801048563
13,16.0,-15.057565483163314
13,16.5,-16.621582000216165
13,17.0,-18.62505736235346
13,17.5,-20.12578430524468
13,18.0,-19.96107177000799
13,18.5,-18.342279820176778
13,19.0,-16.36658605432485
13,19.5,-14.603061575943718
13,20.0,-13.274645375189348
13,20.5,-12.40162370964151
13,21.0,-11.89934501540688
13,21.5,-11.77844039928728
13,22.0,-12.05123808113366
13,22.5,-12.740186419924978
13,23.0,-13.871604569000551
13,23.5,-15.61236537079726
13,24.0,-17.97352297165461
13,24.5,-20.304028191103583
13,25.0,-20.41216596254799
13,25.5,-18.231604966276645
13,26.0,-15.59021178273661
13,26.5,-13.379792046047026
13,27.0,-11.750774049634437
13,27.5,-10.523757306423828
13,28.0,-9.670099246696736
13,28.5,-9.13707555054731
13,29.0,-8.876391686823453
13,29.5,-8.8576364474375
13,30.0,-9.052195518040069
13,30.5,-9.43118097243611
13,31.0,-9.957320516985924
13,31.5,-10.568500779685458
13,32.0,-11.163698320707285
13,32.5,-11.679850280536256
13,33.0,-12.014121897532958
13,33.5,-12.13474058135398
13,34.0,-12.095881959764885
13,34.5,-11.987587632351165
13,35.0,-11.911837065133208
13,35.5,-11.950476503457097
13,36.0,-12.156364463168646
13,36.5,-12.58768627820723
13,37.0,-13.277609942564764
13,37.5,-14.240306388749616
13,38.0,-15.597276648174882
13,38.5,-17.413086362315187
13,39.0,-19.870397875569484
13,39.5,-23.30230370045005
13,40.0,-28.407165061133597
13,40.5,-34.92496423213852
13,41.0,-33.20933588096003
13,41.5,-28.46131764658397
13,42.0,-26.05985806779028
13,42.5,-25.19669138301191
13,43.0,-25.49193596732485
13,43.5,-27.119069403320648
13,44.0,-30.79466391492135
13,44.5,-36.19061270295382
13,45.0,-30.20054189224426
13,45.5,-23.66276320991373
13,46.0,-19.38586328981932
13,46.5,-16.330694336367074
13,47.0,-13.839552647474758
13,47.5,-11.792942475133998
13,48.0,-10.078938143969252
13,48.5,-8.620389302971013
13,49.0,-7.411470127989689
13,49.5,-6.347936139094801
13,50.0,-5.449141265989292
13,50.5,-4.725822566055554
13,51.0,-4.125516831206414
13,51.5,-3.6672214504435994
13,52.0,-3.3530289789044767
13,52.5,-3.181761741936825
13,53.0,-3.15816699726432
13,53.5,-3.287297019170048
13,54.0,-3.579006566120665
13,54.5,-4.049303208096242
13,55.0,-4.710753157803181
13,55.5,-5.55676866677911
13,56.0,-6.663497299133972
13,56.5,-8.02522655774155
13,57.0,-9.59233518579178
13,57.5,-11.378165877095732
13,58.0,-13.028368319111417
13,58.5,-13.91682914099636
13,59.0,-13.66549530319946
13,59.5,-12.697353739945571
13,60.0,-11.5759820082424
13,60.5,-10.65033565133536
13,61.0,-10.02177277023537
13,61.5,-9.69217838094758
13,62.0,-9.64252583850203
13,62.5,-9.832117045340128
13,63.0,-10.198682841109097
13,63.5,-10.615867330420803
13,64.0,-10.92579990666209
13,64.5,-10.905292759008477
13,65.0,-10.432248653064674
13,65.5,-9.5968887914597
13,66.0,-8.62550483348179
13,66.5,-7.63777558736986
13,67.0,-6.7726507749545775
13,67.5,-6.087979565658213
13,68.0,-5.603562029950019
13,68.5,-5.337294065848068
13,69.0,-5.277773898514516
13,69.5,-5.438307891786105
13,70.0,-5.81351678302479
13,70.5,-6.433956459123183
13,71.0,-7.291141229094671
13,71.5,-8.375824636817432
13,72.0,-9.620011590449348
13,72.5,-10.81329527405293
13,73.0,-11.693485154000376
13,73.5,-11.882603326645407
13,74.0,-11.367309581755949
13,74.5,-10.512884933506012
13,75.0,-9.69011688215113
13,75.5,-9.039364059966724
13,76.0,-8.667102411971701
13,76.5,-8.613441736450456
13,77.0,-8.908477864357724
13,77.5,-9.603757986724917
13,78.0,-10.801594089679226
13,78.5,-12.673029991212006
13,79.0,-15.520805959757118
13,79.5,-20.55118200749393
13,80.0,-26.26137723596861
13,80.5,-20.51977483968359
13,81.0,-14.991217988445571
13,81.5,-11.688907200790316
13,82.0,-9.3411649848315
13,82.5,-7.628247902486914
13,83.0,-6.385658028458085
13,83.5,-5.420100485928833
13,84.0,-4.698409807189616
13,84.5,-4.173476812357774
13,85.0,-3.802913120827084
13,85.5,-3.5641661284981505
13,86.0,-3.417779779254127
13,86.5,-3.352400940246991
13,87.0,-3.35606834042813
13,87.5,-3.4204128735386625
13,88.0,-3.5414118704868933
13,88.5,-3.7330139355660186
13,89.0,-4.003655795699644
13,89.5,-4.359474039737899
13,90.0,-4.844750543287646
13,90.5,-5.474484513007671
13,91.0,-6.284255016611461
13,91.5,-7.310315339984236
13,92.0,-8.564850865691103
13,92.5,-10.198020570980743
13,93.0,-12.268821074449829
13,93.5,-14.811640827149311
13,94.0,-17.912087327970625
13,94.5,-20.191875807588623
13,95.0,-19.30738572601181
13,95.5,-16.757445254468
13,96.0,-14.53025888393371
13,96.5,-12.778420717124112
13,97.0,-11.463766619778744
13,97.5,-10.47331170314591
13,98.0,-9.710985344993723
13,98.5,-9.132143723032662
13,99.0,-8.657558165703875
13,99.5,-8.2803839411334
13,100.0,-8.059471144259483
14,0.0,-17.387321015332034
14,0.5,-17.336958291794033
14,1.0,-17.19923354979588
14,1.5,-16.987562676310013
14,2.0,-16.73440331923033
14,2.5,-16.466631323591752
14,3.0,-16.205434778011483
14,3.5,-15.97095360952198
14,4.0,-15.754301167699502
14,4.5,-15.563007550860563
14,5.0,-15.393942531759205
14,5.5,-15.24059244092613
14,6.0,-15.099624181017354
14,6.5,-14.953691142242713
14,7.0,-14.802221720048983
14,7.5,-14.656833812899032
14,8.0,-14.53474620653618
14,8.5,-14.4797507549161
14,9.0,-14.535057057227323
14,9.5,-14.734135122222767
14,10.0,-15.09584105124298
14,10.5,-15.67037871324098
14,11.0,-16.47024489368709
14,11.5,-17.512703930618084
14,12.0,-18.76332436713784
14,12.5,-20.028487112470717
14,13.0,-20.956700032021637
14,13.5,-20.922023344462403
14,14.0,-19.89926510073644
14,14.5,-18.39904024642371
14,15.0,-16.923439568937333
14,15.5,-15.663371308449276
14,16.0,-14.656806375960231
14,16.5,-13.92183589949706
14,17.0,-13.396258922590173
14,17.5,-13.086362833445726
14,18.0,-12.980812559204384
14,18.5,-13.060651835351054
14,19.0,-13.301708245566818
14,19.5,-13.69618683463496
14,20.0,-14.203429889508982
14,20.5,-14.758291564311444
14,21.0,-15.330521937773854
14,21.5,-15.827108178106103
14,22.0,-16.170318096370703
14,22.5,-16.317007056174734
14,23.0,-16.27831917233919
14,23.5,-16.120981533487186
14,24.0,-15.943132077311292
14,24.5,-15.83916686388703
14,25.0,-15.879768281645129
14,25.5,-16.110405368134913
14,26.0,-16.589075844716593
14,26.5,-17.35024433122281
14,27.0,-18.406997185340924
14,27.5,-19.874392319104395
14,28.0,-21.7365559598934
14,28.5,-23.837650709536167
14,29.0,-25.533657840697785
14,29.5,-25.836152866102733
14,30.0,-24.014869757002355
14,30.5,-21.88439343682316
14,31.0,-20.302834378463523
14,31.5,-19.229641174043785
14,32.0,-18.616292736204645
14,32.5,-18.367207099159305
14,33.0,-18.44481996622281
14,33.5,-18.746433518462545
14,34.0,-19.08640093769429
14,34.5,-19.073706979140532
14,35.0,-18.297874542886497
14,35.5,-16.825308341659156
14,36.0,-15.102107158752144
14,36.5,-13.339239901258583
14,37.0,-11.7378571354209
14,37.5,-10.389377872977372
14,38.0,-9.21667769733316
14,38.5,-8.254598712601013
14,39.0,-7.49689995371893
14,39.5,-6.930539721322097
14,40.0,-6.561090768504592
14,40.5,-6.362805260219961
14,41.0,-6.348194023441006
14,41.5,-6.5259460579551245
14,42.0,-6.901189665232504
14,42.5,-7.469258787324349
14,43.0,-8.282731426244402
14,43.5,-9.341273201010608
14,44.0,-10.611786230307503
14,44.5,-12.131799972840358
14,45.0,-13.676357188889934
14,45.5,-14.764941439866504
14,46.0,-14.843361177797014
14,46.5,-13.970275442502052
14,47.0,-12.674249853504705
14,47.5,-11.426737886078373
14,48.0,-10.404695886379368
14,48.5,-9.63791131343585
14,49.0,-9.129608366723655
14,49.5,-8.820607768589593
14,50.0,-8.692645434504183
14,50.5,-8.702319246296433
14,51.0,-8.792177090805222
14,51.5,-8.887344486264363
14,52.0,-8.898540903150927
14,52.5,-8.749431657084333
14,53.0,-8.413647683617803
14,53.5,-7.890391064556432
14,54.0,-7.252952695192019
14,54.5,-6.5763321386876985
14,55.0,-5.925322092053033
14,55.5,-5.3611052158441295
14,56.0,-4.875016391968235
14,56.5,-4.498643194876305
14,57.0,-4.246309865120089
14,57.5,-4.104383932968493
14,58.0,-4.08062926338866
14,58.5,-4.176387093985409
14,59.0,-4.388122699045711
14,59.5,-4.705266215115191
14,60.0,-5.147904614723532
14,60.5,-5.707741615579939
14,61.0,-6.39075546239472
14,61.5,-7.200486917272931
14,62.0,-8.117427986928675
14,62.5,-9.21250888061378
14,63.0,-10.476102639134378
14,63.5,-11.890247533354152
14,64.0,-13.579085619511597
14,64.5,-15.542505847717171
14,65.0,-17.830070243084002
14,65.5,-20.420094400149715
14,66.0,-22.948143554042023
14,66.5,-24.59948559859816
14,67.0,-24.383161484046862
14,67.5,-23.076046646592182
14,68.0,-21.74164283717125
14,68.5,-20.715543487901886
14,69.0,-19.92532675556306
14,69.5,-19.31954934212251
14,70.0,-18.820266823779157
14,70.5,-18.31561954341197
14,71.0,-17.774405346872946
14,71.5,-17.19199639586669
14,72.0,-16.60355087237581
14,72.5,-16.07945633315755
14,73.0,-15.644808066490013
14,73.5,-15.367078073680805
14,74.0,-15.295308691452895
14,74.5,-15.466529826226935
14,75.0,-15.90729753571883
14,75.5,-16.685037006460725
14,76.0,-17.804920803495957
14,76.5,-19.13916394266573
14,77.0,-20.31861497302406
14,77.5,-20.35170465891829
14,78.0,-18.82607457836864
14,78.5,-16.625752951132437
14,79.0,-14.564236476317816
14,79.5,-12.748232288476064
14,80.0,-11.258464822032408
14,80.5,-10.06766293016404
14,81.0,-9.133101590881704
14,81.5,-8.446134402163016
14,82.0,-7.939947605921209
14,82.5,-7.617736401506509
14,83.0,-7.469519598735492
14,83.5,-7.473501301827715
14,84.0,-7.622838201272539
14,84.5,-7.907904131353818
14,85.0,-8.311082687895082
14,85.5,-8.797692002341659
14,86.0,-9.370809751812244
14,86.5,-9.978550175351716
14,87.0,-10.573178608627147
14,87.5,-11.101634792761502
14,88.0,-11.503792949880085
14,88.5,-11.776431595328312
14,89.0,-11.908786639912266
14,89.5,-11.929701747517475
14,90.0,-11.886700737950918
14,90.5,-11.827109441814454
14,91.0,-11.79424363985478
14,91.5,-11.822431888850986
14,92.0,-11.936566196161923
14,92.5,-12.17028219211848
14,93.0,-12.54767469649418
14,93.5,-13.08543891898904
14,94.0,-13.863030777675249
14,94.5,-14.929844221715484
14,95.0,-16.401662057107917
14,95.5,-18.46245784920346
14,96.0,-21.411463326585416
14,96.5,-26.42195533887229
14,97.0,-32.37005574911854
14,97.5,-27.056444072620646
14,98.0,-21.459082874432383
14,98.5,-18.134437138949
14,99.0,-15.789117419844308
14,99.5,-14.100627417062173
14,100.0,-13.160888243267848
15,0.0,-9.211041879958476
15,0.5,-9.320441088210396
15,1.0,-9.640137006345086
15,1.5,-10.199253794811636
15,2.0,-10.997669202048908
15,2.5,-12.03877462880233
15,3.0,-13.268776676723125
15,3.5,-14.473732926201274
15,4.0,-15.315173683231723
15,4.5,-15.228807383391942
15,5.0,-14.115684489155614
15,5.5,-12.566242713149151
15,6.0,-11.118398390010398
15,6.5,-9.865366051458285
15,7.0,-8.89056724490624
15,7.5,-8.213299340208373
15,8.0,-7.782935202249172
15,8.5,-7.61682717973418
15,9.0,-7.724784796757533
15,9.5,-8.116007196919947
15,10.0,-8.79617295990279
15,10.5,-9.850067496725767
15,11.0,-11.3097569007456
15,11.5,-13.21178777699554
15,12.0,-15.343407437951049
15,12.5,-16.680116939699804
15,13.0,-16.027680549477008
15,13.5,-14.01114861865387
15,14.0,-11.976452931460631
15,14.5,-10.25799058513118
15,15.0,-8.956752950675908
15,15.5,-8.032037219365819
15,16.0,-7.426440566776813
15,16.5,-7.1122048159507685
15,17.0,-7.0417787156040585
15,17.5,-7.203561436724659
15,18.0,-7.581224410932275
15,18.5,-8.144236570518729
15,19.0,-8.830473538929393
15,19.5,-9.61418222398302
15,20.0,-10.371026135866993
15,20.5,-10.956219604871125
15,21.0,-11.301053174805386
15,21.5,-11.366908665566893
15,22.0,-11.228039644227648
15,22.5,-11.01402480435469
15,23.0,-10.839421784083903
15,23.5,-10.761595489912253
15,24.0,-10.81101654610528
15,24.5,-10.978432317574969
15,25.0,-11.21589783045671
15,25.5,-11.441393976285076
15,26.0,-11.577113879513396
15,26.5,-11.543085133659272
15,27.0,-11.328078670067692
15,27.5,-10.967604980592409
15,28.0,-10.55551020639918
15,28.5,-10.181697853058024
15,29.0,-9.912958520968802
15,29.5,-9.793813767806864
15,30.0,-9.834597484600446
15,30.5,-10.033898583245046
15,31.0,-10.3605432743112
15,31.5,-10.738088567787974
15,32.0,-11.03621279854686
15,32.5,-11.122279599938372
15,33.0,-10.880807789276814
15,33.5,-10.339064333335276
15,34.0,-9.583142368281516
15,34.5,-8.775488431000776
15,35.0,-8.031333922692038
15,35.5,-7.418492148182525
15,36.0,-6.9865939428154205
15,36.5,-6.727441586917667
15,37.0,-6.665199862434304
15,37.5,-6.804334518976584
15,38.0,-7.164451181158371
15,38.5,-7.756954785861915
15,39.0,-8.611793174513359
15,39.5,-9.7626352876655
15,40.0,-11.22602081370824
15,40.5,-13.202476247527416
15,41.0,-15.850082185182304
15,41.5,-19.65578930910858
15,42.0,-25.892096754037308
15,42.5,-30.748286399638403
15,43.0,-25.14526534533813
15,43.5,-20.77404376884397
15,44.0,-18.19945092971645
15,44.5,-16.517692842875086
15,45.0,-15.432045863988336
15,45.5,-14.75251927731442
15,46.0,-14.351272763493713
15,46.5,-14.151210585648512
15,47.0,-14.071234283364925
15,47.5,-14.05798611169696
15,48.0,-14.057773446318858
15,48.5,-14.026075195660551
15,49.0,-13.936990073464331
15,49.5,-13.775392276320243
15,50.0,-13.554197149490092
15,50.5,-13.306379980586152
15,51.0,-13.050970880399904
15,51.5,-12.832701541852549
15,52.0,-12.690304764099452
15,52.5,-12.65845295957105
15,53.0,-12.769667068140404
15,53.5,-13.070935200880168
15,54.0,-13.60670145837472
15,54.5,-14.449228106065176
15,55.0,-15.692581078981092
15,55.5,-17.44877212444946
15,56.0,-20.14865731377562
15,56.5,-24.295716582763333
15,57.0,-28.22039617646874
15,57.5,-25.653197803302277
15,58.0,-20.553245877842105
15,58.5,-17.048585167714137
15,59.0,-14.637192707415226
15,59.5,-12.952988666913592
15,60.0,-11.689799364190318
15,60.5,-10.7955987627295
15,61.0,-10.2162599979063
15,61.5,-9.910620486511622
15,62.0,-9.8616453984012
15,62.5,-10.058560394829414
15,63.0,-10.503511438747456
15,63.5,-11.181456724389417
15,64.0,-12.141251119688372
15,64.5,-13.353084487469683
15,65.0,-14.75181411147996
15,65.5,-16.10187496266372
15,66.0,-16.89234187453888
15,66.5,-16.69889372789958
15,67.0,-15.631273954533713
15,67.5,-14.22638473900831
15,68.0,-12.86951844713802
15,68.5,-11.732598772128064
15,69.0,-10.768523225010314
15,69.5,-9.9986770790664
15,70.0,-9.417861983584114
15,70.5,-8.96555300576916
15,71.0,-8.637587876669519
15,71.5,-8.414763663980677
15,72.0,-8.274120277884885
15,72.5,-8.197047945154162
15,73.0,-8.156386018878914
15,73.5,-8.131907055495745
15,74.0,-8.101516654843765
15,74.5,-8.047301319829922
15,75.0,-7.961563860750634
15,75.5,-7.838733688802648
15,76.0,-7.692115113217699
15,76.5,-7.545813347656388
15,77.0,-7.416166824894782
15,77.5,-7.334766762815487
15,78.0,-7.329750223753133
15,78.5,-7.423928492632878
15,79.0,-7.632130204092489
15,79.5,-7.9864962746989
15,80.0,-8.49697262106977
15,80.5,-9.180733598416056
15,81.0,-10.042820311613491
15,81.5,-11.04963254051748
15,82.0,-12.239775978794976
15,82.5,-13.517267781257434
15,83.0,-14.721416317327368
15,83.5,-15.758324469103998
15,84.0,-16.473277049179607
15,84.5,-16.911043483747687
15,85.0,-17.29233595954941
15,85.5,-17.86971554109817
15,86.0,-18.96336880768368
15,86.5,-20.90636038416423
15,87.0,-24.26132911237077
15,87.5,-27.856063225420986
15,88.0,-24.76324956727
15,88.5,-19.43034798909382
15,89.0,-15.596859937575816
15,89.5,-12.901688669940045
15,90.0,-10.804842676866206
15,90.5,-9.198863629659286
15,91.0,-7.982723865153044
15,91.5,-7.083869487364631
15,92.0,-6.481953171441611
15,92.5,-6.115248921578656
15,93.0,-5.989652382874201
15,93.5,-6.097389416043939
15,94.0,-6.448754721141186
15,94.5,-7.052374798333803
15,95.0,-7.936795502230088
15,95.5,-9.134635604118438
15,96.0,-10.660058462855776
15,96.5,-12.715983749358738
15,97.0,-15.453103173030248
15,97.5,-19.33851744273229
15,98.0,-25.61863335676556
15,98.5,-33.250091906610315
15,99.0,-27.085361187379117
15,99.5,-22.114080072385207
15,100.0,-20.07720590013346
16,0.0,-30.52363520634295
16,0.5,-19.34142867638817
16,1.0,-13.401784591701947
16,1.5,-10.042869744742015
16,2.0,-7.841948013828276
16,2.5,-6.328137036105069
16,3.0,-5.278804629447304
16,3.5,-4.609710730365672
16,4.0,-4.219563464877715
16,4.5,-4.096250467288295
16,5.0,-4.227547760853123
16,5.5,-4.6026349129559945
16,6.0,-5.206171054931732
16,6.5,-6.087387672424759
16,7.0,-7.244562564848629
16,7.5,-8.650226230143067
16,8.0,-10.385416064083293
16,8.5,-12.30758972903109
16,9.0,-14.065881020919196
16,9.5,-15.028748312276878
16,10.0,-14.88509985022825
16,10.5,-14.108365066120076
16,11.0,-13.321083703594796
16,11.5,-12.84789295252224
16,12.0,-12.804845860766209
16,12.5,-13.252382175738862
16,13.0,-14.33278890070084
16,13.5,-16.272762828384444
16,14.0,-19.580102200557576
16,14.5,-26.511123940737946
16,15.0,-29.39612022975532
16,15.5,-20.277249521888287
16,16.0,-15.295106688678914
16,16.5,-12.26820935715104
16,17.0,-10.07604501044638
16,17.5,-8.475883383208737
16,18.0,-7.31281753280139
16,18.5,-6.488900486721601
16,19.0,-5.969030481643229
16,19.5,-5.689471296716042
16,20.0,-5.64855904564864
16,20.5,-5.8310449743451525
16,21.0,-6.24390475524134
16,21.5,-6.878264329386362
16,22.0,-7.728803942759572
16,22.5,-8.75884265073777
16,23.0,-9.847866316315404
16,23.5,-10.87318157359032
16,24.0,-11.511065459524128
16,24.5,-11.520352623790467
16,25.0,-10.976758822078525
16,25.5,-10.189621341354597
16,26.0,-9.376311544526756
16,26.5,-8.708262833767751
16,27.0,-8.26357109464006
16,27.5,-8.039788634055112
16,28.0,-8.06255132462124
16,28.5,-8.348821068489704
16,29.0,-8.912155594852964
16,29.5,-9.75809679117846
16,30.0,-10.995173249973412
16,30.5,-12.692441135994976
16,31.0,-15.041814176355572
16,31.5,-18.384372513347685
16,32.0,-23.077154348932865
16,32.5,-25.996894918439335
16,33.0,-23.066914294956344
16,33.5,-19.54961913900971
16,34.0,-16.815536397473572
16,34.5,-15.0628781141232
16,35.0,-13.980478309661466
16,35.5,-13.379129309945789
16,36.0,-13.174591773458712
16,36.5,-13.30496985761765
16,37.0,-13.751866963889572
16,37.5,-14.47928187786828
16,38.0,-15.515972115361087
16,38.5,-16.78762146177308
16,39.0,-18.1334469862767
16,39.5,-19.180934660290163
16,40.0,-19.44566548373592
16,40.5,-18.821827827200764
16,41.0,-17.6801748987397
16,41.5,-16.453184671778104
16,42.0,-15.36660550046302
16,42.5,-14.514477094706177
16,43.0,-13.84740512112698
16,43.5,-13.37612261961485
16,44.0,-13.090371266671228
16,44.5,-12.954946899987808
16,45.0,-12.965575864220344
16,45.5,-13.116304969641496
16,46.0,-13.40076215357257
16,46.5,-13.80850423245242
16,47.0,-14.374375970915963
16,47.5,-15.103528773315697
16,48.0,-16.029910730584582
16,48.5,-17.19673255301039
16,49.0,-18.632109933947945
16,49.5,-20.544403469421404
16,50.0,-23.053456837793465
16,50.5,-25.998044723830255
16,51.0,-29.151259627316257
16,51.5,-30.55849220586144
16,52.0,-27.588802418080743
16,52.5,-24.291139034930936
16,53.0,-22.071372401675447
16,53.5,-20.56278412680251
16,54.0,-19.659735524659983
16,54.5,-19.301521328088526
16,55.0,-19.487024768800826
16,55.5,-20.288596024196533
16,56.0,-22.005697056184232
16,56.5,-25.14424243513097
16,57.0,-28.79596888654501
16,57.5,-26.709113549072036
16,58.0,-21.05115670562291
16,58.5,-16.747727521026157
16,59.0,-13.560358554559654
16,59.5,-11.148293798549046
16,60.0,-9.139919847415136
16,60.5,-7.490864370708531
16,61.0,-6.134255297341671
16,61.5,-5.018085263671126
16,62.0,-4.139779116884833
16,62.5,-3.4238508032095822
16,63.0,-2.8840480439905303
16,63.5,-2.52260342916647
16,64.0,-2.311291986841292
16,64.5,-2.2585680643649457
16,65.0,-2.366858790154762
16,65.5,-2.63354864070406
16,66.0,-3.046698733823239
16,66.5,-3.631669285222288
16,67.0,-4.370244728231478
16,67.5,-5.248238870018574
16,68.0,-6.2227694728998335
16,68.5,-7.185570307413335
16,69.0,-8.06761025362123
16,69.5,-8.686751958114284
16,70.0,-8.936866314660566
16,70.5,-8.865895296571118
16,71.0,-8.606461736001593
16,71.5,-8.31927139819163
16,72.0,-8.125899575887708
16,72.5,-8.100788827014327
16,73.0,-8.286442801629029
16,73.5,-8.711111414658514
16,74.0,-9.399456598959867
16,74.5,-10.35586068141425
16,75.0,-11.527485252401355
16,75.5,-12.895443597673244
16,76.0,-14.163868874702269
16,76.5,-14.85406422889602
16,77.0,-14.68173129970155
16,77.5,-13.84661661100618
16,78.0,-12.83171890163931
16,78.5,-11.96517286073038
16,79.0,-11.398149354106495
16,79.5,-11.144421379367362
16,80.0,-11.248605304480003
16,80.5,-11.755702501868884
16,81.0,-12.726946070016798
16,81.5,-14.249981251390178
16,82.0,-16.7193704061406
16,82.5,-20.89158004992822
16,83.0,-30.62996186802926
16,83.5,-31.44172319053827
16,84.0,-20.734343522209848
16,84.5,-16.310734750935495
16,85.0,-13.608907620902473
16,85.5,-11.854178512736205
16,86.0,-10.627056329127528
16,86.5,-9.840608036061774
16,87.0,-9.42946811382434
16,87.5,-9.35216905273892
16,88.0,-9.594360959803458
16,88.5,-10.189417301142257
16,89.0,-11.178822189893484
16,89.5,-12.616720755570803
16,90.0,-14.798922052963997
16,90.5,-18.155924221636337
16,91.0,-24.33198797777993
16,91.5,-32.36345959342732
16,92.0,-23.479398300047947
16,92.5,-17.78823865736147
16,93.0,-14.570168761539133
16,93.5,-12.524603270323915
16,94.0,-11.077332279934936
16,94.5,-10.100134598737927
16,95.0,-9.502125621094937
16,95.5,-9.22481461649799
16,96.0,-9.245535977270304
16,96.5,-9.564587876515663
16,97.0,-10.200778922573084
16,97.5,-11.207431223785608
16,98.0,-12.66384208265205
16,98.5,-14.666861873290046
16,99.0,-17.662163147248872
16,99.5,-22.166664740575523
16,100.0,-26.126990754193592
17,0.0,-5.361443355974013
17,0.5,-5.4684996630952405
17,1.0,-5.782484061322165
17,1.5,-6.337197990401306
17,2.0,-7.14797799565219
17,2.5,-8.263605866168328
17,3.0,-9.74791925827192
17,3.5,-11.655897024035026
17,4.0,-14.301920150026705
17,4.5,-17.876698815342724
17,5.0,-21.705567134192982
17,5.5,-21.14875297520489
17,6.0,-17.449363061518216
17,6.5,-14.455476133845146
17,7.0,-12.359042205767146
17,7.5,-10.934633708516872
17,8.0,-9.920618836684028
17,8.5,-9.2635943095266
17,9.0,-8.912304927632185
17,9.5,-8.829188472548559
17,10.0,-8.995947414289427
17,10.5,-9.424883004219756
17,11.0,-10.128052677481003
17,11.5,-11.149293167834912
17,12.0,-12.549912992432878
17,12.5,-14.39080974275262
17,13.0,-17.010679939358717
17,13.5,-20.770243028162145
17,14.0,-25.06133181313021
17,14.5,-24.560304473124347
17,15.0,-20.74091309901843
17,15.5,-17.54805164028477
17,16.0,-15.332672848245965
17,16.5,-13.850955520916106
17,17.0,-12.817846400608692
17,17.5,-12.17267100335943
17,18.0,-11.860661323396656
17,18.5,-11.841910096601213
17,19.0,-12.09449936469581
17,19.5,-12.635097471053252
17,20.0,-13.471234251499988
17,20.5,-14.600286454225794
17,21.0,-16.151273698267936
17,21.5,-18.186950297830496
17,22.0,-20.893534961006395
17,22.5,-24.56001866091524
17,23.0,-29.41798546451092
17,23.5,-32.18717940781502
17,24.0,-28.006972382332044
17,24.5,-24.78504752055965
17,25.0,-22.846160979099693
17,25.5,-21.70907849087999
17,26.0,-21.02402573968599
17,26.5,-20.648881066114104
17,27.0,-20.442713844108685
17,27.5,-20.246467351984904
17,28.0,-19.925038673314507
17,28.5,-19.35541109450056
17,29.0,-18.482096405983665
17,29.5,-17.351305565384216
17,30.0,-15.958174445894198
17,30.5,-14.42504609637546
17,31.0,-12.834791683000178
17,31.5,-11.25563488761114
17,32.0,-9.78110123434172
17,32.5,-8.351227294048998
17,33.0,-7.03202454470201
17,33.5,-5.871592310089798
17,34.0,-4.803933619196684
17,34.5,-3.868378893203981
17,35.0,-3.0688170024851225
17,35.5,-2.4027621403257577
17,36.0,-1.8863561780898437
17,36.5,-1.4876177275356337
17,37.0,-1.223660923399576
17,37.5,-1.1003550555986703
17,38.0,-1.1135046385367269
17,38.5,-1.2723454337523474
17,39.0,-1.588115200025849
17,39.5,-2.0694018070713533
17,40.0,-2.7127454685645542
17,40.5,-3.58300416398396
17,41.0,-4.69635726801312
17,41.5,-6.116405341522073
17,42.0,-7.932289711500795
17,42.5,-10.242158580446176
17,43.0,-13.554388811388243
17,43.5,-18.74666178265532
17,44.0,-26.40899180358487
17,44.5,-22.59657500790692
17,45.0,-16.545789741157577
17,45.5,-13.204104312407631
17,46.0,-11.083348336614096
17,46.5,-9.706743724985948
17,47.0,-8.759486112396015
17,47.5,-8.171418470591012
17,48.0,-7.886972030245277
17,48.5,-7.8684778120176
17,49.0,-8.09763384447696
17,49.5,-8.594364349239
17,50.0,-9.3746578637246
17,50.5,-10.450996265057508
17,51.0,-11.97477554021562
17,51.5,-14.0617350384056
17,52.0,-17.014645022559314
17,52.5,-21.280884510100258
17,53.0,-25.29536439937256
17,53.5,-22.44875545102983
17,54.0,-17.960636863588828
17,54.5,-14.91662699740028
17,55.0,-12.800037768806591
17,55.5,-11.31951010175425
17,56.0,-10.197236965507004
17,56.5,-9.369910597014831
17,57.0,-8.780771838511317
17,57.5,-8.334011481988068
17,58.0,-7.99852859534205
17,58.5,-7.730926583713775
17,59.0,-7.491344913558005
17,59.5,-7.2585570676789954
17,60.0,-7.002511542034859
17,60.5,-6.730240884973858
17,61.0,-6.4549701655167295
17,61.5,-6.198996696493091
17,62.0,-5.994213846157673
17,62.5,-5.85321626626504
17,63.0,-5.804813657602842
17,63.5,-5.866463025329342
17,64.0,-6.05916606148859
17,64.5,-6.396453907354386
17,65.0,-6.8971080057544425
17,65.5,-7.574483498181164
17,66.0,-8.420793024379753
17,66.5,-9.511063734839018
17,67.0,-10.843163866859928
17,67.5,-12.44347232529914
17,68.0,-14.298615072998594
17,68.5,-16.229944269702518
17,69.0,-17.938358968623486
17,69.5,-18.634903774372876
17,70.0,-18.0431073407429
17,70.5,-16.70788584893578
17,71.0,-15.256602417176984
17,71.5,-13.934545960164892
17,72.0,-12.776942650912687
17,72.5,-11.793013803733452
17,73.0,-10.89366706815442
17,73.5,-10.091433501492762
17,74.0,-9.380760322376531
17,74.5,-8.761305720478191
17,75.0,-8.255895953583902
17,75.5,-7.842922965022509
17,76.0,-7.549012364845574
17,76.5,-7.390114184130733
17,77.0,-7.367500161469759
17,77.5,-7.497605123342424
17,78.0,-7.796635583738146
17,78.5,-8.276230137518455
17,79.0,-8.934071681257441
17,79.5,-9.835071187117444
17,80.0,-10.98966282382612
17,80.5,-12.44628312181607
17,81.0,-14.255824557454098
17,81.5,-16.420963687458386
17,82.0,-19.135430183198817
17,82.5,-22.21254837444472
17,83.0,-24.73958395135653
17,83.5,-25.42345113693925
17,84.0,-24.653188262072824
17,84.5,-23.997515823447863
17,85.0,-24.15183054259725
17,85.5,-25.41143703661696
17,86.0,-28.513319478397044
17,86.5,-34.17658188683284
17,87.0,-31.5867172315716
17,87.5,-24.555311216695877
17,88.0,-20.25421852836708
17,88.5,-17.201108343887487
17,89.0,-14.963220523900793
17,89.5,-13.336383202109367
17,90.0,-12.084737535922246
17,90.5,-11.184147671316914
17,91.0,-10.595845452885143
17,91.5,-10.287497565862209
17,92.0,-10.24713812488686
17,92.5,-10.46765895461008
17,93.0,-10.951123307705922
17,93.5,-11.675296474756534
17,94.0,-12.671481228212125
17,94.5,-13.855457666702035
17,95.0,-15.046001390309868
17,95.5,-15.881389406666033
17,96.0,-15.981760324627372
17,96.5,-15.35762271901037
17,97.0,-14.39218188661406
17,97.5,-13.459197875068917
17,98.0,-12.753075859886758
17,98.5,-12.365236945227847
17,99.0,-12.310720213604071
17,99.5,-12.637908034789325
17,100.0,-13.135609273521988
18,0.0,-7.149754637825841
18,0.5,-7.2661690801441
18,1.0,-7.607197644437532
18,1.5,-8.208230022940127
18,2.0,-9.083537315572812
18,2.5,-10.28221953068977
18,3.0,-11.869137917750828
18,3.5,-13.904166216465946
18,4.0,-16.76069705646146
18,4.5,-20.95551763631297
18,5.0,-28.64710757339516
18,5.5,-34.666481245207166
18,6.0,-26.11376889802641
18,6.5,-21.65282677117073
18,7.0,-19.39542459412569
18,7.5,-18.26473367533746
18,8.0,-17.820726870843664
18,8.5,-17.952446191307626
18,9.0,-18.61584222234048
18,9.5,-19.79693063849265
18,10.0,-21.46036910977235
18,10.5,-23.65301496321129
18,11.0,-25.841949777129244
18,11.5,-26.66616769433647
18,12.0,-25.64300502431969
18,12.5,-24.099697201617147
18,13.0,-22.80938812453109
18,13.5,-21.96352358557098
18,14.0,-21.473750955459987
18,14.5,-21.091461230230717
18,15.0,-20.54757363335396
18,15.5,-19.608448518960344
18,16.0,-18.284677816098803
18,16.5,-16.814348053294733
18,17.0,-15.314636775907609
18,17.5,-13.961391201630114
18,18.0,-12.82067458615563
18,18.5,-11.9103609868882
18,19.0,-11.255308154894566
18,19.5,-10.813259807330498
18,20.0,-10.603334125807969
18,20.5,-10.626188596076904
18,21.0,-10.88917449261448
18,21.5,-11.403378806170346
18,22.0,-12.194253699681566
18,22.5,-13.286589901638363
18,23.0,-14.679557181684508
18,23.5,-16.515152718385153
18,24.0,-18.786220917923057
18,24.5,-21.334332375043186
18,25.0,-23.17833710195137
18,25.5,-22.88203407705451
18,26.0,-21.12160374213076
18,26.5,-19.255424026944315
18,27.0,-17.731244583337325
18,27.5,-16.44905485578323
18,28.0,-15.379953228904576
18,28.5,-14.457355463862935
18,29.0,-13.63356784194455
18,29.5,-12.912442390532965
18,30.0,-12.25057130301606
18,30.5,-11.684885741676904
18,31.0,-11.238063462966224
18,31.5,-10.928834674241305
18,32.0,-10.78111292661908
18,32.5,-10.803282306604215
18,33.0,-11.01585542346102
18,33.5,-11.421349811637496
18,34.0,-12.060269712428806
18,34.5,-12.9342277444957
18,35.0,-14.05977838934897
18,35.5,-15.434031386221008
18,36.0,-16.986536878171613
18,36.5,-18.73540931226928
18,37.0,-20.445206553266903
18,37.5,-21.74376872909214
18,38.0,-22.34437141896669
18,38.5,-22.06628011284733
18,39.0,-20.98835992647521
18,39.5,-19.30660125762449
18,40.0,-17.324221514711475
18,40.5,-15.17882972062668
18,41.0,-13.122414436765403
18,41.5,-11.263691830978969
18,42.0,-9.642384706872232
18,42.5,-8.311956892669995
18,43.0,-7.188418932376069
18,43.5,-6.309287361744821
18,44.0,-5.691318386894465
18,44.5,-5.297534774888369
18,45.0,-5.155134169405442
18,45.5,-5.286575933577325
18,46.0,-5.716505107661056
18,46.5,-6.471405787417992
18,47.0,-7.685320355975207
18,47.5,-9.487954778631703
18,48.0,-12.196568908272411
18,48.5,-16.28537301151335
18,49.0,-20.38118116431122
18,49.5,-17.913282582338695
18,50.0,-13.005068406559303
18,50.5,-9.763666530708493
18,51.0,-7.482545195609682
18,51.5,-5.880382891653906
18,52.0,-4.772430472612677
18,52.5,-4.044617099614038
18,53.0,-3.651635148788492
18,53.5,-3.536369558114212
18,54.0,-3.695474985461669
18,54.5,-4.130616570041849
18,55.0,-4.841788815292051
18,55.5,-5.810760541107167
18,56.0,-7.110823111615408
18,56.5,-8.70612890833206
18,57.0,-10.46536595245945
18,57.5,-12.22952011583433
18,58.0,-13.41552125370787
18,58.5,-13.58245227781408
18,59.0,-13.015783030448992
18,59.5,-12.33601952356666
18,60.0,-11.883528847361177
18,60.5,-11.825555032353645
18,61.0,-12.221488050223227
18,61.5,-13.06667040265059
18,62.0,-14.22919878596156
18,62.5,-15.347868734378467
18,63.0,-15.450180321915257
18,63.5,-14.10010231585151
18,64.0,-12.002375392263684
18,64.5,-9.977930541377535
18,65.0,-8.29386325202347
18,65.5,-6.968150740788885
18,66.0,-6.0003091032672025
18,66.5,-5.294789997485256
18,67.0,-4.854462133552036
18,67.5,-4.664999134336525
18,68.0,-4.709683473162505
18,68.5,-4.9753876179524
18,69.0,-5.480162636511419
18,69.5,-6.22327306657499
18,70.0,-7.188092343781974
18,70.5,-8.45333716133256
18,71.0,-10.004589389973676
18,71.5,-11.832938845631324
18,72.0,-13.797817619361272
18,72.5,-15.40501806231296
18,73.0,-15.999713713871426
18,73.5,-15.319361419985274
18,74.0,-14.0048574891477
18,74.5,-12.6690398784511
18,75.0,-11.56393066443202
18,75.5,-10.655463094123345
18,76.0,-9.96048973506656
18,76.5,-9.469492011802094
18,77.0,-9.131211827010915
18,77.5,-8.947122156506724
18,78.0,-8.911127967967374
18,78.5,-9.013460832957394
18,79.0,-9.238816213018271
18,79.5,-9.5859889209433
18,80.0,-10.01911861558628
18,80.5,-10.487593495770929
18,81.0,-10.913237168260322
18,81.5,-11.195575500683542
18,82.0,-11.27821053413497
18,82.5,-11.14025647012136
18,83.0,-10.850656522883948
18,83.5,-10.494164923229404
18,84.0,-10.180987621009212
18,84.5,-9.994580853780192
18,85.0,-9.991088292652575
18,85.5,-10.207881619489331
18,86.0,-10.699230759220796
18,86.5,-11.503347852459584
18,87.0,-12.687990562688732
18,87.5,-14.331157194588714
18,88.0,-16.482663232497213
18,88.5,-19.375469637774785
18,89.0,-22.515456049499605
18,89.5,-23.616671730426564
18,90.0,-21.849118877862423
18,90.5,-19.738654853041144
18,91.0,-18.391970939193648
18,91.5,-17.867946041068787
18,92.0,-18.155935959895
18,92.5,-19.37573685140651
18,93.0,-21.69949694086981
18,93.5,-24.27106241144592
18,94.0,-22.87208763171976
18,94.5,-18.43046718861221
18,95.0,-14.668790164922491
18,95.5,-11.838231429474632
18,96.0,-9.748335390830514
18,96.5,-8.090011689632785
18,97.0,-6.822259520430188
18,97.5,-5.884888661914208
18,98.0,-5.229047260143174
18,98.5,-4.840700740247423
18,99.0,-4.679841045563155
18,99.5,-4.751266387532872
18,100.0,-4.943969151918523
19,0.0,-2.623001505459676
19,0.5,-2.722686027568392
19,1.0,-3.014856780371741
19,1.5,-3.5302926195610773
19,2.0,-4.281900649747802
19,2.5,-5.312483127289551
19,3.0,-6.67756583479279
19,3.5,-8.425262176984248
19,4.0,-10.859893849576366
19,4.5,-14.345974101176116
19,5.0,-20.164086627108976
19,5.5,-28.481289488501957
19,6.0,-22.063294046004177
19,6.5,-16.356959605659277
19,7.0,-13.343843889779754
19,7.5,-11.597599379418195
19,8.0,-10.53307238741728
19,8.5,-10.01309032143734
19,9.0,-9.962867488016723
19,9.5,-10.348184003839302
19,10.0,-11.161097591111348
19,10.5,-12.506661930728852
19,11.0,-14.42359588948746
19,11.5,-16.79218438541324
19,12.0,-18.42622575257785
19,12.5,-17.45609298112838
19,13.0,-14.869238412816504
19,13.5,-12.418499122293513
19,14.0,-10.56076720744466
19,14.5,-9.13897103497056
19,15.0,-8.129452659196136
19,15.5,-7.477768233208027
19,16.0,-7.138326776887846
19,16.5,-7.093158934895356
19,17.0,-7.335842427440478
19,17.5,-7.880307440784487
19,18.0,-8.766473996830001
19,18.5,-10.051536871135294
19,19.0,-11.799154618071094
19,19.5,-14.362250138499592
19,20.0,-18.26928955460473
19,20.5,-25.291412158615906
19,21.0,-30.503760043145448
19,21.5,-22.029453310318125
19,22.0,-17.216583363654095
19,22.5,-14.518006955361404
19,23.0,-12.890304977128034
19,23.5,-11.859570937827002
19,24.0,-11.31957718787482
19,24.5,-11.209579808667502
19,25.0,-11.505283940367756
19,25.5,-12.215096580727812
19,26.0,-13.476089378748968
19,26.5,-15.46948209006398
19,27.0,-18.567511008395684
19,27.5,-24.097096612179843
19,28.0,-27.35414713463033
19,28.5,-20.59981387928964
19,29.0,-15.65227542808475
19,29.5,-12.533385009656229
19,30.0,-10.226175800968676
19,30.5,-8.49253213330194
19,31.0,-7.174464879152935
19,31.5,-6.172459362606306
19,32.0,-5.45615335257613
19,32.5,-4.948429591142527
19,33.0,-4.653009322804956
19,33.5,-4.563206241451976
19,34.0,-4.671267027281531
19,34.5,-4.984627156176806
19,35.0,-5.519622063972659
19,35.5,-6.292353979296367
19,36.0,-7.3027449686788
19,36.5,-8.662226861477166
19,37.0,-10.409852783677795
19,37.5,-12.57644565149959
19,38.0,-15.388726765583025
19,38.5,-18.52060568198329
19,39.0,-20.187522670417597
19,39.5,-18.891422623125923
19,40.0,-16.709280101612595
19,40.5,-14.933682785019524
19,41.0,-13.778493056527074
19,41.5,-13.175911503691768
19,42.0,-13.051674390467651
19,42.5,-13.374683660983708
19,43.0,-14.189297658105115
19,43.5,-15.5680982256338
19,44.0,-17.629512001866075
19,44.5,-20.900415967486683
19,45.0,-25.80052851225781
19,45.5,-27.60458400543533
19,46.0,-23.1517854833184
19,46.5,-19.298923224891908
19,47.0,-16.669853126064595
19,47.5,-14.922271384849976
19,48.0,-13.792317532634046
19,48.5,-13.12598211907206
19,49.0,-12.85998198346633
19,49.5,-12.945343150605153
19,50.0,-13.387894728900216
19,50.5,-14.188610554472072
19,51.0,-15.461576554135968
19,51.5,-17.300498750367346
19,52.0,-19.909971732356983
19,52.5,-23.23315886782536
19,53.0,-24.90139604645045
19,53.5,-22.38284375314893
19,54.0,-18.74615343976712
19,54.5,-15.772760240770925
19,55.0,-13.435800610275862
19,55.5,-11.597962171172409
19,56.0,-10.00895329646157
19,56.5,-8.644286599676725
19,57.0,-7.490204385660009
19,57.5,-6.444838338189747
19,58.0,-5.52817090734982
19,58.5,-4.734951559836248
19,59.0,-4.060501700321054
19,59.5,-3.5229061635537824
19,60.0,-3.0921786459654683
19,60.5,-2.7903480717872777
19,61.0,-2.626992021207881
19,61.5,-2.607757107509697
19,62.0,-2.7387495206038865
19,62.5,-3.040955078799447
19,63.0,-3.525837339919571
19,63.5,-4.191390620790152
19,64.0,-5.100782439198133
19,64.5,-6.25208860672726
19,65.0,-7.648774028414586
19,65.5,-9.208469305249874
19,66.0,-10.611107847607968
19,66.5,-11.375207092384128
19,67.0,-11.035944904601669
19,67.5,-9.88092503751021
19,68.0,-8.525038885094759
19,68.5,-7.343300769503768
19,69.0,-6.371314841891231
19,69.5,-5.6593006627833
19,70.0,-5.206951775595386
19,70.5,-4.965210066955227
19,71.0,-4.927211284947864
19,71.5,-5.074380740370067
19,72.0,-5.376857558372414
19,72.5,-5.788023179970837
19,73.0,-6.286739620664402
19,73.5,-6.800146471050327
19,74.0,-7.258683902689397
19,74.5,-7.605831763718646
19,75.0,-7.8128310807641475
19,75.5,-7.917691229108262
19,76.0,-7.975527603049492
19,76.5,-8.058797869558827
19,77.0,-8.243129818028168
19,77.5,-8.580798254201829
19,78.0,-9.113973308949596
19,78.5,-9.853843941925264
19,79.0,-10.744081397061
19,79.5,-11.71451784690079
19,80.0,-12.447320915749131
19,80.5,-12.52658710525429
19,81.0,-11.806097633926958
19,81.5,-10.600091930153331
19,82.0,-9.227268856822109
19,82.5,-7.958558297805629
19,83.0,-6.917443642633165
19,83.5,-6.060849906839064
19,84.0,-5.417939682722518
19,84.5,-4.983160267739227
19,85.0,-4.743541512559282
19,85.5,-4.695595377789088
19,86.0,-4.836487146525367
19,86.5,-5.174392476239111
19,87.0,-5.729170151700397
19,87.5,-6.524403935590975
19,88.0,-7.573653052891999
19,88.5,-9.022094016721365
19,89.0,-10.975090117054306
19,89.5,-13.60900890686414
19,90.0,-17.5795489058093
19,90.5,-22.326509596791496
19,91.0,-20.760639941106792
19,91.5,-15.848625209470438
19,92.0,-12.451593560620898
19,92.5,-9.999581775124325
19,93.0,-8.202153783639822
19,93.5,-6.892962852128945
19,94.0,-5.873513043905106
19,94.5,-5.115123018143653
19,95.0,-4.575573922131095
19,95.5,-4.217149037641704
19,96.0,-4.020340316681417
19,96.5,-3.950500072090672
19,97.0,-3.993297242448171
19,97.5,-4.130239793919483
19,98.0,-4.339384931439901
19,98.5,-4.594307951402213
19,99.0,-4.895631373700442
19,99.5,-5.226429614488278
19,100.0,-5.484232331934482
20,0.0,-3.4615207497912057
20,0.5,-3.5611655904888697
20,1.0,-3.852080020635989
20,1.5,-4.360978605014625
20,2.0,-5.092846240368552
20,2.5,-6.07460695557487
20,3.0,-7.332726770745333
20,3.5,-8.86140334012104
20,4.0,-10.806669609858735
20,4.5,-13.149225187405593
20,5.0,-15.755080339741998
20,5.5,-17.884817722836985
20,6.0,-18.311628585964964
20,6.5,-17.286598711281957
20,7.0,-16.04101799111965
20,7.5,-15.192191919130227
20,8.0,-14.801558514006333
20,8.5,-14.88559328377194
20,9.0,-15.413692934034112
20,9.5,-16.279146449852465
20,10.0,-17.170322721020042
20,10.5,-17.513701212888726
20,11.0,-16.722625105954044
20,11.5,-15.056606196748584
20,12.0,-13.203859935409689
20,12.5,-11.581651189646887
20,13.0,-10.193362792975089
20,13.5,-9.092839839326558
20,14.0,-8.282757302968495
20,14.5,-7.686500475186381
20,15.0,-7.306810091909844
20,15.5,-7.128586720426852
20,16.0,-7.131690261311334
20,16.5,-7.296975329399392
20,17.0,-7.621421932185151
20,17.5,-8.086764433012306
20,18.0,-8.68211294227646
20,18.5,-9.392017089950103
20,19.0,-10.182253839778545
20,19.5,-11.100685091102717
20,20.0,-12.136728581567866
20,20.5,-13.294248237768
20,21.0,-14.728638053606362
20,21.5,-16.555716876491452
20,22.0,-19.08839529590179
20,22.5,-22.992267887795457
20,23.0,-29.804204010267927
20,23.5,-28.866611143717588
20,24.0,-21.663691392180464
20,24.5,-17.476480538247614
20,25.0,-14.645616446607058
20,25.5,-12.660042466057067
20,26.0,-11.147301234257023
20,26.5,-10.048993785075806
20,27.0,-9.324561323117637
20,27.5,-8.89794015598478
20,28.0,-8.784546436302183
20,28.5,-9.005195704697549
20,29.0,-9.593429877595842
20,29.5,-10.597372619592363
20,30.0,-12.238391990640393
20,30.5,-14.82228217391272
20,31.0,-19.31052437718806
20,31.5,-27.151471597478228
20,32.0,-22.93611129498641
20,32.5,-15.981508831810274
20,33.0,-11.98669028578182
20,33.5,-9.3807094611356
20,34.0,-7.423790307855614
20,34.5,-5.953561735553348
20,35.0,-4.848740397027875
20,35.5,-4.027034053388732
20,36.0,-3.459545414046784
20,36.5,-3.079009041603343
20,37.0,-2.881057462353817
20,37.5,-2.8501644230131555
20,38.0,-2.9711051248894225
20,38.5,-3.233463222050085
20,39.0,-3.628586062090026
20,39.5,-4.141323177841853
20,40.0,-4.738094925377561
20,40.5,-5.436940183906869
20,41.0,-6.195246917633421
20,41.5,-6.984489178915238
20,42.0,-7.772603687938357
20,42.5,-8.508644892347995
20,43.0,-9.220708993318183
20,43.5,-9.884641530348484
20,44.0,-10.498058267389275
20,44.5,-11.130724329618332
20,45.0,-11.801129882490525
20,45.5,-12.547877740733725
20,46.0,-13.398161247558978
20,46.5,-14.333787469322948
20,47.0,-15.38866448220904
20,47.5,-16.437640385801814
20,48.0,-17.255347707820473
20,48.5,-17.528700961846496
20,49.0,-17.093607206061098
20,49.5,-16.078417496256687
20,50.0,-14.803786679396104
20,50.5,-13.541126630778685
20,51.0,-12.33052716508914
20,51.5,-11.258005043037388
20,52.0,-10.341628005905816
20,52.5,-9.58107823852637
20,53.0,-8.994182233675946
20,53.5,-8.543945506501338
20,54.0,-8.24988893095845
20,54.5,-8.118478136081917
20,55.0,-8.151951121764428
20,55.5,-8.351989123294375
20,56.0,-8.742113113968584
20,56.5,-9.330369006911758
20,57.0,-10.110646533588076
20,57.5,-11.15462056204819
20,58.0,-12.463454183528173
20,58.5,-14.064781046784878
20,59.0,-15.944525651489238
20,59.5,-17.927124332462764
20,60.0,-19.758097026337914
20,60.5,-20.753414785006903
20,61.0,-20.66425864759885
20,61.5,-20.0435433868407
20,62.0,-19.488104530458976
20,62.5,-19.228937935816266
20,63.0,-19.339646915602344
20,63.5,-19.751243839047618
20,64.0,-20.29486023491652
20,64.5,-20.573789073257142
20,65.0,-20.149358363247256
20,65.5,-19.01393815143194
20,66.0,-17.604782021795977
20,66.5,-16.21303926193387
20,67.0,-15.0680035683275
20,67.5,-14.244162571172758
20,68.0,-13.758607772817523
20,68.5,-13.632031655361605
20,69.0,-13.886172959540676
20,69.5,-14.582462523460965
20,70.0,-15.794604579863249
20,70.5,-17.83427816619804
20,71.0,-21.236738012013905
20,71.5,-28.305272294170276
20,72.0,-33.514866138696284
20,72.5,-23.846850391481784
20,73.0,-18.657624689004063
20,73.5,-15.564683647064516
20,74.0,-13.51719698308266
20,74.5,-12.117062413875466
20,75.0,-11.22502300949514
20,75.5,-10.699979611520453
20,76.0,-10.528696408143498
20,76.5,-10.692035091981476
20,77.0,-11.208476665375512
20,77.5,-12.103785091426024
20,78.0,-13.446225306409003
20,78.5,-15.318524397936825
20,79.0,-17.733723374888346
20,79.5,-20.59417841682811
20,80.0,-22.06858510311335
20,80.5,-20.4286532694458
20,81.0,-17.85277065325173
20,81.5,-15.842914525226114
20,82.0,-14.393962919062458
20,82.5,-13.469474492283632
20,83.0,-13.000784124739802
20,83.5,-12.907713170332258
20,84.0,-13.181709660263907
20,84.5,-13.82909146883561
20,85.0,-14.86277047876361
20,85.5,-16.28312334019568
20,86.0,-18.259222483844987
20,86.5,-20.879848672786068
20,87.0,-24.39044273538841
20,87.5,-29.116281064078358
20,88.0,-34.77103808442308
20,88.5,-38.61851761378445
20,89.0,-39.05424047808127
20,89.5,-37.17308828705292
20,90.0,-31.20311196093888
20,90.5,-25.324452403888717
20,91.0,-20.751541640823977
20,91.5,-17.183130152205386
20,92.0,-14.420101085155473
20,92.5,-12.103684726143042
20,93.0,-10.203927433874837
20,93.5,-8.690872966749131
20,94.0,-7.41597231400037
20,94.5,-6.388669430601353
20,95.0,-5.585321422645527
20,95.5,-4.980422482526166
20,96.0,-4.571001839850752
20,96.5,-4.3190537360224335
20,97.0,-4.227673903067559
20,97.5,-4.291881774766097
20,98.0,-4.501527347241487
20,98.5,-4.839474321821609
20,99.0,-5.319755792341264
20,99.5,-5.923520010668836
20,100.0,-6.432234752496028
21,0.0,-3.180796870572316
21,0.5,-3.287271569040221
21,1.0,-3.5992789824929186
21,1.5,-4.149494330502337
21,2.0,-4.951433722541714
21,2.5,-6.050539040364056
21,3.0,-7.506089639868906
21,3.5,-9.37002515507674
21,4.0,-11.967779313544638
21,4.5,-15.675454470160943
21,5.0,-21.457140905336296
21,5.5,-25.422489083428868
21,6.0,-20.262185990220583
21,6.5,-16.033781610398666
21,7.0,-13.5385449537305
21,7.5,-12.06693151122142
21,8.0,-11.195850266180445
21,8.5,-10.821774657555984
21,9.0,-10.882833702928382
21,9.5,-11.344897461497885
21,10.0,-12.185099861881293
21,10.5,-13.472419044974377
21,11.0,-15.162309214325136
21,11.5,-17.02155391326798
21,12.0,-18.21123273206009
21,12.5,-17.749988640427457
21,13.0,-16.05694916788164
21,13.5,-14.221750133526466
21,14.0,-12.753029115500391
21,14.5,-11.635000542093833
21,15.0,-10.890710319717275
21,15.5,-10.495616299166414
21,16.0,-10.422573303218204
21,16.5,-10.659405708306553
21,17.0,-11.233634397259353
21,17.5,-12.172707647128734
21,18.0,-13.555950910315657
21,18.5,-15.509493333845173
21,19.0,-18.22253099232151
21,19.5,-22.547761974372232
21,20.0,-30.247436075945743
21,20.5,-31.489869956166352
21,21.0,-23.68055361604906
21,21.5,-19.68002203328812
21,22.0,-17.298800822423978
21,22.5,-15.722458537467116
21,23.0,-14.661169177831145
21,23.5,-13.861812029952125
21,24.0,-13.230134600877935
21,24.5,-12.671773219159547
21,25.0,-12.121195716874167
21,25.5,-11.566520123268246
21,26.0,-10.97508426529754
21,26.5,-10.387784585300254
21,27.0,-9.853909899157603
21,27.5,-9.37196700808823
21,28.0,-8.982760396258904
21,28.5,-8.70316979194693
21,29.0,-8.535356038606269
21,29.5,-8.475059668031706
21,30.0,-8.500994135253375
21,30.5,-8.585930678640402
21,31.0,-8.689351192045283
21,31.5,-8.763405101859071
21,32.0,-8.765226993558084
21,32.5,-8.670043937219102
21,33.0,-8.482086561619171
21,33.5,-8.241021626495158
21,34.0,-7.981636301494582
21,34.5,-7.763842884005537
21,35.0,-7.63678261935314
21,35.5,-7.63733531396789
21,36.0,-7.791618312665123
21,36.5,-8.136512848696452
21,37.0,-8.69329845543467
21,37.5,-9.46650425879681
21,38.0,-10.539647331182792
21,38.5,-11.932449712768518
21,39.0,-13.708219105307313
21,39.5,-15.917998794448923
21,40.0,-18.48702320885227
21,40.5,-21.25653013158679
21,41.0,-22.94542302748104
21,41.5,-22.664879672559916
21,42.0,-21.797664694739723
21,42.5,-21.478104267877885
21,43.0,-22.038420658845773
21,43.5,-23.602311696707485
21,44.0,-24.829834973180308
21,44.5,-22.663291029118767
21,45.0,-18.86155363489718
21,45.5,-15.300709048827938
21,46.0,-12.397132352949058
21,46.5,-10.132212698041595
21,47.0,-8.24215313673164
21,47.5,-6.709030734781793
21,48.0,-5.476568571586685
21,48.5,-4.495348107710644
21,49.0,-3.758041664273026
21,49.5,-3.196237036958814
21,50.0,-2.816834565269616
21,50.5,-2.6141661474045117
21,51.0,-2.566475424350324
21,51.5,-2.6733506481006666
21,52.0,-2.9325255261880407
21,52.5,-3.336524489561708
21,53.0,-3.864640232339046
21,53.5,-4.544844806341952
21,54.0,-5.35364268889962
21,54.5,-6.282308136738824
21,55.0,-7.310324818440898
21,55.5,-8.375253906830341
21,56.0,-9.496100173183653
21,56.5,-10.567678651693765
21,57.0,-11.461275673949922
21,57.5,-12.11069695796268
21,58.0,-12.38356553402482
21,58.5,-12.232733442087312
21,59.0,-11.718422522565325
21,59.5,-10.974135834087988
21,60.0,-10.073086973315853
21,60.5,-9.132625853709428
21,61.0,-8.218319428295805
21,61.5,-7.370079565830312
21,62.0,-6.634075992696933
21,62.5,-5.97699135168572
21,63.0,-5.427576679422557
21,63.5,-5.000705222009285
21,64.0,-4.668425383336769
21,64.5,-4.4408808578462216
21,65.0,-4.31531500366213
21,65.5,-4.283439408100114
21,66.0,-4.335893053744873
21,66.5,-4.466192274984525
21,67.0,-4.660760553052323
21,67.5,-4.905701774981851
21,68.0,-5.182172800789395
21,68.5,-5.461462474055759
21,69.0,-5.739827468379168
21,69.5,-5.989506002511122
21,70.0,-6.19055922998683
21,70.5,-6.35063240377128
21,71.0,-6.469183338912447
21,71.5,-6.561677041091191
21,72.0,-6.652245540327479
21,72.5,-6.764986408263676
21,73.0,-6.936803874092832
21,73.5,-7.194060346165681
21,74.0,-7.570046096506529
21,74.5,-8.09529190769993
21,75.0,-8.785401430464438
21,75.5,-9.731057402102005
21,76.0,-10.975858943580109
21,76.5,-12.570118823988194
21,77.0,-14.790446684555931
21,77.5,-17.938585194229105
21,78.0,-22.9002742939551
21,78.5,-30.2932383671822
21,79.0,-27.054060179972183
21,79.5,-20.781566706070866
21,80.0,-17.416813562686407
21,80.5,-15.369936851302729
21,81.0,-14.071846703620192
21,81.5,-13.319737367262702
21,82.0,-12.94864952048354
21,82.5,-12.91221890430429
21,83.0,-13.14918425940061
21,83.5,-13.613467868297484
21,84.0,-14.207664597353387
21,84.5,-14.787247681484857
21,85.0,-15.165092345914251
21,85.5,-15.194217630621168
21,86.0,-14.878860290336815
21,86.5,-14.3679652082367
21,87.0,-13.850412488133248
21,87.5,-13.470417455354047
21,88.0,-13.321671317269702
21,88.5,-13.45367384649557
21,89.0,-13.919520272913688
21,89.5,-14.748094390673796
21,90.0,-16.063155422916246
21,90.5,-17.913973255465315
21,91.0,-20.24347079745733
21,91.5,-22.15794452019032
21,92.0,-21.76752678511909
21,92.5,-19.444169235766687
21,93.0,-17.04417153641064
21,93.5,-15.21391430187845
21,94.0,-13.836846065261769
21,94.5,-12.886240734096644
21,95.0,-12.293953211290066
21,95.5,-11.990141850039786
21,96.0,-11.916861359398515
21,96.5,-11.995926846342035
21,97.0,-12.13263708510213
21,97.5,-12.201885110454922
21,98.0,-12.08456531655358
21,98.5,-11.730728689023714
21,99.0,-11.15048164658567
21,99.5,-10.45375764579127
21,100.0,-9.93564428845032
