Canal,Frecuencia,Magnitud
0,0.0,-23.36893521203713
0,0.5,-23.158225763006183
0,1.0,-22.56427005018677
0,1.5,-21.60592609926786
0,2.0,-20.398460940528874
0,2.5,-19.05503822523961
0,3.0,-17.680904265587174
0,3.5,-16.388133122824687
0,4.0,-15.13924740416616
0,4.5,-13.995808824252457
0,5.0,-12.967697514423987
0,5.5,-12.051972385751473
0,6.0,-11.267973884521489
0,6.5,-10.559012104155494
0,7.0,-9.940831002301517
0,7.5,-9.420529599449347
0,8.0,-8.956446881516644
0,8.5,-8.556502261762905
0,9.0,-8.214585902938222
0,9.5,-7.924000345466648
0,10.0,-7.688851636931232
0,10.5,-7.493836370358486
0,11.0,-7.348653446657367
0,11.5,-7.259981581289883
0,12.0,-7.235471817973183
0,12.5,-7.285472082634957
0,13.0,-7.428769684329116
0,13.5,-7.683381047562508
0,14.0,-8.062478015140806
0,14.5,-8.623410133063233
0,15.0,-9.40057482411849
0,15.5,-10.470197953669972
0,16.0,-11.941918062363168
0,16.5,-13.9637435687856
0,17.0,-17.148778190861307
0,17.5,-23.03793283712868
0,18.0,-33.461861784219735
0,18.5,-22.388443582161063
0,19.0,-16.16356678007035
0,19.5,-12.447760485197096
0,20.0,-9.843294785098278
0,20.5,-7.930240531321725
0,21.0,-6.376808787134078
0,21.5,-5.133404612360505
0,22.0,-4.140014209966731
0,22.5,-3.350976211565848
0,23.0,-2.7587913241024533
0,23.5,-2.3090908946524573
0,24.0,-2.009444323586973
0,24.5,-1.8563623741050024
0,25.0,-1.8443595553265104
0,25.5,-1.970468658297299
0,26.0,-2.247194095808944
0,26.5,-2.679240621973272
0,27.0,-3.262142543582497
0,27.5,-4.05352219444061
0,28.0,-5.066649245929693
0,28.5,-6.356530932987362
0,29.0,-7.998057827021946
0,29.5,-10.066124443795305
0,30.0,-12.975787431657343
0,30.5,-17.378119830150187
0,31.0,-26.506160311220796
0,31.5,-29.067647768345303
0,32.0,-19.298317841758145
0,32.5,-14.92938187152215
0,33.0,-12.337341276270456
0,33.5,-10.675686794199642
0,34.0,-9.50807568894272
0,34.5,-8.73141300246468
0,35.0,-8.265444472239595
0,35.5,-8.05159410113039
0,36.0,-8.055250612121306
0,36.5,-8.24911816502379
0,37.0,-8.605588200023332
0,37.5,-9.073540374569257
0,38.0,-9.624814413551992
0,38.5,-10.157532782943692
0,39.0,-10.549912335263471
0,39.5,-10.686471552073469
0,40.0,-10.515159335742323
0,40.5,-10.064618837197976
0,41.0,-9.44696441457851
0,41.5,-8.777532067926941
0,42.0,-8.14478242001061
0,42.5,-7.617956128789427
0,43.0,-7.193176121801055
0,43.5,-6.901285993185089
0,44.0,-6.7541196097090745
0,44.5,-6.746763551115283
0,45.0,-6.887448167699162
0,45.5,-7.183796818286756
0,46.0,-7.638817588004725
0,46.5,-8.241593938845137
0,47.0,-9.039344322667564
0,47.5,-10.0220662189725
0,48.0,-11.19553975846903
0,48.5,-12.53386704747733
0,49.0,-13.909354824349046
0,49.5,-15.189265875897748
0,50.0,-15.966857192254356
0,50.5,-15.955040194185818
0,51.0,-15.261838101214286
0,51.5,-14.258745951282329
0,52.0,-13.246462281900593
0,52.5,-12.36690354548873
0,53.0,-11.686187863663283
0,53.5,-11.167103862025606
0,54.0,-10.822496171572286
0,54.5,-10.6435491813518
0,55.0,-10.61460567652307
0,55.5,-10.720558231277792
0,56.0,-10.955716146867454
0,56.5,-11.302824460912694
0,57.0,-11.73058361756106
0,57.5,-12.240422336341547
0,58.0,-12.783778875557894
0,58.5,-13.3119632016647
0,59.0,-13.766269502410688
0,59.5,-14.078096919810644
0,60.0,-14.22414507770556
0,60.5,-14.185434781593155
0,61.0,-13.985591230309767
0,61.5,-13.67762190647844
0,62.0,-13.325745924320248
0,62.5,-12.953232229485296
0,63.0,-12.602719007930771
0,63.5,-12.303506475287772
0,64.0,-12.048194846202898
0,64.5,-11.851437094685746
0,65.0,-11.71631342922622
0,65.5,-11.641533809961082
0,66.0,-11.62667629948645
0,66.5,-11.66971173508029
0,67.0,-11.770129376148676
0,67.5,-11.92824238708066
0,68.0,-12.141978504122402
0,68.5,-12.401717345511951
0,69.0,-12.720631750340957
0,69.5,-13.084687365108094
0,70.0,-13.471061152877176
0,70.5,-13.88543678357707
0,71.0,-14.287506930890292
0,71.5,-14.636084558963102
0,72.0,-14.883591283604323
0,72.5,-14.980240438327694
0,73.0,-14.901280393096163
0,73.5,-14.642754165409514
0,74.0,-14.231748864467004
0,74.5,-13.720859019123298
0,75.0,-13.179419482383866
0,75.5,-12.619397789162306
0,76.0,-12.0916316995948
0,76.5,-11.633952348865238
0,77.0,-11.233457645819104
0,77.5,-10.914405669597686
0,78.0,-10.685198505527108
0,78.5,-10.548610752700233
0,79.0,-10.509337218917064
0,79.5,-10.568019945752432
0,80.0,-10.728865934119636
0,80.5,-10.997098503603176
0,81.0,-11.373557221475457
0,81.5,-11.845826608029986
0,82.0,-12.443993426422487
0,82.5,-13.149723941493736
0,83.0,-13.926700728443375
0,83.5,-14.794725249089112
0,84.0,-15.673519783607397
0,84.5,-16.465386480816843
0,85.0,-17.042768534731305
0,85.5,-17.281520218646616
0,86.0,-17.159400687172447
0,86.5,-16.738334630840118
0,87.0,-16.142115528527224
0,87.5,-15.491521577026692
0,88.0,-14.882080743074198
0,88.5,-14.316231528471734
0,89.0,-13.828146292926624
0,89.5,-13.430761106495318
0,90.0,-13.091160647977151
0,90.5,-12.80903346763063
0,91.0,-12.569862562263744
0,91.5,-12.356836624422828
0,92.0,-12.161564306927696
0,92.5,-11.960183665302042
0,93.0,-11.751840737341745
0,93.5,-11.54147640995818
0,94.0,-11.319697276126718
0,94.5,-11.10115308809914
0,95.0,-10.897220860666
0,95.5,-10.71990744039087
0,96.0,-10.585312655334512
0,96.5,-10.495831062878278
0,97.0,-10.464391874905656
0,97.5,-10.498745511677452
0,98.0,-10.60112723332424
0,98.5,-10.76638949744816
0,99.0,-11.00030858735144
0,99.5,-11.287241146282774
0,100.0,-11.518914955609036
1,0.0,-10.379988876371335
1,0.5,-10.36271857266562
1,1.0,-10.315620956296735
1,1.5,-10.244202189498797
1,2.0,-10.162168992867732
1,2.5,-10.083814902265225
1,3.0,-10.023128643579224
1,3.5,-9.99324644249247
1,4.0,-10.001975522447497
1,4.5,-10.056424322194529
1,5.0,-10.159880122934911
1,5.5,-10.30913757553885
1,6.0,-10.491230776236144
1,6.5,-10.704447149542764
1,7.0,-10.924573382390204
1,7.5,-11.122531120651512
1,8.0,-11.286180235457206
1,8.5,-11.389202439273692
1,9.0,-11.420039640527804
1,9.5,-11.384805430792191
1,10.0,-11.30559633721733
1,10.5,-11.209010516439806
1,11.0,-11.13475496552281
1,11.5,-11.12373981643861
1,12.0,-11.21435854444418
1,12.5,-11.439595644270709
1,13.0,-11.858866173095828
1,13.5,-12.521308786630192
1,14.0,-13.4771924647733
1,14.5,-14.91917396161673
1,15.0,-17.06387746988162
1,15.5,-20.508430163167983
1,16.0,-26.64119094862405
1,16.5,-28.747899404251413
1,17.0,-21.18740437482361
1,17.5,-16.230926856435573
1,18.0,-12.949957889140643
1,18.5,-10.512703539483669
1,19.0,-8.658966578891283
1,19.5,-7.113264455747419
1,20.0,-5.84501791800153
1,20.5,-4.831052836013126
1,21.0,-3.971467278905205
1,21.5,-3.273319009706884
1,22.0,-2.721892749674371
1,22.5,-2.301595459190932
1,23.0,-2.0124974296749483
1,23.5,-1.830080671453116
1,24.0,-1.7590801942521377
1,24.5,-1.7990761810508802
1,25.0,-1.9467236824673544
1,25.5,-2.194565817074919
1,26.0,-2.5597999099603834
1,26.5,-3.037845169360927
1,27.0,-3.6154723092359458
1,27.5,-4.335712438520188
1,28.0,-5.189842955325032
1,28.5,-6.193646909463914
1,29.0,-7.361378107028809
1,29.5,-8.674997415447123
1,30.0,-10.24841342752744
1,30.5,-12.082749921980229
1,31.0,-14.238030896428196
1,31.5,-16.752752565296973
1,32.0,-19.46536057872149
1,32.5,-21.91714311601946
1,33.0,-22.63605582593198
1,33.5,-21.46935516747815
1,34.0,-19.73055197956974
1,34.5,-18.19750424352576
1,35.0,-16.98668108627022
1,35.5,-16.037627487388345
1,36.0,-15.30257629494423
1,36.5,-14.673086252053531
1,37.0,-14.122227797740132
1,37.5,-13.626254412851212
1,38.0,-13.124608451727786
1,38.5,-12.613458948898105
1,39.0,-12.082099146226724
1,39.5,-11.528754165998167
1,40.0,-10.97484299775379
1,40.5,-10.394224681066431
1,41.0,-9.814937630680037
1,41.5,-9.24905727663096
1,42.0,-8.708036030675562
1,42.5,-8.21807929302268
1,43.0,-7.758724390687928
1,43.5,-7.354372789026861
1,44.0,-7.023650030323627
1,44.5,-6.753672636047054
1,45.0,-6.562054178578496
1,45.5,-6.457817586164732
1,46.0,-6.446690074264064
1,46.5,-6.533871119443207
1,47.0,-6.733882716890041
1,47.5,-7.054523487273405
1,48.0,-7.511625915747341
1,48.5,-8.11913377256704
1,49.0,-8.875083863812451
1,49.5,-9.85688960116542
1,50.0,-11.083441268333448
1,50.5,-12.571919376578537
1,51.0,-14.519052718587623
1,51.5,-17.054343318745005
1,52.0,-20.52180882307327
1,52.5,-25.2678140062718
1,53.0,-28.244499707208565
1,53.5,-24.87970224499888
1,54.0,-21.143230615697668
1,54.5,-18.70388482412792
1,55.0,-17.12443038123456
1,55.5,-16.1711401746556
1,56.0,-15.648512544840877
1,56.5,-15.522666888842656
1,57.0,-15.766048638140882
1,57.5,-16.411523646705948
1,58.0,-17.513893145176375
1,58.5,-19.22632209141052
1,59.0,-21.85316741397903
1,59.5,-26.124554539189933
1,60.0,-36.12954847999206
1,60.5,-33.82505840229249
1,61.0,-24.960218815782653
1,61.5,-20.752499656205107
1,62.0,-18.176327364113995
1,62.5,-16.33526585801594
1,63.0,-15.030194416881658
1,63.5,-14.152159596300905
1,64.0,-13.572236746768624
1,64.5,-13.278590859579712
1,65.0,-13.25840203973668
1,65.5,-13.504737932941564
1,66.0,-14.016550229484736
1,66.5,-14.862018256842376
1,67.0,-16.093008233015976
1,67.5,-17.850604227833085
1,68.0,-20.3954863892892
1,68.5,-24.292794179902383
1,69.0,-33.20332295796927
1,69.5,-39.40612606637027
1,70.0,-26.213170413405035
1,70.5,-21.293290163558105
1,71.0,-18.313376547964456
1,71.5,-16.25434638927848
1,72.0,-14.733358459544698
1,72.5,-13.61368267462479
1,73.0,-12.72545462133614
1,73.5,-12.03999051610256
1,74.0,-11.514362848600156
1,74.5,-11.110035083717095
1,75.0,-10.808585921935132
1,75.5,-10.568422119102294
1,76.0,-10.381704744079364
1,76.5,-10.240979461984416
1,77.0,-10.131412923815056
1,77.5,-10.05750538058915
1,78.0,-10.02598818128304
1,78.5,-10.046874233239688
1,79.0,-10.13211880321049
1,79.5,-10.305004059536769
1,80.0,-10.583145803779594
1,80.5,-10.99242813349986
1,81.0,-11.556615481008595
1,81.5,-12.282509403467005
1,82.0,-13.247770564294914
1,82.5,-14.45572546431893
1,83.0,-15.850894457699017
1,83.5,-17.361776273319357
1,84.0,-18.435736141075207
1,84.5,-18.29213021895361
1,85.0,-16.91413596038369
1,85.5,-15.0944085280508
1,86.0,-13.273245886971765
1,86.5,-11.68621621345572
1,87.0,-10.361293671938396
1,87.5,-9.273199226417832
1,88.0,-8.42305426142708
1,88.5,-7.7356181109417665
1,89.0,-7.220922803694672
1,89.5,-6.877970606554559
1,90.0,-6.677699212919526
1,90.5,-6.626923805078741
1,91.0,-6.72792882336258
1,91.5,-6.979759876082451
1,92.0,-7.374432255643228
1,92.5,-7.9423210864993985
1,93.0,-8.675495433642704
1,93.5,-9.543970359134144
1,94.0,-10.576965297647124
1,94.5,-11.670359984993352
1,95.0,-12.642653823036028
1,95.5,-13.20686782965412
1,96.0,-13.122052712198808
1,96.5,-12.418874311070056
1,97.0,-11.37616169944779
1,97.5,-10.265868599397317
1,98.0,-9.24509770430816
1,98.5,-8.404421045218294
1,99.0,-7.712174003124869
1,99.5,-7.1980109095455225
1,100.0,-6.931723661751748
2,0.0,-23.318331691514853
2,0.5,-23.25162002899441
2,1.0,-23.067358744985626
2,1.5,-22.77909191332342
2,2.0,-22.42731039257016
2,2.5,-22.04968692213164
2,3.0,-21.682734609461463
2,3.5,-21.366863514476563
2,4.0,-21.107242729806337
2,4.5,-20.931791732508216
2,5.0,-20.853239634767025
2,5.5,-20.870428299555776
2,6.0,-20.96621315126208
2,6.5,-21.10835208829052
2,7.0,-21.222664611027884
2,7.5,-21.20341252215718
2,8.0,-20.93069387827133
2,8.5,-20.33527574353074
2,9.0,-19.436525088711665
2,9.5,-18.345363734146783
2,10.0,-17.21842160183523
2,10.5,-16.082270568299414
2,11.0,-15.032675985616498
2,11.5,-14.106685003240118
2,12.0,-13.32037389086043
2,12.5,-12.703434254970484
2,13.0,-12.22506116717478
2,13.5,-11.912597142396743
2,14.0,-11.78098537477992
2,14.5,-11.838223909936165
2,15.0,-12.112646299089544
2,15.5,-12.647613316400468
2,16.0,-13.499167427412806
2,16.5,-14.731444196935389
2,17.0,-16.617135311028488
2,17.5,-19.539564770086432
2,18.0,-24.7600280565918
2,18.5,-31.51266978420535
2,19.0,-24.60306031856097
2,19.5,-18.452591005059205
2,20.0,-14.70126028475489
2,20.5,-12.12252457129822
2,21.0,-10.092938910067703
2,21.5,-8.488434896267592
2,22.0,-7.204783681258493
2,22.5,-6.170467167561081
2,23.0,-5.370319000875573
2,23.5,-4.727808789021817
2,24.0,-4.250841438663365
2,24.5,-3.931537358227024
2,25.0,-3.760460927192418
2,25.5,-3.7360010096356695
2,26.0,-3.857642753629548
2,26.5,-4.130377305209555
2,27.0,-4.54857674250459
2,27.5,-5.149261244272309
2,28.0,-5.932963539121945
2,28.5,-6.918430500598383
2,29.0,-8.11028622080464
2,29.5,-9.44881452469313
2,30.0,-10.917435951243894
2,30.5,-12.194883723265953
2,31.0,-12.785695135074873
2,31.5,-12.410067831127169
2,32.0,-11.374615595392031
2,32.5,-10.103668762128088
2,33.0,-8.922157653326149
2,33.5,-7.9690759330326575
2,34.0,-7.210144196558947
2,34.5,-6.672429722442785
2,35.0,-6.352105664728046
2,35.5,-6.2390877602072825
2,36.0,-6.330162839744579
2,36.5,-6.637658512141356
2,37.0,-7.174003634707321
2,37.5,-7.942087667768116
2,38.0,-9.0345803905046
2,38.5,-10.497845777542402
2,39.0,-12.4546938641018
2,39.5,-15.053300542285886
2,40.0,-18.200080214255564
2,40.5,-20.498443008802063
2,41.0,-18.977176073741607
2,41.5,-15.813391974322474
2,42.0,-13.193127837008564
2,42.5,-11.306155880284892
2,43.0,-9.876851528259072
2,43.5,-8.845225598863394
2,44.0,-8.157797221731455
2,44.5,-7.725907529589898
2,45.0,-7.546189625742119
2,45.5,-7.6136276367057505
2,46.0,-7.926851662866444
2,46.5,-8.486364813538472
2,47.0,-9.365027321292658
2,47.5,-10.613473767029468
2,48.0,-12.370193294992324
2,48.5,-14.88700567902968
2,49.0,-18.69094393686655
2,49.5,-26.76857413452104
2,50.0,-32.009655019132744
2,50.5,-21.019581294864366
2,51.0,-16.04528074034003
2,51.5,-13.042232661483364
2,52.0,-10.983067752657329
2,52.5,-9.483754259541586
2,53.0,-8.410191952890953
2,53.5,-7.602436999554722
2,54.0,-7.039565687479333
2,54.5,-6.691100428169663
2,55.0,-6.530451135962434
2,55.5,-6.543297251425657
2,56.0,-6.722005886646161
2,56.5,-7.061976444207579
2,57.0,-7.546816875525837
2,57.5,-8.207445377994466
2,58.0,-9.029437143349792
2,58.5,-10.01352561587862
2,59.0,-11.143959725270076
2,59.5,-12.348038713107844
2,60.0,-13.620202794687742
2,60.5,-14.776695660171312
2,61.0,-15.612239962446171
2,61.5,-15.98859934245937
2,62.0,-15.93851503627488
2,62.5,-15.642152077812618
2,63.0,-15.298795361004707
2,63.5,-15.05365897529386
2,64.0,-14.970009005486546
2,64.5,-15.09769031628349
2,65.0,-15.469565358078151
2,65.5,-16.106152311693783
2,66.0,-17.00780854653062
2,66.5,-18.262675098179745
2,67.0,-19.85727039426872
2,67.5,-21.70661095872248
2,68.0,-23.354985717075188
2,68.5,-23.838622687615747
2,69.0,-22.8011771537856
2,69.5,-21.074292466091933
2,70.0,-19.469412212011203
2,70.5,-18.13415233270192
2,71.0,-17.145559591016816
2,71.5,-16.489447359020502
2,72.0,-16.13895140684655
2,72.5,-16.0884999075085
2,73.0,-16.34538221390242
2,73.5,-16.944998625672838
2,74.0,-17.967971575343977
2,74.5,-19.549505574117735
2,75.0,-21.920791157741466
2,75.5,-26.073075069986604
2,76.0,-35.1165696052928
2,76.5,-33.509988093338414
2,77.0,-24.47677749743976
2,77.5,-19.88965579818728
2,78.0,-16.860696180017015
2,78.5,-14.607680620549267
2,79.0,-12.894420995158038
2,79.5,-11.466639490619844
2,80.0,-10.29474046141001
2,80.5,-9.329711016224472
2,81.0,-8.53176517689223
2,81.5,-7.896095449291039
2,82.0,-7.364707959741176
2,82.5,-6.943988625057388
2,83.0,-6.63327226041295
2,83.5,-6.404868851766783
2,84.0,-6.261914037285248
2,84.5,-6.200421610086225
2,85.0,-6.213732701133461
2,85.5,-6.294479206254484
2,86.0,-6.442364270495247
2,86.5,-6.648573294021842
2,87.0,-6.905953880090385
2,87.5,-7.2026937502782005
2,88.0,-7.51503749098491
2,88.5,-7.844338566928663
2,89.0,-8.159239935862937
2,89.5,-8.427541326225114
2,90.0,-8.642697026758643
2,90.5,-8.778598046942083
2,91.0,-8.825154765082157
2,91.5,-8.787757383794997
2,92.0,-8.683824049804254
2,92.5,-8.528042937811579
2,93.0,-8.346354810968592
2,93.5,-8.164881730769375
2,94.0,-7.988153270292416
2,94.5,-7.831493307645573
2,95.0,-7.6988535167710195
2,95.5,-7.587121595842404
2,96.0,-7.491217261502325
2,96.5,-7.39233045036109
2,97.0,-7.277868896144893
2,97.5,-7.130820576688407
2,98.0,-6.938108212522125
2,98.5,-6.699393410563065
2,99.0,-6.399809792209106
2,99.5,-6.05496177939979
2,100.0,-5.784123806942048
3,0.0,-11.426067735370342
3,0.5,-11.387863156237982
3,1.0,-11.28274010762964
3,1.5,-11.119668008465002
3,2.0,-10.92349167701706
3,2.5,-10.717646681114363
3,3.0,-10.524286568122143
3,3.5,-10.36646116001157
3,4.0,-10.248533452027155
3,4.5,-10.185518189681304
3,5.0,-10.185406910729917
3,5.5,-10.25065601568914
3,6.0,-10.378286431739811
3,6.5,-10.57471916958316
3,7.0,-10.831783009748818
3,7.5,-11.132975172194053
3,8.0,-11.48656044632748
3,8.5,-11.869170312837356
3,9.0,-12.263459740330845
3,9.5,-12.649274062501144
3,10.0,-12.996078903712649
3,10.5,-13.308884351903696
3,11.0,-13.56735447440025
3,11.5,-13.770378671594628
3,12.0,-13.928988833599243
3,12.5,-14.056601046563786
3,13.0,-14.182931741784168
3,13.5,-14.325774628215452
3,14.0,-14.499142727167214
3,14.5,-14.729508940151236
3,15.0,-15.021941301029171
3,15.5,-15.38286381409798
3,16.0,-15.80966232229538
3,16.5,-16.279242453074886
3,17.0,-16.803935301382953
3,17.5,-17.343392009647275
3,18.0,-17.863524258038545
3,18.5,-18.328461015488383
3,19.0,-18.697376814581528
3,19.5,-18.98027416314174
3,20.0,-19.17431059899299
3,20.5,-19.30170569905245
3,21.0,-19.40347351318273
3,21.5,-19.500569493675844
3,22.0,-19.59719024802246
3,22.5,-19.665141101994397
3,23.0,-19.63921292099772
3,23.5,-19.42106352378082
3,24.0,-18.923781392686816
3,24.5,-18.11326933705191
3,25.0,-17.05058265421722
3,25.5,-15.875018693959833
3,26.0,-14.615721108120072
3,26.5,-13.38249928037288
3,27.0,-12.254246819549902
3,27.5,-11.1827744513385
3,28.0,-10.212060361867085
3,28.5,-9.3455686425499
3,29.0,-8.578675848012615
3,29.5,-7.927328425847673
3,30.0,-7.345455652149662
3,30.5,-6.84776738401999
3,31.0,-6.429991271096664
3,31.5,-6.084596683493394
3,32.0,-5.814141568981857
3,32.5,-5.595666159526522
3,33.0,-5.431577488208831
3,33.5,-5.319280931573163
3,34.0,-5.245569181544601
3,34.5,-5.207998133853541
3,35.0,-5.201488815234779
3,35.5,-5.220325378403803
3,36.0,-5.259163483352678
3,36.5,-5.317431744808708
3,37.0,-5.392379358129477
3,37.5,-5.481237793020657
3,38.0,-5.591185309663232
3,38.5,-5.722542866069233
3,39.0,-5.880302940916146
3,39.5,-6.069460764729751
3,40.0,-6.2893555155182925
3,40.5,-6.560572153568343
3,41.0,-6.883315012996205
3,41.5,-7.266190341882291
3,42.0,-7.715553768905354
3,42.5,-8.22311207178805
3,43.0,-8.828361292509774
3,43.5,-9.52305002583451
3,44.0,-10.290393492129438
3,44.5,-11.184284765592215
3,45.0,-12.183169378742392
3,45.5,-13.28359935171513
3,46.0,-14.461461155852671
3,46.5,-15.627563573080693
3,47.0,-16.750886465111613
3,47.5,-17.639840312584354
3,48.0,-18.127341546394792
3,48.5,-18.165107891830733
3,49.0,-17.856883649542446
3,49.5,-17.356501456249894
3,50.0,-16.824312544446027
3,50.5,-16.37160127993626
3,51.0,-16.024276928426627
3,51.5,-15.825211418186342
3,52.0,-15.796464758382442
3,52.5,-15.951681917877544
3,53.0,-16.300992786522468
3,53.5,-16.89707230978707
3,54.0,-17.774511759060115
3,54.5,-19.009403800150253
3,55.0,-20.6893304568881
3,55.5,-22.817141752243955
3,56.0,-25.16112540801713
3,56.5,-25.79512604813748
3,57.0,-23.57977904445965
3,57.5,-20.46841916883257
3,58.0,-17.751328237733535
3,58.5,-15.539098212631256
3,59.0,-13.724353055192214
3,59.5,-12.265017695366286
3,60.0,-11.006750913684032
3,60.5,-9.95227095498869
3,61.0,-9.0747077780858
3,61.5,-8.348929509061557
3,62.0,-7.77749203099281
3,62.5,-7.313424061873023
3,63.0,-6.966600474733057
3,63.5,-6.7385162938335705
3,64.0,-6.61113752895969
3,64.5,-6.589492496500479
3,65.0,-6.675087440067766
3,65.5,-6.866595975738497
3,66.0,-7.157258787035075
3,66.5,-7.569371597721568
3,67.0,-8.100069635573902
3,67.5,-8.76116574974834
3,68.0,-9.563305773842329
3,68.5,-10.496273762180406
3,69.0,-11.646972026001336
3,69.5,-13.029644738255326
3,70.0,-14.663320458572914
3,70.5,-16.774696711229875
3,71.0,-19.55166310683214
3,71.5,-23.57649612104377
3,72.0,-30.10675762101207
3,72.5,-32.38025432040273
3,73.0,-25.53473578573439
3,73.5,-21.033822089253363
3,74.0,-18.10057840557545
3,74.5,-15.944898464166515
3,75.0,-14.310896649407375
3,75.5,-12.94407629785301
3,76.0,-11.813651396550728
3,76.5,-10.900184500726551
3,77.0,-10.117337740769152
3,77.5,-9.476443774082272
3,78.0,-8.970295283954206
3,78.5,-8.591561856898355
3,79.0,-8.347259782662075
3,79.5,-8.224918699616275
3,80.0,-8.238259661365376
3,80.5,-8.4002684608641
3,81.0,-8.722867093039339
3,81.5,-9.212145174509306
3,82.0,-9.930693863953628
3,82.5,-10.911174498371675
3,83.0,-12.1899633923005
3,83.5,-13.98091094626503
3,84.0,-16.49762310942832
3,84.5,-20.34026452880402
3,85.0,-26.381333585094527
3,85.5,-26.899899523927385
3,86.0,-20.532293756214845
3,86.5,-16.26486169142247
3,87.0,-13.416089603940804
3,87.5,-11.328863936514228
3,88.0,-9.776769732343393
3,88.5,-8.51880873754725
3,89.0,-7.521386846500015
3,89.5,-6.756285299991962
3,90.0,-6.139964829176981
3,90.5,-5.671249106072928
3,91.0,-5.333628747989916
3,91.5,-5.109373745627475
3,92.0,-4.989835353401662
3,92.5,-4.956477678864959
3,93.0,-5.002920727861232
3,93.5,-5.115795874966441
3,94.0,-5.292110224304359
3,94.5,-5.518235283689913
3,95.0,-5.784565255414006
3,95.5,-6.080023487930248
3,96.0,-6.385603327951827
3,96.5,-6.712192327851496
3,97.0,-7.044282673612114
3,97.5,-7.378674663016078
3,98.0,-7.715186743497655
3,98.5,-8.046261872722079
3,99.0,-8.397781722415099
3,99.5,-8.765894168411174
3,100.0,-9.047340563628628
4,0.0,-16.115214997665987
4,0.5,-15.931698706264733
4,1.0,-15.461174450120469
4,1.5,-14.81585381551204
4,2.0,-14.146079304562116
4,2.5,-13.54538575429485
4,3.0,-13.06060067673132
4,3.5,-12.72000587906589
4,4.0,-12.500592215036702
4,4.5,-12.396769402958768
4,5.0,-12.379693193222309
4,5.5,-12.401973387566173
4,6.0,-12.40484889617827
4,6.5,-12.323347493957616
4,7.0,-12.105185732539049
4,7.5,-11.741345297716046
4,8.0,-11.229810901889918
4,8.5,-10.632852111054838
4,9.0,-10.011751074874583
4,9.5,-9.422354486566611
4,10.0,-8.92193308100338
4,10.5,-8.50892525728471
4,11.0,-8.219236581296272
4,11.5,-8.070856565462922
4,12.0,-8.073738062583876
4,12.5,-8.235340505374122
4,13.0,-8.580124938885053
4,13.5,-9.119924441141618
4,14.0,-9.851416857937185
4,14.5,-10.839263900032876
4,15.0,-12.063772594606307
4,15.5,-13.466947437397968
4,16.0,-14.796358758383526
4,16.5,-15.4765349650384
4,17.0,-15.028527767582416
4,17.5,-13.64990526329105
4,18.0,-11.966526403526355
4,18.5,-10.373341700597676
4,19.0,-9.035060547317658
4,19.5,-7.883008690550321
4,20.0,-6.942375223005157
4,20.5,-6.214096210056502
4,21.0,-5.632655004435812
4,21.5,-5.204801599029121
4,22.0,-4.920773890366932
4,22.5,-4.76815387483372
4,23.0,-4.740935994078895
4,23.5,-4.832608353605926
4,24.0,-5.041074950861069
4,24.5,-5.367242092213849
4,25.0,-5.808583439197132
4,25.5,-6.348952642521207
4,26.0,-7.023198217888875
4,26.5,-7.814700696194921
4,27.0,-8.693358956367373
4,27.5,-9.704204717080437
4,28.0,-10.79545328818552
4,28.5,-11.915931249804272
4,29.0,-12.972633121966034
4,29.5,-13.80843029918052
4,30.0,-14.34344524677987
4,30.5,-14.500439959543105
4,31.0,-14.344053610388157
4,31.5,-14.025959269958776
4,32.0,-13.696893219119085
4,32.5,-13.43968922768061
4,33.0,-13.33131531637273
4,33.5,-13.416862717713048
4,34.0,-13.746584500022871
4,34.5,-14.37305264370989
4,35.0,-15.39069353256671
4,35.5,-16.945491012190033
4,36.0,-19.27555470755623
4,36.5,-23.341880012715144
4,37.0,-31.00459284838125
4,37.5,-28.86637890905311
4,38.0,-21.014129823631407
4,38.5,-16.52375363401797
4,39.0,-13.47004614545511
4,39.5,-11.162073714720588
4,40.0,-9.386554684614929
4,40.5,-7.893689321627965
4,41.0,-6.660143768738454
4,41.5,-5.639816937608011
4,42.0,-4.794791414114332
4,42.5,-4.122904348113447
4,43.0,-3.5651337986920844
4,43.5,-3.130003643597839
4,44.0,-2.8177585771818725
4,44.5,-2.6014060797363534
4,45.0,-2.4849116793768964
4,45.5,-2.465517243102896
4,46.0,-2.5374603535934432
4,46.5,-2.692769525419425
4,47.0,-2.938465943146916
4,47.5,-3.2673957293057483
4,48.0,-3.679137886657126
4,48.5,-4.17016598594949
4,49.0,-4.721607561028085
4,49.5,-5.366523925502354
4,50.0,-6.086674503058957
4,50.5,-6.857496282846288
4,51.0,-7.72739982071962
4,51.5,-8.673253183200167
4,52.0,-9.697886361320665
4,52.5,-10.79967849868483
4,53.0,-11.937784796832814
4,53.5,-13.163774229214122
4,54.0,-14.392476074375852
4,54.5,-15.51692257910272
4,55.0,-16.369881496108412
4,55.5,-16.761763640223712
4,56.0,-16.653749610350605
4,56.5,-16.14912943055526
4,57.0,-15.47152831224626
4,57.5,-14.755015704196596
4,58.0,-14.129259788160672
4,58.5,-13.657783535325516
4,59.0,-13.371981453992284
4,59.5,-13.298981022693267
4,60.0,-13.46101130018688
4,60.5,-13.896776323605916
4,61.0,-14.671102245489664
4,61.5,-15.875680985972416
4,62.0,-17.6348769748042
4,62.5,-20.44284104103945
4,63.0,-25.15202968745167
4,63.5,-30.41251222804605
4,64.0,-25.29532420102714
4,64.5,-19.56678006206085
4,65.0,-15.930940118110993
4,65.5,-13.341002428563948
4,66.0,-11.43809409338215
4,66.5,-9.902941971745902
4,67.0,-8.688394789923345
4,67.5,-7.735324513696221
4,68.0,-6.997986098189839
4,68.5,-6.467096903629479
4,69.0,-6.092438311155726
4,69.5,-5.880260986902052
4,70.0,-5.8268253318236205
4,70.5,-5.927643531065007
4,71.0,-6.187336058874481
4,71.5,-6.616685784284274
4,72.0,-7.224784763962951
4,72.5,-8.005727875340884
4,73.0,-9.035136493119944
4,73.5,-10.324629835489452
4,74.0,-11.9256701492037
4,74.5,-13.868538048846943
4,75.0,-16.025060647375646
4,75.5,-18.050551643819432
4,76.0,-18.722668680620444
4,76.5,-17.611685753999108
4,77.0,-15.74898201928614
4,77.5,-14.014802888716924
4,78.0,-12.630328074828569
4,78.5,-11.584182559170117
4,79.0,-10.85824368600532
4,79.5,-10.370738534168003
4,80.0,-10.119863592659517
4,80.5,-10.096546901552635
4,81.0,-10.293141291097072
4,81.5,-10.704497049203418
4,82.0,-11.377391003377516
4,82.5,-12.338229765058616
4,83.0,-13.6163444676525
4,83.5,-15.420601732109729
4,84.0,-17.968108936146375
4,84.5,-21.93647256365699
4,85.0,-29.60062346560312
4,85.5,-32.92193343417579
4,86.0,-23.627373389157505
4,86.5,-18.82247653892754
4,87.0,-15.849577852175488
4,87.5,-13.740865180683716
4,88.0,-12.20633490397435
4,88.5,-10.98469174812034
4,89.0,-10.03293031206353
4,89.5,-9.31701521885083
4,90.0,-8.754331773363198
4,90.5,-8.34123949419913
4,91.0,-8.061102157350764
4,91.5,-7.89657522858803
4,92.0,-7.838017472347466
4,92.5,-7.872107031779997
4,93.0,-7.992406293835857
4,93.5,-8.185354193917997
4,94.0,-8.455774341591905
4,94.5,-8.790727869758193
4,95.0,-9.184576059468156
4,95.5,-9.629710843078776
4,96.0,-10.105723003931136
4,96.5,-10.638240191384012
4,97.0,-11.210696030659786
4,97.5,-11.825700714422323
4,98.0,-12.488747965370196
4,98.5,-13.189765914828698
4,99.0,-13.991370568807689
4,99.5,-14.898190359110837
4,100.0,-15.640560706681145
5,0.0,-23.20901559306037
5,0.5,-23.19174532584385
5,1.0,-23.147761909586507
5,1.5,-23.091595970786244
5,2.0,-23.04854893335753
5,2.5,-23.045410326291226
5,3.0,-23.103906367252264
5,3.5,-23.23328369078957
5,4.0,-23.43817900852184
5,4.5,-23.68193115506049
5,5.0,-23.8829549201104
5,5.5,-23.90341604909417
5,6.0,-23.59065386083075
5,6.5,-22.829538339536484
5,7.0,-21.681329282778005
5,7.5,-20.34383840806501
5,8.0,-18.89554823437576
5,8.5,-17.48659499764018
5,9.0,-16.177812070676307
5,9.5,-14.99337904582688
5,10.0,-13.973945014294118
5,10.5,-13.056675101317172
5,11.0,-12.271021689040422
5,11.5,-11.616151569351596
5,12.0,-11.08603393762688
5,12.5,-10.690106581518991
5,13.0,-10.401124251930872
5,13.5,-10.229260836281338
5,14.0,-10.173841587883844
5,14.5,-10.22788130539792
5,15.0,-10.387133862172906
5,15.5,-10.642449159513816
5,16.0,-10.972049892272256
5,16.5,-11.33135773416031
5,17.0,-11.689508533030851
5,17.5,-11.962502900826983
5,18.0,-12.063806009782304
5,18.5,-11.93240902052504
5,19.0,-11.56534324024054
5,19.5,-10.982394210637388
5,20.0,-10.270217532397378
5,20.5,-9.528361412722498
5,21.0,-8.770247048945345
5,21.5,-8.057026749726857
5,22.0,-7.411610532056915
5,22.5,-6.842742147810584
5,23.0,-6.368269148836406
5,23.5,-5.957561063822142
5,24.0,-5.622315524928106
5,24.5,-5.359751013656504
5,25.0,-5.1638431048132905
5,25.5,-5.034309457218478
5,26.0,-4.959244894702243
5,26.5,-4.939885584533473
5,27.0,-4.973638864430766
5,27.5,-5.062706614891622
5,28.0,-5.20807883268819
5,28.5,-5.415378844134446
5,29.0,-5.6903888638281925
5,29.5,-6.032311668940063
5,30.0,-6.476116474133982
5,30.5,-7.028843312522684
5,31.0,-7.717017066794102
5,31.5,-8.569972568188646
5,32.0,-9.599332656846956
5,32.5,-10.933858920282356
5,33.0,-12.637578129166895
5,33.5,-14.791817613361578
5,34.0,-17.73065896403952
5,34.5,-21.177896071671885
5,35.0,-22.227332041264305
5,35.5,-19.267195442852564
5,36.0,-16.011230950182977
5,36.5,-13.42278052358407
5,37.0,-11.467931603850635
5,37.5,-10.019265805949782
5,38.0,-8.873180384421069
5,38.5,-8.006170780293054
5,39.0,-7.379378650705236
5,39.5,-6.960826330442147
5,40.0,-6.741603613560868
5,40.5,-6.700330590086251
5,41.0,-6.843238319221717
5,41.5,-7.180482881817146
5,42.0,-7.722297520775638
5,42.5,-8.469326709139043
5,43.0,-9.507706068927137
5,43.5,-10.877170824713245
5,44.0,-12.629313599739971
5,44.5,-15.072235935020451
5,45.0,-18.55149975490737
5,45.5,-23.86622890916228
5,46.0,-27.519894520074505
5,46.5,-22.75262856812809
5,47.0,-18.361707239921536
5,47.5,-15.587681290842813
5,48.0,-13.756037465718608
5,48.5,-12.519969735128983
5,49.0,-11.746672651282257
5,49.5,-11.304500476457967
5,50.0,-11.175014786096437
5,50.5,-11.334129231344132
5,51.0,-11.788194781838538
5,51.5,-12.53681335346938
5,52.0,-13.58236754588319
5,52.5,-14.85847983740095
5,53.0,-16.085306249466754
5,53.5,-16.751660570047704
5,54.0,-16.23734312704096
5,54.5,-14.73179194396768
5,55.0,-12.93403262418327
5,55.5,-11.30153877972112
5,56.0,-9.858568842846967
5,56.5,-8.667294640272756
5,57.0,-7.737709786049494
5,57.5,-6.988335557669352
5,58.0,-6.4284463176884
5,58.5,-6.046186260834749
5,59.0,-5.827028396123157
5,59.5,-5.765927562169162
5,60.0,-5.855485045603657
5,60.5,-6.097275797716087
5,61.0,-6.497333846150797
5,61.5,-7.0587504119685045
5,62.0,-7.769210700642618
5,62.5,-8.687531913515478
5,63.0,-9.810625760585497
5,63.5,-11.121533700531078
5,64.0,-12.728798115263803
5,64.5,-14.606829071704166
5,65.0,-16.71604410135502
5,65.5,-18.80982172578588
5,66.0,-20.231384478887648
5,66.5,-20.442309424241454
5,67.0,-19.652628718733972
5,67.5,-18.594082332507565
5,68.0,-17.69037129064997
5,68.5,-17.06973015636854
5,69.0,-16.68174928526712
5,69.5,-16.49042616544231
5,70.0,-16.416418797422992
5,70.5,-16.347456528470033
5,71.0,-16.16803531941259
5,71.5,-15.77950402895251
5,72.0,-15.160706269166528
5,72.5,-14.387993901221966
5,73.0,-13.507389191152312
5,73.5,-12.632619730600432
5,74.0,-11.831079908884917
5,74.5,-11.141907952223074
5,75.0,-10.604387568503345
5,75.5,-10.19763778856115
5,76.0,-9.946392286139266
5,76.5,-9.860268350863231
5,77.0,-9.942407254221198
5,77.5,-10.207499111910863
5,78.0,-10.677992208471132
5,78.5,-11.377900312132432
5,79.0,-12.32121563292658
5,79.5,-13.63936953119246
5,80.0,-15.42878420577496
5,80.5,-17.959842589479607
5,81.0,-21.85220995652259
5,81.5,-29.497608469095372
5,82.0,-38.26395441004894
5,82.5,-24.714011013176982
5,83.0,-19.673521107017027
5,83.5,-16.576832481824443
5,84.0,-14.434538713425114
5,84.5,-12.865894098775753
5,85.0,-11.677537455287377
5,85.5,-10.798491060009818
5,86.0,-10.112221021478396
5,86.5,-9.60566554741886
5,87.0,-9.252475732216148
5,87.5,-9.02735093030388
5,88.0,-8.916396482315058
5,88.5,-8.898140108443085
5,89.0,-8.963946233071736
5,89.5,-9.099264373240628
5,90.0,-9.303783143936167
5,90.5,-9.566392241631878
5,91.0,-9.883113338169858
5,91.5,-10.24981247766758
5,92.0,-10.652714511687794
5,92.5,-11.117039044251904
5,93.0,-11.630155281345424
5,93.5,-12.172681997420687
5,94.0,-12.769696554499598
5,94.5,-13.383517862245515
5,95.0,-13.972936987220736
5,95.5,-14.47243737487384
5,96.0,-14.786935460289174
5,96.5,-14.854671427820888
5,97.0,-14.630744988474436
5,97.5,-14.143706639776006
5,98.0,-13.483619061709987
5,98.5,-12.766640171501615
5,99.0,-12.024592904588811
5,99.5,-11.32986371066954
5,100.0,-10.869788808803383
6,0.0,-14.755089532904805
6,0.5,-14.760508208266724
6,1.0,-14.781196111901105
6,1.5,-14.833254105743327
6,2.0,-14.937404424680023
6,2.5,-15.120492822435624
6,3.0,-15.40645301663058
6,3.5,-15.80461850065974
6,4.0,-16.352645958439346
6,4.5,-17.02915504808047
6,5.0,-17.77769475030675
6,5.5,-18.445910745382104
6,6.0,-18.76080163970844
6,6.5,-18.475012409006283
6,7.0,-17.555836223266763
6,7.5,-16.28705139249869
6,8.0,-14.875598629262718
6,8.5,-13.535526643817365
6,9.0,-12.348275003194312
6,9.5,-11.336962241195735
6,10.0,-10.531157415761506
6,10.5,-9.877994668076202
6,11.0,-9.399603587406796
6,11.5,-9.098716967093347
6,12.0,-8.97482021492496
6,12.5,-9.034208165455285
6,13.0,-9.29602115386269
6,13.5,-9.783775618055586
6,14.0,-10.515686137522616
6,14.5,-11.606999607000844
6,15.0,-13.155983892026406
6,15.5,-15.421793498515084
6,16.0,-18.989724064368
6,16.5,-26.01817630462552
6,17.0,-36.43738148063477
6,17.5,-21.83700473368877
6,18.0,-16.24387996733905
6,18.5,-12.849846287189806
6,19.0,-10.503190856130145
6,19.5,-8.65061396389234
6,20.0,-7.182656551111691
6,20.5,-6.035259536621732
6,21.0,-5.075586892741219
6,21.5,-4.300630973274839
6,22.0,-3.6868530714588665
6,22.5,-3.2123201269400474
6,23.0,-2.8745076855582483
6,23.5,-2.6428785120051512
6,24.0,-2.521579573500958
6,24.5,-2.508609973278996
6,25.0,-2.599649547606456
6,25.5,-2.788517018220126
6,26.0,-3.088609825323067
6,26.5,-3.497595340544013
6,27.0,-4.005463263918881
6,27.5,-4.6527997867557165
6,28.0,-5.43611122344654
6,28.5,-6.376078014359912
6,29.0,-7.493897981210514
6,29.5,-8.782318747619428
6,30.0,-10.366891528807674
6,30.5,-12.260617980811698
6,31.0,-14.50213544408038
6,31.5,-16.9306239855344
6,32.0,-18.677759569169226
6,32.5,-18.52340160182313
6,33.0,-16.754230466437374
6,33.5,-14.765965151704188
6,34.0,-12.99336825475751
6,34.5,-11.559093760060222
6,35.0,-10.422877344655694
6,35.5,-9.526380372732469
6,36.0,-8.850037320721936
6,36.5,-8.321267687317993
6,37.0,-7.939695370674895
6,37.5,-7.69738068355512
6,38.0,-7.567879059342481
6,38.5,-7.550767818439511
6,39.0,-7.642271956298779
6,39.5,-7.835537588028454
6,40.0,-8.117421996801834
6,40.5,-8.50013801446216
6,41.0,-8.966769485710811
6,41.5,-9.504981196340372
6,42.0,-10.090309852239889
6,42.5,-10.668568039305134
6,43.0,-11.22255266856647
6,43.5,-11.668215494813596
6,44.0,-11.932162290118557
6,44.5,-11.990387073086495
6,45.0,-11.83983126937412
6,45.5,-11.526308415790536
6,46.0,-11.123820427195
6,46.5,-10.712875279591584
6,47.0,-10.321974515416644
6,47.5,-10.001574778853676
6,48.0,-9.779532442947746
6,48.5,-9.672047264595632
6,49.0,-9.692591977160516
6,49.5,-9.85596216542783
6,50.0,-10.176360345765184
6,50.5,-10.65721908118567
6,51.0,-11.353283583945036
6,51.5,-12.281950210502355
6,52.0,-13.490981961968584
6,52.5,-15.018790236324332
6,53.0,-16.808436403646777
6,53.5,-18.723376588012115
6,54.0,-19.801469267808294
6,54.5,-18.98607640919728
6,55.0,-16.923856526362346
6,55.5,-14.79082567504411
6,56.0,-12.869601373603544
6,56.5,-11.26885676079557
6,57.0,-9.988649275188637
6,57.5,-8.902134821453119
6,58.0,-8.011413864632724
6,58.5,-7.290210374399446
6,59.0,-6.712332565756313
6,59.5,-6.273897410144687
6,60.0,-5.933084309243424
6,60.5,-5.69168604074002
6,61.0,-5.540908662759347
6,61.5,-5.469184875952731
6,62.0,-5.467327323778816
6,62.5,-5.525834528663285
6,63.0,-5.635298034907336
6,63.5,-5.78138870588943
6,64.0,-5.963119072911536
6,64.5,-6.166055915347519
6,65.0,-6.381021719420692
6,65.5,-6.599578099248721
6,66.0,-6.808921426826932
6,66.5,-7.018060521118936
6,67.0,-7.218783139597004
6,67.5,-7.411263149479614
6,68.0,-7.597283865434536
6,68.5,-7.773175250964373
6,69.0,-7.950866369630122
6,69.5,-8.123852093507622
6,70.0,-8.283506900156144
6,70.5,-8.433171221087832
6,71.0,-8.558845520656993
6,71.5,-8.649427344418436
6,72.0,-8.69596489537252
6,72.5,-8.692139349345833
6,73.0,-8.636369781178734
6,73.5,-8.533560402829679
6,74.0,-8.393586359674847
6,74.5,-8.231908591159572
6,75.0,-8.069925603220828
6,75.5,-7.913860378428016
6,76.0,-7.783138543390763
6,76.5,-7.692384554609538
6,77.0,-7.644867550987317
6,77.5,-7.649135468856153
6,78.0,-7.708906974690112
6,78.5,-7.822361003594658
6,79.0,-7.980315298779739
6,79.5,-8.184297106547763
6,80.0,-8.416734151330688
6,80.5,-8.660336850385224
6,81.0,-8.893219625026834
6,81.5,-9.085720715782006
6,82.0,-9.226938603971533
6,82.5,-9.293788987365168
6,83.0,-9.2791845287623
6,83.5,-9.186296526417754
6,84.0,-9.029918861621551
6,84.5,-8.830362705878564
6,85.0,-8.61175814197082
6,85.5,-8.402094812524814
6,86.0,-8.206539491734079
6,86.5,-8.04565578562221
6,87.0,-7.930909811614023
6,87.5,-7.869012775817972
6,88.0,-7.865598821483225
6,88.5,-7.924906209429904
6,89.0,-8.051048674443715
6,89.5,-8.24237320139457
6,90.0,-8.516241678748376
6,90.5,-8.873687854436847
6,91.0,-9.326265049081162
6,91.5,-9.885263858609273
6,92.0,-10.547843842192204
6,92.5,-11.380644251391129
6,93.0,-12.398176908388946
6,93.5,-13.613652904787484
6,94.0,-15.182078096592932
6,94.5,-17.18885634406444
6,95.0,-19.845817985993172
6,95.5,-23.335782434674325
6,96.0,-26.44329088375972
6,96.5,-25.26826262650733
6,97.0,-21.61130767085572
6,97.5,-18.59610486925966
6,98.0,-16.367221712369094
6,98.5,-14.755596071289702
6,99.0,-13.50978366626044
6,99.5,-12.592491046945844
6,100.0,-12.096521516649432
7,0.0,-14.247167422582455
7,0.5,-14.36456157946014
7,1.0,-14.710606135823888
7,1.5,-15.328723069410657
7,2.0,-16.248940680022688
7,2.5,-17.5537883407773
7,3.0,-19.374680713552426
7,3.5,-21.915671361830174
7,4.0,-26.087801368910117
7,4.5,-34.82614226711695
7,5.0,-36.12115937969779
7,5.5,-26.527309443946837
7,6.0,-22.08184581825689
7,6.5,-19.186475595630025
7,7.0,-17.129765010155644
7,7.5,-15.63649011251666
7,8.0,-14.454728568925388
7,8.5,-13.543608872712843
7,9.0,-12.852832318388463
7,9.5,-12.342384600680534
7,10.0,-11.999489631433343
7,10.5,-11.786755827732334
7,11.0,-11.704930337965664
7,11.5,-11.751214738801067
7,12.0,-11.92199683966065
7,12.5,-12.211435795811008
7,13.0,-12.645551945195788
7,13.5,-13.228455529441293
7,14.0,-13.956889861992252
7,14.5,-14.903970535699266
7,15.0,-16.08198230505542
7,15.5,-17.533881238080067
7,16.0,-19.260183143946644
7,16.5,-21.049906693771067
7,17.0,-22.37052895614799
7,17.5,-22.17489807577855
7,18.0,-20.509668882253635
7,18.5,-18.42361703175499
7,19.0,-16.551320980031477
7,19.5,-14.908421374331851
7,20.0,-13.542481035403704
7,20.5,-12.451218550366113
7,21.0,-11.53171483779146
7,21.5,-10.790786386552728
7,22.0,-10.210298197667797
7,22.5,-9.770527611150658
7,23.0,-9.468023976339094
7,23.5,-9.273012678057306
7,24.0,-9.185488188765316
7,24.5,-9.198251074310608
7,25.0,-9.299678800941964
7,25.5,-9.473674725444727
7,26.0,-9.718318448132363
7,26.5,-10.013023816555464
7,27.0,-10.329977765456317
7,27.5,-10.668404047366591
7,28.0,-10.99718698551509
7,28.5,-11.295816935494738
7,29.0,-11.549820059395463
7,29.5,-11.745697197680704
7,30.0,-11.89683053479223
7,30.5,-12.00541724766864
7,31.0,-12.083334625030783
7,31.5,-12.143832452553823
7,32.0,-12.194591643104433
7,32.5,-12.242803968791495
7,33.0,-12.284828804371497
7,33.5,-12.312493244286774
7,34.0,-12.316793503956957
7,34.5,-12.286219935687829
7,35.0,-12.212830129111904
7,35.5,-12.09729260368145
7,36.0,-11.95218235867769
7,36.5,-11.784182672103649
7,37.0,-11.61841790363474
7,37.5,-11.481888848238148
7,38.0,-11.388942907498398
7,38.5,-11.364829086550934
7,39.0,-11.430721246265898
7,39.5,-11.60264988957418
7,40.0,-11.888541898476586
7,40.5,-12.323744454277165
7,41.0,-12.918008518583951
7,41.5,-13.696487298837935
7,42.0,-14.67968691722992
7,42.5,-15.854838838147275
7,43.0,-17.307496277459816
7,43.5,-18.95910275660921
7,44.0,-20.552203386391614
7,44.5,-21.645716176901228
7,45.0,-21.59009703277346
7,45.5,-20.485838601446925
7,46.0,-19.01560047662973
7,46.5,-17.65915471215368
7,47.0,-16.47813349041918
7,47.5,-15.5321312199157
7,48.0,-14.80537893299964
7,48.5,-14.265770735790984
7,49.0,-13.89812510620773
7,49.5,-13.654454918403992
7,50.0,-13.523254558942144
7,50.5,-13.48375192364645
7,51.0,-13.511833955813714
7,51.5,-13.588341483798558
7,52.0,-13.694950200847703
7,52.5,-13.815170570959488
7,53.0,-13.933872009774984
7,53.5,-14.051858858262634
7,54.0,-14.163476920646469
7,54.5,-14.269798701159822
7,55.0,-14.373004884313255
7,55.5,-14.47059987536242
7,56.0,-14.565843420620284
7,56.5,-14.648839868442431
7,57.0,-14.707790014760937
7,57.5,-14.735790178253351
7,58.0,-14.724089342700836
7,58.5,-14.672633896742866
7,59.0,-14.593268752641045
7,59.5,-14.509549395493655
7,60.0,-14.445212515332672
7,60.5,-14.435579385748865
7,61.0,-14.516856977850887
7,61.5,-14.720772599277764
7,62.0,-15.067041387347013
7,62.5,-15.602099389758678
7,63.0,-16.322369692856533
7,63.5,-17.161033371680762
7,64.0,-18.00690210170623
7,64.5,-18.467244263474907
7,65.0,-18.082423464458905
7,65.5,-16.82582195813699
7,66.0,-15.160962555428242
7,66.5,-13.390610896142384
7,67.0,-11.760696599134947
7,67.5,-10.336760658889956
7,68.0,-9.121369220299094
7,68.5,-8.135168310815015
7,69.0,-7.303269909969454
7,69.5,-6.645109665523617
7,70.0,-6.167212009450973
7,70.5,-5.834546494635539
7,71.0,-5.660387987187425
7,71.5,-5.650010982109835
7,72.0,-5.806313283228068
7,72.5,-6.130307697644824
7,73.0,-6.660449123798136
7,73.5,-7.414411411775064
7,74.0,-8.441774953606606
7,74.5,-9.808594768751735
7,75.0,-11.581736294321114
7,75.5,-14.114590417724834
7,76.0,-17.91898045568666
7,76.5,-24.71942672735545
7,77.0,-30.93493638333699
7,77.5,-21.512474471473336
7,78.0,-16.46323407607206
7,78.5,-13.47919932142987
7,79.0,-11.52681978915108
7,79.5,-10.09757955632405
7,80.0,-9.076807101269878
7,80.5,-8.374171004679592
7,81.0,-7.925508906009119
7,81.5,-7.701123265445526
7,82.0,-7.660828962092863
7,82.5,-7.791142095018222
7,83.0,-8.063722643032614
7,83.5,-8.471266314667801
7,84.0,-8.971310641938366
7,84.5,-9.513489281413648
7,85.0,-10.02497402535334
7,85.5,-10.408178773689896
7,86.0,-10.6087426375694
7,86.5,-10.579796765436312
7,87.0,-10.34308320457193
7,87.5,-9.973688188063532
7,88.0,-9.564515464049784
7,88.5,-9.155985636839873
7,89.0,-8.802903599043324
7,89.5,-8.535316842083391
7,90.0,-8.342700588225204
7,90.5,-8.228048190553395
7,91.0,-8.178286608905916
7,91.5,-8.17074247120616
7,92.0,-8.17935998064113
7,92.5,-8.177182980450604
7,93.0,-8.140523672131252
7,93.5,-8.057628527260336
7,94.0,-7.922120367321471
7,94.5,-7.749065668715536
7,95.0,-7.5614341763322255
7,95.5,-7.388239204016458
7,96.0,-7.262474655834425
7,96.5,-7.203716158472008
7,97.0,-7.240005515929649
7,97.5,-7.395780547402805
7,98.0,-7.689539005068599
7,98.5,-8.12854547596017
7,99.0,-8.763520797314811
7,99.5,-9.60652338043806
7,100.0,-10.3608325758012
8,0.0,-32.223727479392785
8,0.5,-32.156768730988524
8,1.0,-31.85945864725653
8,1.5,-31.077618923733365
8,2.0,-29.699728299525603
8,2.5,-27.859427372701013
8,3.0,-25.841138336716643
8,3.5,-23.91542695663086
8,4.0,-22.066909675687267
8,4.5,-20.390042219645288
8,5.0,-18.89128584159611
8,5.5,-17.55820798837526
8,6.0,-16.414865000988257
8,6.5,-15.378422986608618
8,7.0,-14.475034970698406
8,7.5,-13.720595141696048
8,8.0,-13.062066708563377
8,8.5,-12.519010759863296
8,9.0,-12.091359850235468
8,9.5,-11.776080580778467
8,10.0,-11.580226903028151
8,10.5,-11.49428837150096
8,11.0,-11.529055824779393
8,11.5,-11.69427219346865
8,12.0,-11.997438838353204
8,12.5,-12.43852445783317
8,13.0,-13.064222329732388
8,13.5,-13.886499931818742
8,14.0,-14.908377080130728
8,14.5,-16.240824330728202
8,15.0,-17.90636068763644
8,15.5,-19.93934550568983
8,16.0,-22.14888883580334
8,16.5,-23.607500292996058
8,17.0,-23.132734930992847
8,17.5,-21.18299343268625
8,18.0,-19.06539465841315
8,18.5,-17.276286472787227
8,19.0,-15.904669408446242
8,19.5,-14.82124776942958
8,20.0,-14.024154068447965
8,20.5,-13.497753875043491
8,21.0,-13.18981653400489
8,21.5,-13.109438703339563
8,22.0,-13.26538429090957
8,22.5,-13.669971358143298
8,23.0,-14.336329895049772
8,23.5,-15.368115151856628
8,24.0,-16.85506442183628
8,24.5,-19.03242881350698
8,25.0,-22.403039847285772
8,25.5,-28.40544403119226
8,26.0,-34.76714373360106
8,26.5,-25.964736929342514
8,27.0,-20.538828896318297
8,27.5,-17.118734511665778
8,28.0,-14.697520804296424
8,28.5,-12.871024144846464
8,29.0,-11.434153659155648
8,29.5,-10.31688465278794
8,30.0,-9.38283209516975
8,30.5,-8.621750150719205
8,31.0,-8.00184614732733
8,31.5,-7.4918970948662755
8,32.0,-7.080132536844809
8,32.5,-6.717683453886058
8,33.0,-6.396033655399495
8,33.5,-6.104685308293831
8,34.0,-5.80847514653536
8,34.5,-5.5041734245063445
8,35.0,-5.184718112063609
8,35.5,-4.8500317243665245
8,36.0,-4.51607053476944
8,36.5,-4.172238153672475
8,37.0,-3.841953570912184
8,37.5,-3.5485338857600373
8,38.0,-3.287928052834719
8,38.5,-3.082596977153239
8,39.0,-2.9464312006355646
8,39.5,-2.8897631816854847
8,40.0,-2.9227825508881065
8,40.5,-3.059305729888441
8,41.0,-3.3110939114998086
8,41.5,-3.696214025388297
8,42.0,-4.23144965389512
8,42.5,-4.920860867128493
8,43.0,-5.844290925842144
8,43.5,-7.0344378727696775
8,44.0,-8.531311713673125
8,44.5,-10.58471085236587
8,45.0,-13.461950777025134
8,45.5,-18.03191510146312
8,46.0,-26.79027896611192
8,46.5,-25.170716080768
8,47.0,-17.224816814220077
8,47.5,-13.097500516342944
8,48.0,-10.459864115110111
8,48.5,-8.584131604754573
8,49.0,-7.23816365639536
8,49.5,-6.199375033446279
8,50.0,-5.433401811244311
8,50.5,-4.910318743773532
8,51.0,-4.568281099290651
8,51.5,-4.406101799831335
8,52.0,-4.41742866097274
8,52.5,-4.595288867028533
8,53.0,-4.931331086142633
8,53.5,-5.454600667595145
8,54.0,-6.1692490844393175
8,54.5,-7.103384559570884
8,55.0,-8.288553745377143
8,55.5,-9.732093951256376
8,56.0,-11.600141152146398
8,56.5,-13.93473490519403
8,57.0,-16.626715342508668
8,57.5,-19.028567714866718
8,58.0,-19.02505022751145
8,58.5,-16.806280923021962
8,59.0,-14.416130590034784
8,59.5,-12.543323274176812
8,60.0,-11.060639085505397
8,60.5,-9.935827238503668
8,61.0,-9.098750142086224
8,61.5,-8.489005554594547
8,62.0,-8.080661679910571
8,62.5,-7.818973763668951
8,63.0,-7.694253100145847
8,63.5,-7.688099485877683
8,64.0,-7.783516963193631
8,64.5,-7.965400130820394
8,65.0,-8.219946662980435
8,65.5,-8.530310187786817
8,66.0,-8.870557596117916
8,66.5,-9.246736446998172
8,67.0,-9.634420964627136
8,67.5,-10.021993645617208
8,68.0,-10.401337451889107
8,68.5,-10.75738306899449
8,69.0,-11.112276676156318
8,69.5,-11.457493479881965
8,70.0,-11.786216570426204
8,70.5,-12.121189613423072
8,71.0,-12.451002841641383
8,71.5,-12.76945786720642
8,72.0,-13.065612598315136
8,72.5,-13.316632911334592
8,73.0,-13.52196930547386
8,73.5,-13.661227069539729
8,74.0,-13.72844735384065
8,74.5,-13.73164117410781
8,75.0,-13.68920808833735
8,75.5,-13.623304441321768
8,76.0,-13.562600256794855
8,76.5,-13.53431873336222
8,77.0,-13.559799889191137
8,77.5,-13.657742260996637
8,78.0,-13.842055094700116
8,78.5,-14.115993928197138
8,79.0,-14.46388426094281
8,79.5,-14.887697434234898
8,80.0,-15.334967564867114
8,80.5,-15.732436733671657
8,81.0,-15.980757419733829
8,81.5,-15.978932613922714
8,82.0,-15.671623304392607
8,82.5,-15.085301288031726
8,83.0,-14.332768243234227
8,83.5,-13.472417449516444
8,84.0,-12.610412440559845
8,84.5,-11.801207456686162
8,85.0,-11.072527605399785
8,85.5,-10.45612049232224
8,86.0,-9.916565865203642
8,86.5,-9.470621642220708
8,87.0,-9.113970680087984
8,87.5,-8.836062949933869
8,88.0,-8.632253479346913
8,88.5,-8.476126849732353
8,89.0,-8.358052346347437
8,89.5,-8.262744356224822
8,90.0,-8.16427906368629
8,90.5,-8.046332628602153
8,91.0,-7.891578087763539
8,91.5,-7.690022881735169
8,92.0,-7.446571456042296
8,92.5,-7.151738722793192
8,93.0,-6.82576906134188
8,93.5,-6.495968685074468
8,94.0,-6.160630107339703
8,94.5,-5.848087884437956
8,95.0,-5.575533141788228
8,95.5,-5.35619942914905
8,96.0,-5.206406659630715
8,96.5,-5.126866036270112
8,97.0,-5.1310535964412605
8,97.5,-5.22929200759655
8,98.0,-5.42831639124755
8,98.5,-5.728116286947963
8,99.0,-6.158651680983367
8,99.5,-6.724355228451832
8,100.0,-7.227333794031114
9,0.0,-15.567352613626063
9,0.5,-15.605403518782786
9,1.0,-15.716229625242107
9,1.5,-15.909089472398248
9,2.0,-16.18403693695378
9,2.5,-16.547857051122516
9,3.0,-17.005261677148507
9,3.5,-17.547293272821506
9,4.0,-18.21783065257812
9,4.5,-19.01220187179584
9,5.0,-19.94922034162631
9,5.5,-21.047438450038246
9,6.0,-22.29779294666899
9,6.5,-23.82496794539703
9,7.0,-25.664789417779406
9,7.5,-27.87643295137765
9,8.0,-30.815938634533254
9,8.5,-34.52642806521086
9,9.0,-36.75305401909682
9,9.5,-33.90993153572008
9,10.0,-29.89015322303905
9,10.5,-26.52392190669721
9,11.0,-23.808019703702136
9,11.5,-21.53829705703571
9,12.0,-19.580112684334235
9,12.5,-17.91514805460235
9,13.0,-16.39688527485477
9,13.5,-15.051043922160256
9,14.0,-13.896038421869957
9,14.5,-12.846996792040724
9,15.0,-11.930778725043712
9,15.5,-11.142770404942112
9,16.0,-10.474776979536536
9,16.5,-9.939098042942568
9,17.0,-9.498542227289407
9,17.5,-9.16668761826064
9,18.0,-8.942638701125091
9,18.5,-8.82090268082941
9,19.0,-8.798002154678212
9,19.5,-8.86638388633787
9,20.0,-9.017558672120002
9,20.5,-9.23070224654925
9,21.0,-9.497343684210955
9,21.5,-9.779897308811352
9,22.0,-10.036215229481057
9,22.5,-10.218428015609504
9,23.0,-10.27968996145247
9,23.5,-10.19514192433116
9,24.0,-9.962301342119092
9,24.5,-9.606509889305428
9,25.0,-9.175559666397694
9,25.5,-8.731382786967474
9,26.0,-8.288555338800714
9,26.5,-7.8927171698912115
9,27.0,-7.576211240214526
9,27.5,-7.334699679255153
9,28.0,-7.188392606395031
9,28.5,-7.146897929174949
9,29.0,-7.214154806696444
9,29.5,-7.390236803694551
9,30.0,-7.692302507982704
9,30.5,-8.122129640147406
9,31.0,-8.691912962866587
9,31.5,-9.411145083287758
9,32.0,-10.269120052954182
9,32.5,-11.341505959605906
9,33.0,-12.63100042779376
9,33.5,-14.13063591724164
9,34.0,-15.98699306582477
9,34.5,-18.208767982998584
9,35.0,-20.795918855350205
9,35.5,-23.369930678068062
9,36.0,-24.65989932974468
9,36.5,-23.887561414689472
9,37.0,-22.166789687961035
9,37.5,-20.61508000805288
9,38.0,-19.397127705628343
9,38.5,-18.54616460899776
9,39.0,-18.01151197213072
9,39.5,-17.734708440926465
9,40.0,-17.67471605004895
9,40.5,-17.787931469958362
9,41.0,-18.034074627619084
9,41.5,-18.36169160680034
9,42.0,-18.699824896472578
9,42.5,-18.95652495323087
9,43.0,-19.061104636317232
9,43.5,-18.947050672773205
9,44.0,-18.618154121398938
9,44.5,-18.10011980615656
9,45.0,-17.47441237258231
9,45.5,-16.809060627519848
9,46.0,-16.155647133125157
9,46.5,-15.563735009619991
9,47.0,-15.013277138291787
9,47.5,-14.530221074762704
9,48.0,-14.11819973972858
9,48.5,-13.775254647319
9,49.0,-13.508028773280822
9,49.5,-13.297729192691328
9,50.0,-13.150634282414554
9,50.5,-13.06726738484915
9,51.0,-13.040026710405115
9,51.5,-13.068384176271762
9,52.0,-13.148630837065683
9,52.5,-13.272379753505843
9,53.0,-13.423826259013207
9,53.5,-13.595872294186412
9,54.0,-13.761118341834528
9,54.5,-13.889310970647898
9,55.0,-13.947384727511931
9,55.5,-13.904382313311944
9,56.0,-13.73361951282087
9,56.5,-13.428414829598069
9,57.0,-13.011538321611903
9,57.5,-12.481293747087578
9,58.0,-11.88148590120081
9,58.5,-11.242073693791529
9,59.0,-10.58958668153858
9,59.5,-9.96250841643218
9,60.0,-9.334687306989489
9,60.5,-8.733764334249711
9,61.0,-8.165098554235017
9,61.5,-7.630525575422153
9,62.0,-7.146356076760381
9,62.5,-6.682935630637257
9,63.0,-6.255866835963045
9,63.5,-5.877603245344149
9,64.0,-5.525472265596369
9,64.5,-5.212636003531007
9,65.0,-4.94168901203231
9,65.5,-4.713906828827929
9,66.0,-4.537186210229723
9,66.5,-4.403125927053228
9,67.0,-4.320021659453541
9,67.5,-4.291910812184536
9,68.0,-4.320711672606104
9,68.5,-4.406757721016037
9,69.0,-4.558519772030881
9,69.5,-4.776349069622722
9,70.0,-5.054545625988314
9,70.5,-5.413415467653444
9,71.0,-5.846901351899281
9,71.5,-6.358802612182822
9,72.0,-6.949010016697102
9,72.5,-7.597443690301787
9,73.0,-8.342792229465967
9,73.5,-9.15997012812321
9,74.0,-10.040995161370724
9,74.5,-10.969669119663214
9,75.0,-11.896128369391892
9,75.5,-12.852013174667782
9,76.0,-13.782216495119668
9,76.5,-14.641961444531994
9,77.0,-15.486046142396305
9,77.5,-16.315613375094564
9,78.0,-17.189207854437285
9,78.5,-18.18962860480051
9,79.0,-19.383771816226407
9,79.5,-20.96656302609497
9,80.0,-22.972703762690823
9,80.5,-25.03281494009317
9,81.0,-25.44184713710022
9,81.5,-23.24466459131398
9,82.0,-20.15590063205852
9,82.5,-17.40193032299902
9,83.0,-15.188505145897144
9,83.5,-13.300023563668972
9,84.0,-11.72562273308518
9,84.5,-10.410225591090075
9,85.0,-9.305967012663526
9,85.5,-8.410896005922837
9,86.0,-7.647100090473375
9,86.5,-7.026702537015299
9,87.0,-6.540515593003122
9,87.5,-6.177129718868812
9,88.0,-5.937828840535784
9,88.5,-5.803329215645324
9,89.0,-5.778480663193872
9,89.5,-5.859556617864179
9,90.0,-6.051799713515327
9,90.5,-6.3542072869326
9,91.0,-6.77209751126123
9,91.5,-7.3077858216375775
9,92.0,-7.9476857882026595
9,92.5,-8.740591851710573
9,93.0,-9.678005460895983
9,93.5,-10.741762886763292
9,94.0,-12.018392646682576
9,94.5,-13.500182976219962
9,95.0,-15.224155461781471
9,95.5,-17.219860254169348
9,96.0,-19.43225867744292
9,96.5,-21.903715819918144
9,97.0,-24.11904470112505
9,97.5,-25.13554427791999
9,98.0,-24.64116373526741
9,98.5,-23.483770154464047
9,99.0,-22.31689307847459
9,99.5,-21.40377172105212
9,100.0,-20.908189993119827
10,0.0,-11.726757737669924
10,0.5,-11.770778695686383
10,1.0,-11.900359245466682
10,1.5,-12.130678658105476
10,2.0,-12.469239737751018
10,2.5,-12.935724076757866
10,3.0,-13.551059167643354
10,3.5,-14.32207900247831
10,4.0,-15.33836471962126
10,4.5,-16.627371877615943
10,5.0,-18.25012320516169
10,5.5,-20.196563092972514
10,6.0,-22.0934099691592
10,6.5,-22.944934733157417
10,7.0,-21.771857507905903
10,7.5,-19.583590051630782
10,8.0,-17.355209170714282
10,8.5,-15.46795551203721
10,9.0,-13.936330293905955
10,9.5,-12.704733472674109
10,10.0,-11.757551530543944
10,10.5,-11.000761775685907
10,11.0,-10.439313207602058
10,11.5,-10.059092142869714
10,12.0,-9.8438329967211
10,12.5,-9.78603307689293
10,13.0,-9.873829808718208
10,13.5,-10.09956256843182
10,14.0,-10.438051795623071
10,14.5,-10.884082484351504
10,15.0,-11.380687992925496
10,15.5,-11.84939275168779
10,16.0,-12.18093560759156
10,16.5,-12.2581971842105
10,17.0,-12.018568940984862
10,17.5,-11.483903438896936
10,18.0,-10.74903248191706
10,18.5,-9.933638030199871
10,19.0,-9.151874857975118
10,19.5,-8.412189612048465
10,20.0,-7.769637193426172
10,20.5,-7.255123757683519
10,21.0,-6.8426701333976006
10,21.5,-6.550145085200445
10,22.0,-6.38002104564193
10,22.5,-6.329459956909597
10,23.0,-6.396308629849203
10,23.5,-6.58540024779832
10,24.0,-6.896194774015781
10,24.5,-7.333785301343623
10,25.0,-7.899108715492655
10,25.5,-8.575085326747176
10,26.0,-9.40799384723696
10,26.5,-10.379066654065014
10,27.0,-11.452359570913252
10,27.5,-12.681091648957084
10,28.0,-13.995077004513528
10,28.5,-15.3157673221679
10,29.0,-16.508603647194064
10,29.5,-17.380031451866767
10,30.0,-17.868456011620072
10,30.5,-17.97315444054638
10,31.0,-17.83704160439295
10,31.5,-17.629229356662904
10,32.0,-17.465486556700327
10,32.5,-17.387289962199407
10,33.0,-17.40357858889541
10,33.5,-17.4789698786513
10,34.0,-17.551815089829187
10,34.5,-17.531238936344963
10,35.0,-17.325405930174135
10,35.5,-16.89001315742205
10,36.0,-16.261492706638386
10,36.5,-15.469709232813363
10,37.0,-14.617460988120357
10,37.5,-13.800008645067606
10,38.0,-13.013749259506676
10,38.5,-12.31086929018934
10,39.0,-11.706318581300422
10,39.5,-11.202515981084405
10,40.0,-10.811216559807011
10,40.5,-10.504924791620684
10,41.0,-10.291675173930278
10,41.5,-10.168581654533778
10,42.0,-10.129207206369465
10,42.5,-10.168165426562478
10,43.0,-10.284359151724042
10,43.5,-10.474078277906662
10,44.0,-10.728174195692768
10,44.5,-11.06295214437812
10,45.0,-11.47280657827783
10,45.5,-11.96385520226903
10,46.0,-12.540957663508776
10,46.5,-13.191335853080044
10,47.0,-13.962128158872584
10,47.5,-14.832652428044057
10,48.0,-15.78435780674311
10,48.5,-16.74990202393782
10,49.0,-17.556985895534883
10,49.5,-18.01219336973455
10,50.0,-17.866520893773092
10,50.5,-17.13130618076835
10,51.0,-15.98115672261205
10,51.5,-14.69232971419254
10,52.0,-13.431573821597086
10,52.5,-12.2767643544506
10,53.0,-11.287082187321683
10,53.5,-10.406969565258594
10,54.0,-9.664984821854656
10,54.5,-9.058924777766103
10,55.0,-8.581222710874314
10,55.5,-8.238933873228609
10,56.0,-8.008568250806084
10,56.5,-7.900557756970063
10,57.0,-7.916109101664794
10,57.5,-8.060162102389688
10,58.0,-8.338684724738926
10,58.5,-8.764221915910943
10,59.0,-9.347047251640348
10,59.5,-10.081248659285423
10,60.0,-11.03376533483048
10,60.5,-12.202661224192171
10,61.0,-13.59953119754841
10,61.5,-15.164220561553709
10,62.0,-16.610596699364752
10,62.5,-17.45062613296402
10,63.0,-17.089353596316165
10,63.5,-15.782515178770192
10,64.0,-14.114218865002778
10,64.5,-12.525113997073309
10,65.0,-11.14689996927253
10,65.5,-9.989129889854384
10,66.0,-9.062955189043588
10,66.5,-8.287752157976282
10,67.0,-7.672662003963602
10,67.5,-7.204548276693336
10,68.0,-6.868171773816799
10,68.5,-6.661031645984222
10,69.0,-6.5636899552409895
10,69.5,-6.578364821212421
10,70.0,-6.698820063753722
10,70.5,-6.931653753175501
10,71.0,-7.273545317472687
10,71.5,-7.728397279458532
10,72.0,-8.29655164772554
10,72.5,-8.96038811107396
10,73.0,-9.76439275296498
10,73.5,-10.689149305785293
10,74.0,-11.73379801410311
10,74.5,-12.88241602614374
10,75.0,-14.064633901196943
10,75.5,-15.284409439873878
10,76.0,-16.386508073371562
10,76.5,-17.189357149888558
10,77.0,-17.610570898018295
10,77.5,-17.606160307030798
10,78.0,-17.271313398463505
10,78.5,-16.75248237045681
10,79.0,-16.170258843165733
10,79.5,-15.538922540078207
10,80.0,-14.888599948990972
10,80.5,-14.2123400072869
10,81.0,-13.50113601219691
10,81.5,-12.774617717285803
10,82.0,-11.994198096903371
10,82.5,-11.197742670268225
10,83.0,-10.42893418880433
10,83.5,-9.660175047794242
10,84.0,-8.933320670622471
10,84.5,-8.26399893781681
10,85.0,-7.661815426260223
10,85.5,-7.150201853901845
10,86.0,-6.702279406165512
10,86.5,-6.337328174456975
10,87.0,-6.059275287589741
10,87.5,-5.867878621555885
10,88.0,-5.767409164304816
10,88.5,-5.752648385734743
10,89.0,-5.827880339964311
10,89.5,-5.989441693388342
10,90.0,-6.249207776422508
10,90.5,-6.604349428619463
10,91.0,-7.059709919395869
10,91.5,-7.616820943164924
10,92.0,-8.259874211482265
10,92.5,-9.034348911309465
10,93.0,-9.92635042406387
10,93.5,-10.91215128332192
10,94.0,-12.060807179971208
10,94.5,-13.346987227879168
10,95.0,-14.77089591369594
10,95.5,-16.302837299361883
10,96.0,-17.807753219826285
10,96.5,-19.16153501230073
10,97.0,-19.95457888019953
10,97.5,-19.86996120983935
10,98.0,-19.015292345069337
10,98.5,-17.790330955402524
10,99.0,-16.422281803781374
10,99.5,-15.09593573082852
10,100.0,-14.18780979647349
11,0.0,-11.311737972541929
11,0.5,-11.278957113611453
11,1.0,-11.185831632923756
11,1.5,-11.031758212748567
11,2.0,-10.827854718255876
11,2.5,-10.58376045464359
11,3.0,-10.311883296739092
11,3.5,-10.03262260752719
11,4.0,-9.739844974238068
11,4.5,-9.4523412694187
11,5.0,-9.179144155218848
11,5.5,-8.927065282824444
11,6.0,-8.708273831511569
11,6.5,-8.512898805342212
11,7.0,-8.350091111995718
11,7.5,-8.224872584837382
11,8.0,-8.12957785235724
11,8.5,-8.067656363930372
11,9.0,-8.039069422348192
11,9.5,-8.042664288520797
11,10.0,-8.077575397431339
11,10.5,-8.147453477013977
11,11.0,-8.25437554532811
11,11.5,-8.404654896713847
11,12.0,-8.605540270292819
11,12.5,-8.860136080652463
11,13.0,-9.199257071427525
11,13.5,-9.634059485040224
11,14.0,-10.17258039067152
11,14.5,-10.882157440682317
11,15.0,-11.791947052855146
11,15.5,-12.975936228993698
11,16.0,-14.536358834091986
11,16.5,-16.589548545722785
11,17.0,-19.59214455334672
11,17.5,-23.791124445833425
11,18.0,-25.851616073012305
11,18.5,-21.75909673203105
11,19.0,-17.594982675298148
11,19.5,-14.47858182322784
11,20.0,-12.137642677132572
11,20.5,-10.362562432325824
11,21.0,-8.894018426340828
11,21.5,-7.702300331143031
11,22.0,-6.738240485612787
11,22.5,-5.962393857726186
11,23.0,-5.37033068469705
11,23.5,-4.909379982463284
11,24.0,-4.587898927815237
11,24.5,-4.40235542159176
11,25.0,-4.347097921637631
11,25.5,-4.419888730619552
11,26.0,-4.628233825040288
11,26.5,-4.975862720333528
11,27.0,-5.45728713539466
11,27.5,-6.116811745384081
11,28.0,-6.959089048647325
11,28.5,-8.015878039867754
11,29.0,-9.319277019535027
11,29.5,-10.863760038353142
11,30.0,-12.776354993098792
11,30.5,-14.932305805675515
11,31.0,-16.82548342251316
11,31.5,-17.337867691553825
11,32.0,-16.15035478882154
11,32.5,-14.256146543323116
11,33.0,-12.476234005308497
11,33.5,-11.05520030432258
11,34.0,-9.900676760565528
11,34.5,-9.016400557126063
11,35.0,-8.36859062609971
11,35.5,-7.923209816304089
11,36.0,-7.667837133511601
11,36.5,-7.572777824275554
11,37.0,-7.638093499697327
11,37.5,-7.853889793792495
11,38.0,-8.235029437478802
11,38.5,-8.780741595312147
11,39.0,-9.50592632683111
11,39.5,-10.424547408713233
11,40.0,-11.526880747476804
11,40.5,-12.915246447305623
11,41.0,-14.592648859264669
11,41.5,-16.58278265386235
11,42.0,-18.76834403710524
11,42.5,-20.55482842413119
11,43.0,-20.995075928094703
11,43.5,-19.839403165277044
11,44.0,-18.140768146166103
11,44.5,-16.501787091538517
11,45.0,-15.15158594496996
11,45.5,-14.090837179077925
11,46.0,-13.271985541104067
11,46.5,-12.672756993821832
11,47.0,-12.220558046967763
11,47.5,-11.905329736925063
11,48.0,-11.704407113114431
11,48.5,-11.593488555164331
11,49.0,-11.554251032771337
11,49.5,-11.566408794644982
11,50.0,-11.616044514313511
11,50.5,-11.68898904818762
11,51.0,-11.782154272454028
11,51.5,-11.890994647879864
11,52.0,-12.019390650787066
11,52.5,-12.176050109303224
11,53.0,-12.368774179305984
11,53.5,-12.62774363804319
11,54.0,-12.96827065690266
11,54.5,-13.41781885287191
11,55.0,-14.00423895635672
11,55.5,-14.74139826788861
11,56.0,-15.725677878117454
11,56.5,-17.006672268668055
11,57.0,-18.650550189612566
11,57.5,-20.982691370468704
11,58.0,-24.451725639861817
11,58.5,-30.877744916440264
11,59.0,-40.61322495403155
11,59.5,-29.86400722513271
11,60.0,-23.915627374187444
11,60.5,-20.525725532739
11,61.0,-18.22953969619566
11,61.5,-16.54599063157128
11,62.0,-15.31275640710128
11,62.5,-14.342784754884343
11,63.0,-13.60841480381815
11,63.5,-13.08092977310766
11,64.0,-12.692766999130678
11,64.5,-12.431802278595326
11,65.0,-12.273012882866963
11,65.5,-12.187120260018338
11,66.0,-12.14748698537574
11,66.5,-12.122872605759172
11,67.0,-12.088041911632445
11,67.5,-12.021166523931422
11,68.0,-11.911396077380694
11,68.5,-11.763965696162956
11,69.0,-11.581971157999408
11,69.5,-11.390547457972868
11,70.0,-11.219685061861115
11,70.5,-11.084228523468964
11,71.0,-11.01288669177168
11,71.5,-11.028542331652924
11,72.0,-11.148295632677677
11,72.5,-11.38197536782649
11,73.0,-11.761196120434654
11,73.5,-12.29596985859006
11,74.0,-13.00844141698114
11,74.5,-13.913546143784762
11,75.0,-14.990281160751662
11,75.5,-16.294778269548456
11,76.0,-17.709621243469808
11,76.5,-18.943089956341755
11,77.0,-19.594146938380003
11,77.5,-19.26865191385857
11,78.0,-18.16616343237545
11,78.5,-16.802573109694112
11,79.0,-15.538987005695397
11,79.5,-14.418674239949183
11,80.0,-13.505806035308844
11,80.5,-12.796457790608514
11,81.0,-12.270073104073468
11,81.5,-11.921027634229874
11,82.0,-11.712748209512982
11,82.5,-11.643977652762922
11,83.0,-11.702937009159998
11,83.5,-11.885421731083996
11,84.0,-12.184172178681756
11,84.5,-12.599049832856975
11,85.0,-13.129620721090586
11,85.5,-13.76438420680723
11,86.0,-14.561663252921688
11,86.5,-15.53563031985972
11,87.0,-16.75110772581123
11,87.5,-18.305445187451653
11,88.0,-20.306775148915527
11,88.5,-23.140074960489454
11,89.0,-26.56244283051751
11,89.5,-27.037408910945555
11,90.0,-23.068335731808737
11,90.5,-19.043831995807505
11,91.0,-15.904800679871707
11,91.5,-13.395941839827142
11,92.0,-11.386581077700772
11,92.5,-9.63269956981194
11,93.0,-8.125362437205744
11,93.5,-6.85747727359492
11,94.0,-5.717494870384546
11,94.5,-4.722406104037326
11,95.0,-3.857827865559425
11,95.5,-3.108165263413649
11,96.0,-2.4828970907779797
11,96.5,-1.9346839398362
11,97.0,-1.4763170881175227
11,97.5,-1.1036804627179326
11,98.0,-0.8099688373657389
11,98.5,-0.5973309794720967
11,99.0,-0.448265316233774
11,99.5,-0.3654798101310084
11,100.0,-0.3435548267482827
12,0.0,-14.37527317804987
12,0.5,-14.544633382183376
12,1.0,-15.049004372698754
12,1.5,-15.970957592001682
12,2.0,-17.40045574734321
12,2.5,-19.58031509022741
12,3.0,-23.06040789088033
12,3.5,-29.76188035114457
12,4.0,-38.71784168460367
12,4.5,-26.4628554066144
12,5.0,-20.876973251758564
12,5.5,-17.559822912248762
12,6.0,-15.316731770069364
12,6.5,-13.586085475716542
12,7.0,-12.245870673941743
12,7.5,-11.219942218078556
12,8.0,-10.374473245019736
12,8.5,-9.693713641288705
12,9.0,-9.14404728818286
12,9.5,-8.694712438377973
12,10.0,-8.335307041462736
12,10.5,-8.026868462135859
12,11.0,-7.769652340917315
12,11.5,-7.558810489703511
12,12.0,-7.3928459673917395
12,12.5,-7.27940727456396
12,13.0,-7.219569957124768
12,13.5,-7.228055660960201
12,14.0,-7.315733686797926
12,14.5,-7.504049513186443
12,15.0,-7.808210174489847
12,15.5,-8.252213568288596
12,16.0,-8.858944625126696
12,16.5,-9.636445305075538
12,17.0,-10.678057031556438
12,17.5,-12.0238066654156
12,18.0,-13.78529978848504
12,18.5,-16.133162122291292
12,19.0,-19.305054822278137
12,19.5,-24.094887552751405
12,20.0,-28.3085981945586
12,20.5,-24.89599156839436
12,21.0,-20.536425431399607
12,21.5,-17.752306155605446
12,22.0,-15.982922258032405
12,22.5,-14.877345336954226
12,23.0,-14.299877249332752
12,23.5,-14.143060603675094
12,24.0,-14.401332053016215
12,24.5,-15.08579563222448
12,25.0,-16.183888576558807
12,25.5,-17.529933180901487
12,26.0,-18.626641629211985
12,26.5,-18.323283579704565
12,27.0,-16.48143808765081
12,27.5,-14.059756882022352
12,28.0,-11.816428690981978
12,28.5,-9.925078139561604
12,29.0,-8.367021342110466
12,29.5,-7.138644542002831
12,30.0,-6.124529282684825
12,30.5,-5.334296121810397
12,31.0,-4.75164208573556
12,31.5,-4.359263541108807
12,32.0,-4.156664215144421
12,32.5,-4.129957845355328
12,33.0,-4.290014774468507
12,33.5,-4.637038185689793
12,34.0,-5.212526374454016
12,34.5,-6.03711582853093
12,35.0,-7.167705503635881
12,35.5,-8.6801091169354
12,36.0,-10.646737809059433
12,36.5,-13.411834812972405
12,37.0,-17.08176273182056
12,37.5,-19.82673216346136
12,38.0,-17.731824379413197
12,38.5,-13.997941925752794
12,39.0,-11.130503570681793
12,39.5,-9.039354415767262
12,40.0,-7.540427109101273
12,40.5,-6.393049965028516
12,41.0,-5.557570210260458
12,41.5,-4.985485841871888
12,42.0,-4.638380724029258
12,42.5,-4.501244650625265
12,43.0,-4.555804077933018
12,43.5,-4.804944136648626
12,44.0,-5.241506879114906
12,44.5,-5.908685395200757
12,45.0,-6.820708198953705
12,45.5,-8.030507786780316
12,46.0,-9.61019328238532
12,46.5,-11.62931516027894
12,47.0,-14.458768055250816
12,47.5,-18.426991698704025
12,48.0,-22.679576448366134
12,48.5,-21.280312986146107
12,49.0,-17.072939248673592
12,49.5,-13.879088839592542
12,50.0,-11.647880944145571
12,50.5,-10.089141710339105
12,51.0,-8.913358023733599
12,51.5,-8.062578675686655
12,52.0,-7.477557968808855
12,52.5,-7.113329686618377
12,53.0,-6.95127882404149
12,53.5,-6.968121878474234
12,54.0,-7.164547615883299
12,54.5,-7.547999502617616
12,55.0,-8.127416934286462
12,55.5,-8.902361549015327
12,56.0,-9.962022782200073
12,56.5,-11.348333703197303
12,57.0,-13.116029018160065
12,57.5,-15.564092504920453
12,58.0,-18.88713404466445
12,58.5,-22.440935057504856
12,59.0,-21.93373501074995
12,59.5,-18.13531240926077
12,60.0,-14.735826236913086
12,60.5,-12.176813632838856
12,61.0,-10.211048610583092
12,61.5,-8.646400992789756
12,62.0,-7.414187469742154
12,62.5,-6.369318545166157
12,63.0,-5.506349303435665
12,63.5,-4.816629425924884
12,64.0,-4.235348825056867
12,64.5,-3.768543012888832
12,65.0,-3.406642544232204
12,65.5,-3.138811116419215
12,66.0,-2.9640411069378816
12,66.5,-2.866499307064043
12,67.0,-2.8481040791515526
12,67.5,-2.907894668730969
12,68.0,-3.042689698686704
12,68.5,-3.2453393950431084
12,69.0,-3.5283770257470133
12,69.5,-3.885951927956226
12,70.0,-4.305950877303108
12,70.5,-4.816098316028603
12,71.0,-5.405023010286913
12,71.5,-6.07623284943015
12,72.0,-6.829673227191741
12,72.5,-7.640749584335969
12,73.0,-8.559222760288757
12,73.5,-9.5559176298434
12,74.0,-10.623684747065582
12,74.5,-11.745876980871842
12,75.0,-12.86450585273159
12,75.5,-14.01858309826509
12,76.0,-15.140419357067843
12,76.5,-16.173494827650355
12,77.0,-17.180551276144296
12,77.5,-18.158744073381666
12,78.0,-19.165592092623505
12,78.5,-20.261454181944288
12,79.0,-21.42077111592244
12,79.5,-22.54816477852259
12,80.0,-23.087209500129187
12,80.5,-22.38494695201037
12,81.0,-20.60010218539989
12,81.5,-18.500243108405144
12,82.0,-16.421009331479116
12,82.5,-14.575147080130218
12,83.0,-13.029119473664275
12,83.5,-11.66753619221878
12,84.0,-10.51443997700963
12,84.5,-9.551669809834433
12,85.0,-8.757758014145146
12,85.5,-8.138703634585678
12,86.0,-7.645800272343471
12,86.5,-7.291497260953569
12,87.0,-7.074176528832653
12,87.5,-6.989189464154272
12,88.0,-7.035602284717475
12,88.5,-7.219459228161776
12,89.0,-7.545415660581693
12,89.5,-8.008842280360307
12,90.0,-8.65392416873885
12,90.5,-9.488597189801162
12,91.0,-10.551912914835524
12,91.5,-11.89325888440842
12,92.0,-13.548785253104365
12,92.5,-15.783381224778948
12,93.0,-18.874092353040275
12,93.5,-23.511381873018973
12,94.0,-31.417671787472223
12,94.5,-28.776248488309506
12,95.0,-22.04836285065211
12,95.5,-18.277625693395358
12,96.0,-15.872664493321947
12,96.5,-14.087459296669753
12,97.0,-12.747785998598182
12,97.5,-11.730115111536875
12,98.0,-10.953762203485438
12,98.5,-10.391939371151892
12,99.0,-9.981631031477018
12,99.5,-9.723912720823996
12,100.0,-9.624353663798066
13,0.0,-12.57610263508776
13,0.5,-12.076256113353852
13,1.0,-10.921581895911382
13,1.5,-9.550501606241124
13,2.0,-8.293118848432774
13,2.5,-7.257482472871637
13,3.0,-6.458191098625417
13,3.5,-5.904977220530116
13,4.0,-5.55044420076047
13,4.5,-5.400781048162017
13,5.0,-5.451837617900082
13,5.5,-5.694074729790262
13,6.0,-6.109896344625281
13,6.5,-6.717682429264007
13,7.0,-7.48658411073522
13,7.5,-8.347458204284854
13,8.0,-9.262432583367229
13,8.5,-10.04454898735935
13,9.0,-10.478845052736492
13,9.5,-10.436498010035962
13,10.0,-9.984000387322622
13,10.5,-9.28722710921804
13,11.0,-8.552118320962553
13,11.5,-7.906427933644115
13,12.0,-7.4132383287844865
13,12.5,-7.111285454830769
13,13.0,-6.995610287382486
13,13.5,-7.084102076255366
13,14.0,-7.375994455921308
13,14.5,-7.900086469440458
13,15.0,-8.65924638433229
13,15.5,-9.666764708270906
13,16.0,-10.90359683480746
13,16.5,-12.241003022295663
13,17.0,-13.491636659039314
13,17.5,-14.115078195807635
13,18.0,-13.72288632026356
13,18.5,-12.58289160058342
13,19.0,-11.25538975389642
13,19.5,-9.984150785357151
13,20.0,-8.92575841399764
13,20.5,-8.128230879604974
13,21.0,-7.534637779861184
13,21.5,-7.156698234433033
13,22.0,-6.986818805299956
13,22.5,-7.013002038886752
13,23.0,-7.22525910655471
13,23.5,-7.637895062537773
13,24.0,-8.249537593098658
13,24.5,-9.073602779032155
13,25.0,-10.117174062312976
13,25.5,-11.349780881315732
13,26.0,-12.83740790088928
13,26.5,-14.46964751465666
13,27.0,-15.980910442758328
13,27.5,-17.028920878551165
13,28.0,-17.17363648008862
13,28.5,-16.511160510555367
13,29.0,-15.525374709932994
13,29.5,-14.591344270540482
13,30.0,-13.79249589653948
13,30.5,-13.185827290693082
13,31.0,-12.75855028945642
13,31.5,-12.473959172103193
13,32.0,-12.298042686477388
13,32.5,-12.176858601715724
13,33.0,-12.074760357129794
13,33.5,-11.960767203156989
13,34.0,-11.805681235897968
13,34.5,-11.60797741236263
13,35.0,-11.377800926183378
13,35.5,-11.136974741866734
13,36.0,-10.916099182654683
13,36.5,-10.721684428673749
13,37.0,-10.57256773966057
13,37.5,-10.473208602500405
13,38.0,-10.406282306903766
13,38.5,-10.350998895261805
13,39.0,-10.270859147498568
13,39.5,-10.124044490527632
13,40.0,-9.880641968297429
13,40.5,-9.504673966818372
13,41.0,-9.008727390319452
13,41.5,-8.419980426368285
13,42.0,-7.782751215478518
13,42.5,-7.159677988255819
13,43.0,-6.549084615804767
13,43.5,-5.998061232676476
13,44.0,-5.540214012107082
13,44.5,-5.159945833780114
13,45.0,-4.87994504861624
13,45.5,-4.708089747279769
13,46.0,-4.646392385892074
13,46.5,-4.696748924553173
13,47.0,-4.865809370100676
13,47.5,-5.155867953686565
13,48.0,-5.574172029203432
13,48.5,-6.123821024763405
13,49.0,-6.790625418735838
13,49.5,-7.623962191186835
13,50.0,-8.610858418861204
13,50.5,-9.722871308154732
13,51.0,-11.029620698288433
13,51.5,-12.479717661519237
13,52.0,-14.0184908018432
13,52.5,-15.512050824897877
13,53.0,-16.69663893274176
13,53.5,-17.397836492684906
13,54.0,-17.5105179118425
13,54.5,-17.20516589712369
13,55.0,-16.743481061012012
13,55.5,-16.309743803622563
13,56.0,-15.952439095724229
13,56.5,-15.697335029683613
13,57.0,-15.528165415985832
13,57.5,-15.393815329499215
13,58.0,-15.251869003551082
13,58.5,-15.055847557392555
13,59.0,-14.775821714034777
13,59.5,-14.41440524203579
13,60.0,-13.962166900043016
13,60.5,-13.457196923258794
13,61.0,-12.929786098135011
13,61.5,-12.406856540293305
13,62.0,-11.922003650993098
13,62.5,-11.455800250290505
13,63.0,-11.027986033548776
13,63.5,-10.650995550274194
13,64.0,-10.29999904532846
13,64.5,-9.985397488304558
13,65.0,-9.707780660481466
13,65.5,-9.468404330698291
13,66.0,-9.277722239973684
13,66.5,-9.130970004511406
13,67.0,-9.043446550816691
13,67.5,-9.028033764887445
13,68.0,-9.096335187185195
13,68.5,-9.257497101965471
13,69.0,-9.537165745037338
13,69.5,-9.946489268547104
13,70.0,-10.484684510830292
13,70.5,-11.198343166667154
13,71.0,-12.071349761926232
13,71.5,-13.071516829507932
13,72.0,-14.076223082452156
13,72.5,-14.79570326157198
13,73.0,-14.89933301575235
13,73.5,-14.197615042205143
13,74.0,-12.917272375190242
13,74.5,-11.442307102589403
13,75.0,-10.052672001697813
13,75.5,-8.761218753817335
13,76.0,-7.637941973857713
13,76.5,-6.7105377010985805
13,77.0,-5.910529075446901
13,77.5,-5.2548568416473245
13,78.0,-4.734913631043674
13,78.5,-4.33828493519378
13,79.0,-4.065580600997378
13,79.5,-3.893205283102683
13,80.0,-3.824456281251775
13,80.5,-3.857064298154854
13,81.0,-3.985494247546808
13,81.5,-4.200154101780553
13,82.0,-4.511894754139217
13,82.5,-4.911611867476126
13,83.0,-5.38206904287557
13,83.5,-5.949610796915373
13,84.0,-6.595610322235615
13,84.5,-7.316060792124977
13,85.0,-8.101727965569832
13,85.5,-8.91641291764836
13,86.0,-9.795932709785845
13,86.5,-10.694859997610394
13,87.0,-11.587017577284888
13,87.5,-12.441053342406184
13,88.0,-13.19865854370982
13,88.5,-13.87179175962001
13,89.0,-14.406144511203738
13,89.5,-14.768125614170891
13,90.0,-14.969112613595268
13,90.5,-14.99878493526206
13,91.0,-14.866527568103152
13,91.5,-14.59814905626718
13,92.0,-14.234449711194689
13,92.5,-13.786409809214923
13,93.0,-13.298779794425707
13,93.5,-12.81727455809827
13,94.0,-12.338393925014644
13,94.5,-11.89836094859916
13,95.0,-11.515043734292563
13,95.5,-11.200039827394054
13,96.0,-10.969998562817556
13,96.5,-10.817820854971092
13,97.0,-10.756165918840296
13,97.5,-10.791162900343531
13,98.0,-10.923781509412713
13,98.5,-11.148281363401749
13,99.0,-11.477509510974029
13,99.5,-11.899197014436826
13,100.0,-12.256228275090145
14,0.0,-9.08394618557066
14,0.5,-9.217524878561084
14,1.0,-9.6127017341786
14,1.5,-10.32420125229346
14,2.0,-11.397702039895718
14,2.5,-12.954135110945815
14,3.0,-15.206647244116285
14,3.5,-18.56540508839016
14,4.0,-24.95201021191253
14,4.5,-31.27990338765482
14,5.0,-22.303283719800984
14,5.5,-16.913905159395906
14,6.0,-13.771789093441278
14,6.5,-11.520573151437764
14,7.0,-9.86267095377478
14,7.5,-8.651419830998533
14,8.0,-7.709793554276477
14,8.5,-7.016241098757591
14,9.0,-6.536778374342812
14,9.5,-6.241971698094911
14,10.0,-6.119147582675682
14,10.5,-6.149548800910303
14,11.0,-6.330121807517291
14,11.5,-6.659912944046202
14,12.0,-7.134381951014007
14,12.5,-7.7350910586932065
14,13.0,-8.501441616085033
14,13.5,-9.417702938656236
14,14.0,-10.455548132302086
14,14.5,-11.685370503525109
14,15.0,-13.082825262339494
14,15.5,-14.666492832025307
14,16.0,-16.46387323405748
14,16.5,-18.4803629304653
14,17.0,-20.997882259891977
14,17.5,-24.290131948034585
14,18.0,-28.872419715493542
14,18.5,-31.293323170483703
14,19.0,-26.61443446597363
14,19.5,-21.777040683986385
14,20.0,-18.22723039512527
14,20.5,-15.556112737245874
14,21.0,-13.317254572850436
14,21.5,-11.451804918885507
14,22.0,-9.883672304903865
14,22.5,-8.556374891105706
14,23.0,-7.471232670009806
14,23.5,-6.537857645848128
14,24.0,-5.774788261501879
14,24.5,-5.1746603822976525
14,25.0,-4.727494790773367
14,25.5,-4.438973862963372
14,26.0,-4.290804423230756
14,26.5,-4.294907759074344
14,27.0,-4.45275658978371
14,27.5,-4.78507150282993
14,28.0,-5.303120359265788
14,28.5,-6.035192661556161
14,29.0,-7.011430807787489
14,29.5,-8.241036298908757
14,30.0,-9.8640880271174
14,30.5,-11.897741158544443
14,31.0,-14.247596834824192
14,31.5,-16.08780818537993
14,32.0,-15.839118011401291
14,32.5,-13.759552027317506
14,33.0,-11.431446275913906
14,33.5,-9.52361387678772
14,34.0,-7.961082090049033
14,34.5,-6.742237790157303
14,35.0,-5.812422743133241
14,35.5,-5.120855474443665
14,36.0,-4.651133651705173
14,36.5,-4.352312405079538
14,37.0,-4.225059488195783
14,37.5,-4.259763149836071
14,38.0,-4.454522748645466
14,38.5,-4.808205346709357
14,39.0,-5.327874419241852
14,39.5,-6.017753511335696
14,40.0,-6.862665843263735
14,40.5,-7.930332761716306
14,41.0,-9.210505387732416
14,41.5,-10.717960010378274
14,42.0,-12.42811381046838
14,42.5,-14.172343867245996
14,43.0,-15.724377940921272
14,43.5,-16.48753118665598
14,44.0,-16.207206799324645
14,44.5,-15.248706143247231
14,45.0,-14.133853604624935
14,45.5,-13.132923382826853
14,46.0,-12.31995880079396
14,46.5,-11.711237145772245
14,47.0,-11.23981578106494
14,47.5,-10.888277705589156
14,48.0,-10.619056109573776
14,48.5,-10.391899829872628
14,49.0,-10.179107877983126
14,49.5,-9.940281735423946
14,50.0,-9.666796165224149
14,50.5,-9.365796012118269
14,51.0,-9.028188856259506
14,51.5,-8.680906956084874
14,52.0,-8.345255752011562
14,52.5,-8.041478172419575
14,53.0,-7.794627940868749
14,53.5,-7.603197768504731
14,54.0,-7.485102554676194
14,54.5,-7.449323621036572
14,55.0,-7.499122830308351
14,55.5,-7.633221758394161
14,56.0,-7.861256319770439
14,56.5,-8.178551685388177
14,57.0,-8.570285106060409
14,57.5,-9.055278319177068
14,58.0,-9.611249612646914
14,58.5,-10.22236099246144
14,59.0,-10.861104073000671
14,59.5,-11.470774707902162
14,60.0,-12.0396134453348
14,60.5,-12.493953055166967
14,61.0,-12.783262533723436
14,61.5,-12.88866370112131
14,62.0,-12.824089528327352
14,62.5,-12.626028646691433
14,63.0,-12.348616557342512
14,63.5,-12.050633355443216
14,64.0,-11.753117160940905
14,64.5,-11.49274451110542
14,65.0,-11.288526774478964
14,65.5,-11.149994835896196
14,66.0,-11.084706171550788
14,66.5,-11.090496638421689
14,67.0,-11.168168914460978
14,67.5,-11.314396750329
14,68.0,-11.51865927481424
14,68.5,-11.758433745533104
14,69.0,-12.025299227486256
14,69.5,-12.279246136775049
14,70.0,-12.473167225246902
14,70.5,-12.57423762567194
14,71.0,-12.539712737888964
14,71.5,-12.349886878559316
14,72.0,-12.018918794008435
14,72.5,-11.594333460500737
14,73.0,-11.096052682183515
14,73.5,-10.582645852990122
14,74.0,-10.09292153290436
14,74.5,-9.655162904167565
14,75.0,-9.300434014001675
14,75.5,-9.020532654106908
14,76.0,-8.836112938629066
14,76.5,-8.756649930990442
14,77.0,-8.782717781249067
14,77.5,-8.921316138749237
14,78.0,-9.178545269316087
14,78.5,-9.554335271299015
14,79.0,-10.032984317241311
14,79.5,-10.637017595792472
14,80.0,-11.330934479823268
14,80.5,-12.069532241870927
14,81.0,-12.765423289466248
14,81.5,-13.271361224813647
14,82.0,-13.469601094980906
14,82.5,-13.260199913933828
14,83.0,-12.70022150667493
14,83.5,-11.889070862855894
14,84.0,-10.985232266509527
14,84.5,-10.090059368591367
14,85.0,-9.259523007516416
14,85.5,-8.541120415700385
14,86.0,-7.898215209542879
14,86.5,-7.352824828220072
14,87.0,-6.902371200056349
14,87.5,-6.538786286479731
14,88.0,-6.264045705766201
14,88.5,-6.054271191657786
14,89.0,-5.911690388150257
14,89.5,-5.832768810555448
14,90.0,-5.806917690343827
14,90.5,-5.831520779594449
14,91.0,-5.902925151084521
14,91.5,-6.016267804072587
14,92.0,-6.16382602420832
14,92.5,-6.352543572975807
14,93.0,-6.576536659277242
14,93.5,-6.827727527095724
14,94.0,-7.122720416922327
14,94.5,-7.455708575568106
14,95.0,-7.830787490438757
14,95.5,-8.251549576299208
14,96.0,-8.70923147694933
14,96.5,-9.23930046227878
14,97.0,-9.83553893996462
14,97.5,-10.509261286589954
14,98.0,-11.270568043292084
14,98.5,-12.107107131980388
14,99.0,-13.088091667940583
14,99.5,-14.207374202495505
14,100.0,-15.117673274573152
15,0.0,-24.941669537735443
15,0.5,-24.85681893657082
15,1.0,-24.628133380616525
15,1.5,-24.285742729355142
15,2.0,-23.889528650322667
15,2.5,-23.486112840825584
15,3.0,-23.108516273821863
15,3.5,-22.784480908938956
15,4.0,-22.497966570210536
15,4.5,-22.25142470783944
15,5.0,-22.02718974982849
15,5.5,-21.79883874929696
15,6.0,-21.545290249261832
15,6.5,-21.224723907816315
15,7.0,-20.830763518094432
15,7.5,-20.379944361166373
15,8.0,-19.864197360294952
15,8.5,-19.32996759832751
15,9.0,-18.816119730586333
15,9.5,-18.360609802562173
15,10.0,-18.00946222359955
15,10.5,-17.7737632292083
15,11.0,-17.69676707323405
15,11.5,-17.819002882209077
15,12.0,-18.182962190573768
15,12.5,-18.83416123120041
15,13.0,-19.921684643096377
15,13.5,-21.621930584128453
15,14.0,-24.283310858143334
15,14.5,-29.44811255584631
15,15.0,-39.16766529559642
15,15.5,-29.97064712265461
15,16.0,-22.963567262816795
15,16.5,-19.0383201403154
15,17.0,-16.1628802724753
15,17.5,-13.950161259607198
15,18.0,-12.185241320197768
15,18.5,-10.742359728448871
15,19.0,-9.590389513993392
15,19.5,-8.614511966632675
15,20.0,-7.82308489504469
15,20.5,-7.216495897877737
15,21.0,-6.744346657240612
15,21.5,-6.417908995424953
15,22.0,-6.236005323819434
15,22.5,-6.194947740371068
15,23.0,-6.293972247935063
15,23.5,-6.545016783307837
15,24.0,-6.954553208518533
15,24.5,-7.540874153613801
15,25.0,-8.322035622102993
15,25.5,-9.29839873452362
15,26.0,-10.5768547352122
15,26.5,-12.193396076935336
15,27.0,-14.180521353466952
15,27.5,-16.766746037929494
15,28.0,-19.755516931228836
15,28.5,-21.647181059218184
15,29.0,-20.4386134336648
15,29.5,-17.873083713395456
15,30.0,-15.541946901686538
15,30.5,-13.755440218906148
15,31.0,-12.425048525218472
15,31.5,-11.439589957542175
15,32.0,-10.747473813733835
15,32.5,-10.251994552604964
15,33.0,-9.934766207213285
15,33.5,-9.76784470457768
15,34.0,-9.710318124076249
15,34.5,-9.738165589287338
15,35.0,-9.822643079159846
15,35.5,-9.93321542425788
15,36.0,-10.040426484154237
15,36.5,-10.131121514638206
15,37.0,-10.192564677927017
15,37.5,-10.226163503949822
15,38.0,-10.247591814970972
15,38.5,-10.276526779512244
15,39.0,-10.337471453071444
15,39.5,-10.452326758793872
15,40.0,-10.63328045755705
15,40.5,-10.90287454783845
15,41.0,-11.257126565997924
15,41.5,-11.68581230036175
15,42.0,-12.156944690100428
15,42.5,-12.602861475979749
15,43.0,-12.973655374633102
15,43.5,-13.17242449032499
15,44.0,-13.144900989616485
15,44.5,-12.894473131528358
15,45.0,-12.48659068171819
15,45.5,-12.012843104705924
15,46.0,-11.560925993858058
15,46.5,-11.205598556059416
15,47.0,-10.967674004895438
15,47.5,-10.884643302099564
15,48.0,-10.974745845485934
15,48.5,-11.237112228632837
15,49.0,-11.642393611681236
15,49.5,-12.160224671828727
15,50.0,-12.653136501804257
15,50.5,-12.898846544316507
15,51.0,-12.67071958704747
15,51.5,-11.877623105658085
15,52.0,-10.665919892296865
15,52.5,-9.290077102503371
15,53.0,-7.972215849983266
15,53.5,-6.724593620616169
15,54.0,-5.625089002512714
15,54.5,-4.686434084327575
15,55.0,-3.9034470834805184
15,55.5,-3.289628216124774
15,56.0,-2.8004180770856784
15,56.5,-2.449841227776816
15,57.0,-2.240748432463562
15,57.5,-2.158068146912964
15,58.0,-2.208188723197785
15,58.5,-2.395685646160812
15,59.0,-2.721788272339365
15,59.5,-3.1785047784949967
15,60.0,-3.803490622779379
15,60.5,-4.594482077801632
15,61.0,-5.570598444171441
15,61.5,-6.745982932845779
15,62.0,-8.09463950644179
15,62.5,-9.702285537290525
15,63.0,-11.474274802389884
15,63.5,-13.160467409929575
15,64.0,-14.412006150350631
15,64.5,-14.694041562867552
15,65.0,-14.051994198244442
15,65.5,-13.030261288097964
15,66.0,-12.06284670080256
15,66.5,-11.25422440410177
15,67.0,-10.671122057228317
15,67.5,-10.309442295326477
15,68.0,-10.141834008464157
15,68.5,-10.140358896845614
15,69.0,-10.271625636829786
15,69.5,-10.496014532077773
15,70.0,-10.757208528854234
15,70.5,-11.015607223130468
15,71.0,-11.209067119601292
15,71.5,-11.296384827498862
15,72.0,-11.270371264192294
15,72.5,-11.158326577091666
15,73.0,-11.001105310758271
15,73.5,-10.85741455090062
15,74.0,-10.781007121281265
15,74.5,-10.814814106105665
15,75.0,-10.98993630391888
15,75.5,-11.351098137087996
15,76.0,-11.927644216809732
15,76.5,-12.73638692912068
15,77.0,-13.885669957175796
15,77.5,-15.431660166943098
15,78.0,-17.498092467953516
15,78.5,-20.15484372137562
15,79.0,-22.82216823078605
15,79.5,-23.337925196423814
15,80.0,-20.93844567732891
15,80.5,-18.12508849456
15,81.0,-15.866156154074412
15,81.5,-14.19659941847982
15,82.0,-12.890425810649637
15,82.5,-11.905188587653678
15,83.0,-11.194489727333831
15,83.5,-10.660674825534237
15,84.0,-10.281592708178394
15,84.5,-10.016983953849229
15,85.0,-9.821175741029217
15,85.5,-9.655166612578494
15,86.0,-9.465059909062862
15,86.5,-9.220634060844002
15,87.0,-8.89947685061897
15,87.5,-8.501876519262966
15,88.0,-8.058424353706316
15,88.5,-7.569889497721421
15,89.0,-7.081478974090631
15,89.5,-6.635769426082482
15,90.0,-6.228294368412662
15,90.5,-5.889969864091603
15,91.0,-5.634428244708509
15,91.5,-5.467970849273406
15,92.0,-5.397819323215514
15,92.5,-5.4227714888166005
15,93.0,-5.546889687209786
15,93.5,-5.764388921209461
15,94.0,-6.089207944020488
15,94.5,-6.514244051747572
15,95.0,-7.040419401289481
15,95.5,-7.663520140084053
15,96.0,-8.358144049358343
15,96.5,-9.16173193620764
15,97.0,-10.043707367869976
15,97.5,-10.992483065863471
15,98.0,-11.989143315337042
15,98.5,-12.98053433042192
15,99.0,-14.001705699702446
15,99.5,-14.992235437243744
15,100.0,-15.677629899087847
16,0.0,-11.92840591383473
16,0.5,-11.765316785589174
16,1.0,-11.346229231409357
16,1.5,-10.771615646418416
16,2.0,-10.18150997797733
16,2.5,-9.6701536804249
16,3.0,-9.29155909182397
16,3.5,-9.082202791494906
16,4.0,-9.045086111726285
16,4.5,-9.194623895874807
16,5.0,-9.536207032820904
16,5.5,-10.05769317730026
16,6.0,-10.710243214205322
16,6.5,-11.463125785035418
16,7.0,-12.153879860264691
16,7.5,-12.553173083477672
16,8.0,-12.483001108979948
16,8.5,-11.90866902762114
16,9.0,-11.002183151729083
16,9.5,-9.99590127862341
16,10.0,-9.07365590391804
16,10.5,-8.258298682269206
16,11.0,-7.611412603329645
16,11.5,-7.147336391433407
16,12.0,-6.863815155254168
16,12.5,-6.762349447989243
16,13.0,-6.834180548488998
16,13.5,-7.079511699142811
16,14.0,-7.48052852519458
16,14.5,-8.050085910129013
16,15.0,-8.74813595759902
16,15.5,-9.516920246933534
16,16.0,-10.245368011687557
16,16.5,-10.756320974750253
16,17.0,-10.917303453158084
16,17.5,-10.654563931864493
16,18.0,-10.056546703410884
16,18.5,-9.30138766374256
16,19.0,-8.558722431103112
16,19.5,-7.873455347784041
16,20.0,-7.313062922014351
16,20.5,-6.9076369513132025
16,21.0,-6.634917632506789
16,21.5,-6.5029042249326485
16,22.0,-6.504413049149638
16,22.5,-6.622000381115676
16,23.0,-6.828493100443419
16,23.5,-7.107290096557613
16,24.0,-7.412716634413299
16,24.5,-7.694823563796848
16,25.0,-7.900978882206846
16,25.5,-7.985043043613544
16,26.0,-7.931846379894303
16,26.5,-7.749406172235753
16,27.0,-7.481662087408598
16,27.5,-7.159148192438305
16,28.0,-6.834161985597321
16,28.5,-6.541622868608089
16,29.0,-6.303027503075419
16,29.5,-6.134707489916997
16,30.0,-6.028530152629122
16,30.5,-5.985186292049926
16,31.0,-5.995561814237774
16,31.5,-6.044220873899492
16,32.0,-6.112452159246125
16,32.5,-6.187582534904236
16,33.0,-6.253627777300164
16,33.5,-6.301036291920478
16,34.0,-6.33275327421675
16,34.5,-6.355901532220716
16,35.0,-6.3868753058005
16,35.5,-6.446852690363262
16,36.0,-6.555955153849937
16,36.5,-6.745585620978382
16,37.0,-7.036423052198436
16,37.5,-7.439956852827814
16,38.0,-8.006729624169285
16,38.5,-8.751050606967803
16,39.0,-9.707310219700943
16,39.5,-10.902666901020746
16,40.0,-12.314804992495407
16,40.5,-14.003244698636651
16,41.0,-15.72188859307132
16,41.5,-16.876618696424508
16,42.0,-16.787541376310884
16,42.5,-15.63618335725741
16,43.0,-14.107955367947984
16,43.5,-12.708319200682306
16,44.0,-11.617009332985134
16,44.5,-10.78360846708152
16,45.0,-10.22790232211464
16,45.5,-9.93915229306096
16,46.0,-9.9025292577574
16,46.5,-10.110620173024335
16,47.0,-10.58447797615743
16,47.5,-11.33382997914696
16,48.0,-12.385612603558103
16,48.5,-13.741334396433157
16,49.0,-15.28277492094856
16,49.5,-16.769194499827787
16,50.0,-17.386671685933205
16,50.5,-16.61346716858228
16,51.0,-14.935968938914309
16,51.5,-13.14119151184907
16,52.0,-11.56714295118744
16,52.5,-10.275618429226713
16,53.0,-9.282874095821333
16,53.5,-8.497058728644625
16,54.0,-7.922127935904739
16,54.5,-7.540092560417378
16,55.0,-7.330652316690843
16,55.5,-7.283524560027402
16,56.0,-7.387478449431227
16,56.5,-7.638780374189204
16,57.0,-8.02268802583094
16,57.5,-8.562584479518947
16,58.0,-9.247674226766568
16,58.5,-10.083459425702967
16,59.0,-11.069418135767444
16,59.5,-12.170518247774222
16,60.0,-13.444005053376756
16,60.5,-14.815462784875283
16,61.0,-16.178004284272937
16,61.5,-17.31130661595557
16,62.0,-17.888199549633207
16,62.5,-17.7451605980773
16,63.0,-16.980968087737715
16,63.5,-15.927063381478678
16,64.0,-14.764645032154151
16,64.5,-13.652258898315283
16,65.0,-12.64202405311856
16,65.5,-11.746187242409295
16,66.0,-10.98876948503925
16,66.5,-10.31810812539333
16,67.0,-9.752223935931951
16,67.5,-9.286809277426874
16,68.0,-8.912807628032944
16,68.5,-8.630855671242497
16,69.0,-8.41314023574742
16,69.5,-8.256008730497163
16,70.0,-8.147684508386888
16,70.5,-8.063470600343306
16,71.0,-7.987706832523214
16,71.5,-7.901673444853513
16,72.0,-7.790988444487206
16,72.5,-7.652626060852581
16,73.0,-7.479724587750919
16,73.5,-7.287569619843442
16,74.0,-7.094705654322627
16,74.5,-6.924181894419489
16,75.0,-6.804088667273055
16,75.5,-6.751470501635133
16,76.0,-6.793514930137802
16,76.5,-6.948550325032613
16,77.0,-7.250918593091195
16,77.5,-7.723368335512021
16,78.0,-8.404877945904474
16,78.5,-9.338117904365674
16,79.0,-10.551713791882015
16,79.5,-12.224487824665536
16,80.0,-14.473667569500783
16,80.5,-17.48443683060243
16,81.0,-20.66713215529944
16,81.5,-20.74042786575208
16,82.0,-17.52415782176999
16,82.5,-14.38568890314908
16,83.0,-12.080498153546529
16,83.5,-10.306619069404476
16,84.0,-8.982626617635942
16,84.5,-8.016620927823379
16,85.0,-7.340749307360278
16,85.5,-6.931608102187245
16,86.0,-6.742464106501151
16,86.5,-6.776030764647489
16,87.0,-7.034636234672186
16,87.5,-7.517143886749045
16,88.0,-8.2065720034228
16,88.5,-9.140983232024125
16,89.0,-10.255863420553162
16,89.5,-11.37035061109631
16,90.0,-12.206623560741711
16,90.5,-12.271656830782824
16,91.0,-11.417825011118762
16,91.5,-10.035773341771044
16,92.0,-8.59331802861516
16,92.5,-7.223165927078546
16,93.0,-6.041400909441081
16,93.5,-5.08666282559928
16,94.0,-4.2870461128310895
16,94.5,-3.655338381386205
16,95.0,-3.1774733070950263
16,95.5,-2.8346311948750373
16,96.0,-2.619294288982307
16,96.5,-2.5042402837085507
16,97.0,-2.4826720968462843
16,97.5,-2.541884488232077
16,98.0,-2.6649431292458954
16,98.5,-2.830558979654482
16,99.0,-3.032212332381955
16,99.5,-3.248846296762768
16,100.0,-3.408210557059522
17,0.0,-10.705321981554464
17,0.5,-10.79682701789
17,1.0,-11.064690049981127
17,1.5,-11.535732452242284
17,2.0,-12.218023364954975
17,2.5,-13.14033381708678
17,3.0,-14.32644184474518
17,3.5,-15.749719882125568
17,4.0,-17.44467264728243
17,4.5,-19.05522729626904
17,5.0,-19.761540142357607
17,5.5,-18.952500584158525
17,6.0,-17.225989457906977
17,6.5,-15.306567899763328
17,7.0,-13.59206502168125
17,7.5,-12.189668237602296
17,8.0,-10.992154421143448
17,8.5,-10.009699126804788
17,9.0,-9.214602515119196
17,9.5,-8.577133618767661
17,10.0,-8.09156110336933
17,10.5,-7.709705493141337
17,11.0,-7.431242733553157
17,11.5,-7.243203835793569
17,12.0,-7.129014462008169
17,12.5,-7.075098552567122
17,13.0,-7.061401041547135
17,13.5,-7.071990558423789
17,14.0,-7.088165060637456
17,14.5,-7.093220669859345
17,15.0,-7.071920560330364
17,15.5,-7.013543693340523
17,16.0,-6.9155128027904205
17,16.5,-6.785674551730281
17,17.0,-6.626010275898926
17,17.5,-6.454754878392473
17,18.0,-6.288409586001088
17,18.5,-6.143363251826202
17,19.0,-6.038002374546469
17,19.5,-5.979356750757995
17,20.0,-5.982437577281695
17,20.5,-6.055334275800956
17,21.0,-6.212248541304739
17,21.5,-6.460115275260217
17,22.0,-6.810695724560248
17,22.5,-7.272677921938323
17,23.0,-7.8406430510487155
17,23.5,-8.565194245870778
17,24.0,-9.446735444417651
17,24.5,-10.510865880984705
17,25.0,-11.777272983050745
17,25.5,-13.215360201496628
17,26.0,-14.8840224994699
17,26.5,-16.559086997142618
17,27.0,-17.70989827973415
17,27.5,-17.751620836057384
17,28.0,-16.651211973486316
17,28.5,-15.052489664035932
17,29.0,-13.460279970394245
17,29.5,-12.08903737056719
17,30.0,-10.880052114187864
17,30.5,-9.859517038456106
17,31.0,-9.005871398622908
17,31.5,-8.292882944753892
17,32.0,-7.720031713706776
17,32.5,-7.236956284914269
17,33.0,-6.850766146746125
17,33.5,-6.5626301404043845
17,34.0,-6.349161593757481
17,34.5,-6.216262834221469
17,35.0,-6.164375599187452
17,35.5,-6.192494628287281
17,36.0,-6.29953270769275
17,36.5,-6.496076988248928
17,37.0,-6.784160707327732
17,37.5,-7.158912136701378
17,38.0,-7.652029792736791
17,38.5,-8.26077280070698
17,39.0,-8.996256301792059
17,39.5,-9.860634898994409
17,40.0,-10.817036799403333
17,40.5,-11.888855728580705
17,41.0,-12.949844460366275
17,41.5,-13.8003231101396
17,42.0,-14.18049981130984
17,42.5,-13.940299358398972
17,43.0,-13.168704009874068
17,43.5,-12.133028156064654
17,44.0,-11.088421327841017
17,44.5,-10.09477706377387
17,45.0,-9.237261841834153
17,45.5,-8.536726728470043
17,46.0,-7.993100441890226
17,46.5,-7.616624222874007
17,47.0,-7.382126912902087
17,47.5,-7.301689728685728
17,48.0,-7.381976635728924
17,48.5,-7.627325455759568
17,49.0,-8.037609956861452
17,49.5,-8.658609099268375
17,50.0,-9.507500118560117
17,50.5,-10.595284605739591
17,51.0,-12.05931952523016
17,51.5,-13.96800829494523
17,52.0,-16.4640587129788
17,52.5,-19.475600413757267
17,53.0,-21.4828499571805
17,53.5,-20.11929216775047
17,54.0,-17.12412743895961
17,54.5,-14.514518187847372
17,55.0,-12.505938255799528
17,55.5,-11.021950357058822
17,56.0,-9.857769059413798
17,56.5,-8.98505500671625
17,57.0,-8.373095559789324
17,57.5,-7.949142874110835
17,58.0,-7.70792229613913
17,58.5,-7.63313692309864
17,59.0,-7.703081598953408
17,59.5,-7.890864719178137
17,60.0,-8.178591030551232
17,60.5,-8.516795429707768
17,61.0,-8.840794411202964
17,61.5,-9.067807806464025
17,62.0,-9.112920374665336
17,62.5,-8.925538065682941
17,63.0,-8.509674483888123
17,63.5,-7.942144799234899
17,64.0,-7.271181528172832
17,64.5,-6.590034501891273
17,65.0,-5.955693875858889
17,65.5,-5.403082709049935
17,66.0,-4.966738456146486
17,66.5,-4.63164704399059
17,67.0,-4.41875288677397
17,67.5,-4.335984637220237
17,68.0,-4.385700547632435
17,68.5,-4.567868956028166
17,69.0,-4.90125134778788
17,69.5,-5.389675635628117
17,70.0,-6.02550636463504
17,70.5,-6.863775836587003
17,71.0,-7.901291852529611
17,71.5,-9.155586900702602
17,72.0,-10.61447679629347
17,72.5,-12.153794733127867
17,73.0,-13.619389240238634
17,73.5,-14.482842140669366
17,74.0,-14.333233061938602
17,74.5,-13.396329980080615
17,75.0,-12.225915536468008
17,75.5,-11.094751850338344
17,76.0,-10.168251873101068
17,76.5,-9.498206437185786
17,77.0,-9.041135455393112
17,77.5,-8.810040741033283
17,78.0,-8.804196417791314
17,78.5,-9.02012627419808
17,79.0,-9.4535498540065
17,79.5,-10.152123246513518
17,80.0,-11.13848723609442
17,80.5,-12.48293918835589
17,81.0,-14.290120576220902
17,81.5,-16.697875485808378
17,82.0,-20.35843848585712
17,82.5,-26.83666713167672
17,83.0,-35.66946934278059
17,83.5,-26.372416801314674
17,84.0,-20.818223282031724
17,84.5,-17.82743693877933
17,85.0,-15.930975709124697
17,85.5,-14.726113296782469
17,86.0,-13.935685977173796
17,86.5,-13.4856727578839
17,87.0,-13.299828300163366
17,87.5,-13.292665609417716
17,88.0,-13.361064285995042
17,88.5,-13.370058205096797
17,89.0,-13.160731838789838
17,89.5,-12.636988028476258
17,90.0,-11.767505151271704
17,90.5,-10.6753803124635
17,91.0,-9.49631274227444
17,91.5,-8.338566046260315
17,92.0,-7.296572700680367
17,92.5,-6.33553413149929
17,93.0,-5.499136687165032
17,93.5,-4.8105149900329005
17,94.0,-4.223743316883076
17,94.5,-3.7557351806194377
17,95.0,-3.4036934087589965
17,95.5,-3.16034518401349
17,96.0,-3.025410924426557
17,96.5,-2.986306406406317
17,97.0,-3.043479142729255
17,97.5,-3.1951432355361917
17,98.0,-3.4356378268781875
17,98.5,-3.750970891630746
17,99.0,-4.155756721217596
17,99.5,-4.633639758647572
17,100.0,-5.021154038586229
18,0.0,-33.82109322509731
18,0.5,-33.69946090893203
18,1.0,-33.44008203288034
18,1.5,-33.24113369404484
18,2.0,-33.32593668494831
18,2.5,-33.88560573271587
18,3.0,-35.01372013799989
18,3.5,-36.33472628039775
18,4.0,-36.17905411110279
18,4.5,-33.24401048331237
18,5.0,-29.44557524990944
18,5.5,-26.08731520602051
18,6.0,-23.36292366399548
18,6.5,-20.99973090215615
18,7.0,-18.98858132948036
18,7.5,-17.313173964136286
18,8.0,-15.8193413267284
18,8.5,-14.524315654764154
18,9.0,-13.405248319372372
18,9.5,-12.438691183012082
18,10.0,-11.634654664306629
18,10.5,-10.93088901283082
18,11.0,-10.343193928005473
18,11.5,-9.866271842805068
18,12.0,-9.491954764255295
18,12.5,-9.22400936163055
18,13.0,-9.042074635283235
18,13.5,-8.951854673949116
18,14.0,-8.951441021738914
18,14.5,-9.039497178755076
18,15.0,-9.215225867016166
18,15.5,-9.479857662037531
18,16.0,-9.831013516137162
18,16.5,-10.254298576904176
18,17.0,-10.773512347577777
18,17.5,-11.36996627820628
18,18.0,-12.03435223158294
18,18.5,-12.746348233526064
18,19.0,-13.453222284478898
18,19.5,-14.152886312103467
18,20.0,-14.764414530400169
18,20.5,-15.21286735612067
18,21.0,-15.483848160312952
18,21.5,-15.561151243279587
18,22.0,-15.482992066674107
18,22.5,-15.320278225096878
18,23.0,-15.148763465445624
18,23.5,-15.01825121097573
18,24.0,-14.978981802880964
18,24.5,-15.065647132290124
18,25.0,-15.296443021563109
18,25.5,-15.66747961982307
18,26.0,-16.187778888299675
18,26.5,-16.78778636436233
18,27.0,-17.31202282906332
18,27.5,-17.5461136224644
18,28.0,-17.217720494333914
18,28.5,-16.26087904752199
18,29.0,-14.896170385751647
18,29.5,-13.43598343440235
18,30.0,-11.96878616425367
18,30.5,-10.622742337773136
18,31.0,-9.430100370542636
18,31.5,-8.392462263068001
18,32.0,-7.532180844680499
18,32.5,-6.788391171802696
18,33.0,-6.1812413976522365
18,33.5,-5.719723838993236
18,34.0,-5.371227453238689
18,34.5,-5.148354761335081
18,35.0,-5.053883355492239
18,35.5,-5.087720393187966
18,36.0,-5.249825525090101
18,36.5,-5.558675147882588
18,37.0,-6.0216071979147285
18,37.5,-6.637536287111951
18,38.0,-7.4721800447182
18,38.5,-8.546805326864746
18,39.0,-9.93276366992493
18,39.5,-11.73437915634775
18,40.0,-14.084148905510215
18,40.5,-17.607538331225438
18,41.0,-23.819005692530705
18,41.5,-35.770483230791505
18,42.0,-24.28148069305374
18,42.5,-18.292807820731543
18,43.0,-14.93135411713525
18,43.5,-12.706030995630494
18,44.0,-11.172725964809503
18,44.5,-10.02017948614881
18,45.0,-9.186262888627947
18,45.5,-8.611482474313263
18,46.0,-8.250853201692749
18,46.5,-8.08466228140209
18,47.0,-8.086281134914373
18,47.5,-8.250659562158676
18,48.0,-8.574062277152386
18,48.5,-9.047526396326717
18,49.0,-9.644526109737084
18,49.5,-10.38635289903188
18,50.0,-11.220595926738598
18,50.5,-12.054109924502924
18,51.0,-12.819995520768035
18,51.5,-13.331489502495156
18,52.0,-13.438878457101314
18,52.5,-13.12744210964012
18,53.0,-12.528796508225383
18,53.5,-11.770880016458063
18,54.0,-11.003944363605395
18,54.5,-10.30993249768929
18,55.0,-9.728078349327747
18,55.5,-9.28991113846164
18,56.0,-8.975417141095496
18,56.5,-8.801467765261204
18,57.0,-8.771583850178658
18,57.5,-8.887885341115172
18,58.0,-9.157851900550284
18,58.5,-9.595282336597307
18,59.0,-10.212362867083854
18,59.5,-11.006221082964943
18,60.0,-12.057552777713202
18,60.5,-13.382453431478272
18,61.0,-15.036018518633826
18,61.5,-17.036825196811687
18,62.0,-19.177681811258687
18,62.5,-20.86247630149824
18,63.0,-20.818651793281614
18,63.5,-19.24661942970716
18,64.0,-17.293138664223576
18,64.5,-15.605224583929484
18,65.0,-14.293045644058862
18,65.5,-13.322434695881668
18,66.0,-12.674347731894697
18,66.5,-12.278634282091744
18,67.0,-12.138952042339788
18,67.5,-12.255425794904076
18,68.0,-12.62884251774092
18,68.5,-13.255298434757938
18,69.0,-14.196621205867798
18,69.5,-15.447973569000467
18,70.0,-16.915868981623888
18,70.5,-18.403376942081344
18,71.0,-19.111443529976995
18,71.5,-18.328142847150687
18,72.0,-16.54192261145567
18,72.5,-14.645707411830712
18,73.0,-12.905337674519084
18,73.5,-11.456864621959442
18,74.0,-10.292179861977448
18,74.5,-9.37518783383149
18,75.0,-8.699824757009903
18,75.5,-8.202812916473201
18,76.0,-7.89071581559082
18,76.5,-7.758404315083189
18,77.0,-7.7928703815222
18,77.5,-7.997708608817093
18,78.0,-8.379887626938455
18,78.5,-8.943220053853072
18,79.0,-9.67590702972836
18,79.5,-10.638390694445512
18,80.0,-11.823170035428175
18,80.5,-13.243175764702771
18,81.0,-14.869414736469476
18,81.5,-16.53029066500907
18,82.0,-17.99967774083472
18,82.5,-18.724802766091567
18,83.0,-18.49811564366466
18,83.5,-17.678549456186474
18,84.0,-16.759253880714457
18,84.5,-16.010587055295986
18,85.0,-15.52139988120635
18,85.5,-15.316765505796589
18,86.0,-15.377621956611089
18,86.5,-15.691086895667892
18,87.0,-16.21997376571064
18,87.5,-16.869130349048824
18,88.0,-17.441887413042046
18,88.5,-17.698084908179705
18,89.0,-17.392193683303756
18,89.5,-16.570622712080567
18,90.0,-15.429497159415716
18,90.5,-14.245247016388598
18,91.0,-13.171818756795476
18,91.5,-12.273805972974436
18,92.0,-11.594682525371068
18,92.5,-11.096492397703852
18,93.0,-10.799257006600993
18,93.5,-10.704403945701696
18,94.0,-10.806139577352956
18,94.5,-11.10952620239039
18,95.0,-11.621536266022138
18,95.5,-12.33729977059318
18,96.0,-13.214974970716764
18,96.5,-14.256740222800392
18,97.0,-15.302152725920072
18,97.5,-16.087662534427377
18,98.0,-16.31392370037693
18,98.5,-15.898601346397156
18,99.0,-15.03643993304374
18,99.5,-14.048384289495589
18,100.0,-13.370426307584609
19,0.0,-30.14902455750199
19,0.5,-26.214470949840017
19,1.0,-21.77750684278727
19,1.5,-18.766334434220585
19,2.0,-16.723566735314286
19,2.5,-15.325737429992508
19,3.0,-14.392621840919515
19,3.5,-13.855548714806428
19,4.0,-13.63779862934973
19,4.5,-13.742024202745531
19,5.0,-14.184962114206954
19,5.5,-14.997017536308537
19,6.0,-16.21531590921806
19,6.5,-18.06119202874339
19,7.0,-20.77338623595909
19,7.5,-24.705978212205604
19,8.0,-28.85352132055096
19,8.5,-26.385626188589864
19,9.0,-21.77937487769417
19,9.5,-18.60708785721968
19,10.0,-16.519346457156022
19,10.5,-15.04103542413687
19,11.0,-14.067285833179778
19,11.5,-13.522431517550302
19,12.0,-13.365790302700168
19,12.5,-13.59830908426876
19,13.0,-14.28804001648136
19,13.5,-15.551145989699023
19,14.0,-17.595897580120585
19,14.5,-21.27149423232776
19,15.0,-28.72157516027037
19,15.5,-28.43996491120903
19,16.0,-19.87388719535361
19,16.5,-15.257518328276834
19,17.0,-12.058790865512153
19,17.5,-9.676882862238884
19,18.0,-7.819976276383454
19,18.5,-6.327143986784739
19,19.0,-5.150968511412003
19,19.5,-4.164836684256889
19,20.0,-3.371105346650153
19,20.5,-2.765102702671625
19,21.0,-2.2922444093958774
19,21.5,-1.95999298651523
19,22.0,-1.7631328119640457
19,22.5,-1.6939665784380549
19,23.0,-1.7483151561854335
19,23.5,-1.9292936463563977
19,24.0,-2.237080410845672
19,24.5,-2.678563594848012
19,25.0,-3.2578858775944144
19,25.5,-3.962784198064714
19,26.0,-4.8510789981513
19,26.5,-5.919080597091715
19,27.0,-7.1524333071700745
19,27.5,-8.65935472987922
19,28.0,-10.43536580427841
19,28.5,-12.505034208896628
19,29.0,-14.786748118174362
19,29.5,-16.823164057209304
19,30.0,-17.84101352036415
19,30.5,-17.311107173917645
19,31.0,-15.966726943440202
19,31.5,-14.606759855217753
19,32.0,-13.531618559637346
19,32.5,-12.704784407536753
19,33.0,-12.128720433504492
19,33.5,-11.774409025542331
19,34.0,-11.581137520217228
19,34.5,-11.524774981802876
19,35.0,-11.572913274435953
19,35.5,-11.68886913330412
19,36.0,-11.833787129431094
19,36.5,-11.98316711450696
19,37.0,-12.103856383438073
19,37.5,-12.173209094333028
19,38.0,-12.185883333377689
19,38.5,-12.141136819740415
19,39.0,-12.047516927470122
19,39.5,-11.918928724238787
19,40.0,-11.771702903590173
19,40.5,-11.604643741652737
19,41.0,-11.42546409318734
19,41.5,-11.23289385991528
19,42.0,-11.023807468624518
19,42.5,-10.801682519014664
19,43.0,-10.551175016465193
19,43.5,-10.281277403100084
19,44.0,-10.006524495778985
19,44.5,-9.719230998478606
19,45.0,-9.439486626555109
19,45.5,-9.180097218065027
19,46.0,-8.952498867659104
19,46.5,-8.772563722181266
19,47.0,-8.637533705863417
19,47.5,-8.55933460384486
19,48.0,-8.543528940599181
19,48.5,-8.591163331904406
19,49.0,-8.69917525583485
19,49.5,-8.872633793481954
19,50.0,-9.10443665362718
19,50.5,-9.380031372105348
19,51.0,-9.708152996295205
19,51.5,-10.069311076168624
19,52.0,-10.450441698079189
19,52.5,-10.835828284516936
19,53.0,-11.198349829741
19,53.5,-11.545644430824415
19,54.0,-11.85460232516628
19,54.5,-12.117237281569029
19,55.0,-12.333320361953344
19,55.5,-12.502097997468134
19,56.0,-12.643243887002116
19,56.5,-12.763276086858289
19,57.0,-12.871859873429871
19,57.5,-12.989362793856426
19,58.0,-13.125774913115672
19,58.5,-13.295605533885654
19,59.0,-13.5128343496917
19,59.5,-13.784808436840644
19,60.0,-14.146550920211936
19,60.5,-14.609254861791646
19,61.0,-15.19626616189808
19,61.5,-15.922795037986225
19,62.0,-16.765318160333464
19,62.5,-17.733383815655763
19,63.0,-18.647478084507668
19,63.5,-19.157164880000032
19,64.0,-18.888434666951277
19,64.5,-17.765774568249583
19,65.0,-16.14636780819305
19,65.5,-14.42955240551041
19,66.0,-12.865398214069158
19,66.5,-11.42754634365042
19,67.0,-10.178265595148355
19,67.5,-9.115396829510884
19,68.0,-8.224695397275271
19,68.5,-7.518527770117759
19,69.0,-6.945305473855543
19,69.5,-6.522603765353007
19,70.0,-6.25719639948876
19,70.5,-6.13419680366899
19,71.0,-6.167148307726634
19,71.5,-6.369123008210888
19,72.0,-6.752046978741616
19,72.5,-7.320807511333433
19,73.0,-8.145177998044955
19,73.5,-9.257803076138368
19,74.0,-10.743400487481225
19,74.5,-12.707151352718098
19,75.0,-15.18717197078804
19,75.5,-18.06385691255249
19,76.0,-19.203176137999208
19,76.5,-17.065557160841237
19,77.0,-14.017634708334828
19,77.5,-11.486023058580184
19,78.0,-9.532342000050924
19,78.5,-8.018797541220485
19,79.0,-6.882302629249439
19,79.5,-5.985091225290119
19,80.0,-5.319671107608047
19,80.5,-4.861672877003513
19,81.0,-4.5887944980515565
19,81.5,-4.493581152497557
19,82.0,-4.565496955425636
19,82.5,-4.808219697685561
19,83.0,-5.214822565775316
19,83.5,-5.8222763241810975
19,84.0,-6.635837213749938
19,84.5,-7.686545885644168
19,85.0,-9.00484683172748
19,85.5,-10.5811066190011
19,86.0,-12.532362542366362
19,86.5,-14.691815233129756
19,87.0,-16.46251655236056
19,87.5,-16.76627874338287
19,88.0,-15.541478769802117
19,88.5,-13.785346761058562
19,89.0,-12.201805221026037
19,89.5,-10.987714969730554
19,90.0,-10.060398248791676
19,90.5,-9.42223628636464
19,91.0,-9.046528154588042
19,91.5,-8.90578855387936
19,92.0,-8.985012713389377
19,92.5,-9.285113418856517
19,93.0,-9.80799790594569
19,93.5,-10.544138037396436
19,94.0,-11.564979228978356
19,94.5,-12.88901795835895
19,95.0,-14.592611345730967
19,95.5,-16.783638379392542
19,96.0,-19.5763356928062
19,96.5,-23.51439310587028
19,97.0,-28.67067833672956
19,97.5,-30.4634033716262
19,98.0,-26.873577713005503
19,98.5,-24.02301948301998
19,99.0,-22.35648722920144
19,99.5,-21.572980144155824
19,100.0,-21.40735234676303
20,0.0,-14.016690282964335
20,0.5,-14.042609539007836
20,1.0,-14.118662586414024
20,1.5,-14.252929129712385
20,2.0,-14.44818212483578
20,2.5,-14.712877673287192
20,3.0,-15.054198566672998
20,3.5,-15.468516645954606
20,4.0,-15.99083866608704
20,4.5,-16.614330634409036
20,5.0,-17.338906238975966
20,5.5,-18.14134254515627
20,6.0,-18.938192559958104
20,6.5,-19.65690202228584
20,7.0,-20.088541390277143
20,7.5,-20.06082174162253
20,8.0,-19.54183143082123
20,8.5,-18.677997353049918
20,9.0,-17.673763940878658
20,9.5,-16.691609692584432
20,10.0,-15.848741991945362
20,10.5,-15.139584031492191
20,11.0,-14.614994876979978
20,11.5,-14.296560101419008
20,12.0,-14.198938722802522
20,12.5,-14.343795073821909
20,13.0,-14.781941777336574
20,13.5,-15.576478871540846
20,14.0,-16.805337886619625
20,14.5,-18.76540264539641
20,15.0,-21.84498880671707
20,15.5,-26.370019850708022
20,16.0,-26.68020737847092
20,16.5,-21.301762104585475
20,17.0,-16.88452805694389
20,17.5,-13.705259017060026
20,18.0,-11.28584906181406
20,18.5,-9.355211172075068
20,19.0,-7.825964820814893
20,19.5,-6.522106593884446
20,20.0,-5.4418849404718665
20,20.5,-4.579646515987754
20,21.0,-3.859301165044572
20,21.5,-3.2931399617278463
20,22.0,-2.8745052126698463
20,22.5,-2.594965121576977
20,23.0,-2.4569211193667293
20,23.5,-2.453163827769288
20,24.0,-2.5929033586046204
20,24.5,-2.888395078741926
20,25.0,-3.3510140000801147
20,25.5,-3.9826099376009294
20,26.0,-4.855713022854789
20,26.5,-6.000709210377803
20,27.0,-7.452279371436527
20,27.5,-9.440063129905644
20,28.0,-12.169288006130666
20,28.5,-16.10735586094002
20,29.0,-20.55660985461073
20,29.5,-19.114583934877714
20,30.0,-14.426227472431464
20,30.5,-10.984557347033478
20,31.0,-8.563068881485838
20,31.5,-6.7685397311809865
20,32.0,-5.444826952943171
20,32.5,-4.396998661180447
20,33.0,-3.6002868740527685
20,33.5,-3.030564350871775
20,34.0,-2.6245957798955537
20,34.5,-2.3825340916139828
20,35.0,-2.2963789152066854
20,35.5,-2.3571322110024586
20,36.0,-2.557151850030269
20,36.5,-2.9117946465777296
20,37.0,-3.4221373595995823
20,37.5,-4.08025936680994
20,38.0,-4.947250860866472
20,38.5,-6.031953919231152
20,39.0,-7.384042526865243
20,39.5,-9.063621222826509
20,40.0,-11.0980404887722
20,40.5,-13.707440004715943
20,41.0,-16.65901994689299
20,41.5,-18.43652991123893
20,42.0,-17.208092194989586
20,42.5,-14.69968302624203
20,43.0,-12.402690344939094
20,43.5,-10.622718123951364
20,44.0,-9.315563061430646
20,44.5,-8.305819495975562
20,45.0,-7.568621799726479
20,45.5,-7.063972993654009
20,46.0,-6.757883616088391
20,46.5,-6.6357633714207385
20,47.0,-6.679040501425825
20,47.5,-6.886718884023329
20,48.0,-7.262342502133265
20,48.5,-7.80721937055961
20,49.0,-8.507878607716131
20,49.5,-9.419155728233465
20,50.0,-10.528415521553002
20,50.5,-11.792166544932073
20,51.0,-13.239253065988592
20,51.5,-14.66464959785398
20,52.0,-15.692495260662614
20,52.5,-15.899609187611867
20,53.0,-15.26409092657364
20,53.5,-14.15099639097502
20,54.0,-12.974638322714648
20,54.5,-11.936241355112838
20,55.0,-11.09849883928293
20,55.5,-10.491381127933131
20,56.0,-10.071695009735247
20,56.5,-9.851081255859388
20,57.0,-9.825842169852711
20,57.5,-9.994752815797272
20,58.0,-10.364970518562387
20,58.5,-10.954909610946531
20,59.0,-11.783985205817917
20,59.5,-12.855298413919572
20,60.0,-14.291282436499229
20,60.5,-16.134150116383683
20,61.0,-18.46654721898865
20,61.5,-21.13873565550452
20,62.0,-22.95166893179996
20,62.5,-22.20671578309092
20,63.0,-19.847969860976992
20,63.5,-17.631703773053367
20,64.0,-15.823226336936855
20,64.5,-14.452151316392214
20,65.0,-13.441607697888372
20,65.5,-12.717899189271776
20,66.0,-12.249074262230234
20,66.5,-11.97211096244784
20,67.0,-11.877128821494331
20,67.5,-11.947750793652832
20,68.0,-12.16340360683738
20,68.5,-12.496630779376536
20,69.0,-12.948476025843252
20,69.5,-13.484314142986864
20,70.0,-14.055721821298487
20,70.5,-14.66093328803897
20,71.0,-15.242426016853278
20,71.5,-15.764246884539496
20,72.0,-16.209198549046977
20,72.5,-16.571802234577476
20,73.0,-16.90479500816505
20,73.5,-17.24224531299853
20,74.0,-17.636804153603762
20,74.5,-18.136531361506258
20,75.0,-18.764418635019226
20,75.5,-19.595496324415624
20,76.0,-20.634658323991868
20,76.5,-21.84621992978862
20,77.0,-23.251525138074363
20,77.5,-24.63669614730429
20,78.0,-25.641088800034368
20,78.5,-25.92691578320172
20,79.0,-25.553490139362868
20,79.5,-24.903018218059945
20,80.0,-24.358653781807188
20,80.5,-24.142405239063887
20,81.0,-24.37248882780844
20,81.5,-25.13380579874
20,82.0,-26.595487876512333
20,82.5,-28.674409415885016
20,83.0,-29.938657370326244
20,83.5,-27.913056099435387
20,84.0,-24.213298710952195
20,84.5,-20.916788585682596
20,85.0,-18.26367741537488
20,85.5,-16.19298119379688
20,86.0,-14.457707044746726
20,86.5,-13.043420033275735
20,87.0,-11.902164063771949
20,87.5,-10.99280720977372
20,88.0,-10.313213785875922
20,88.5,-9.805619901336671
20,89.0,-9.48252734143076
20,89.5,-9.344636393640652
20,90.0,-9.38433157686942
20,90.5,-9.611198676853675
20,91.0,-10.038601152517264
20,91.5,-10.674696463066828
20,92.0,-11.504325245098151
20,92.5,-12.576121293767676
20,93.0,-13.811316970357728
20,93.5,-14.989903014330633
20,94.0,-15.770849532389445
20,94.5,-15.655404202828937
20,95.0,-14.631468728630503
20,95.5,-13.18706494003245
20,96.0,-11.769391602316835
20,96.5,-10.47092784485255
20,97.0,-9.38499253999384
20,97.5,-8.51713356864947
20,98.0,-7.850545511999809
20,98.5,-7.38618189274846
20,99.0,-7.083795388070536
20,99.5,-6.950307086643382
20,100.0,-6.953662462974112
21,0.0,-23.196424899970467
21,0.5,-21.97825315666004
21,1.0,-19.70027636797428
21,1.5,-17.558205355302018
21,2.0,-15.89756333601978
21,2.5,-14.691905772609474
21,3.0,-13.86500499937468
21,3.5,-13.38101886974358
21,4.0,-13.174451093018655
21,4.5,-13.235960600815412
21,5.0,-13.547408653742998
21,5.5,-14.068270332735676
21,6.0,-14.70623093861919
21,6.5,-15.350245174636598
21,7.0,-15.735829085106324
21,7.5,-15.617717968241946
21,8.0,-14.937919278759448
21,8.5,-13.89875508984929
21,9.0,-12.76151776609187
21,9.5,-11.707359808538554
21,10.0,-10.850005918871982
21,10.5,-10.172400693868187
21,11.0,-9.715569323162246
21,11.5,-9.49228656094941
21,12.0,-9.507001837974023
21,12.5,-9.764846711562427
21,13.0,-10.299662779155945
21,13.5,-11.118648420350675
21,14.0,-12.175318131211291
21,14.5,-13.402836597023494
21,15.0,-14.32928793605452
21,15.5,-14.188694834658412
21,16.0,-12.792687658057506
21,16.5,-10.848640250881273
21,17.0,-8.839049491895077
21,17.5,-7.046957508539388
21,18.0,-5.515875149332743
21,18.5,-4.223356520281329
21,19.0,-3.1752542338996363
21,19.5,-2.281077490351405
21,20.0,-1.553651144682901
21,20.5,-0.9949454905141086
21,21.0,-0.5581471857899943
21,21.5,-0.2520850363369713
21,22.0,-0.0731114381288342
21,22.5,-0.0146795685826934
21,23.0,-0.0729273386725731
21,23.5,-0.2512183137707934
21,24.0,-0.5491950967307319
21,24.5,-0.9726777720791058
21,25.0,-1.5244352762480495
21,25.5,-2.1909897310718134
21,26.0,-3.023891537978159
21,26.5,-4.014547970918472
21,27.0,-5.141997814506611
21,27.5,-6.4910607657039705
21,28.0,-8.033285071168937
21,28.5,-9.750078447237668
21,29.0,-11.533562568028314
21,29.5,-13.061767849757317
21,30.0,-13.97807102747757
21,30.5,-13.973802915479428
21,31.0,-13.293701732215366
21,31.5,-12.405594702705974
21,32.0,-11.61378488714696
21,32.5,-10.977150054369996
21,33.0,-10.54489740144907
21,33.5,-10.31984900225514
21,34.0,-10.275752971587666
21,34.5,-10.40721114758351
21,35.0,-10.70671691055521
21,35.5,-11.162096944027368
21,36.0,-11.748076030667796
21,36.5,-12.495479419553622
21,37.0,-13.38115360932249
21,37.5,-14.370097181506484
21,38.0,-15.521174548264597
21,38.5,-16.803137193528553
21,39.0,-18.223542854090027
21,39.5,-19.79220217582304
21,40.0,-21.47386109172318
21,40.5,-23.365162427133505
21,41.0,-25.250956349672773
21,41.5,-26.4865652548814
21,42.0,-26.138274001313597
21,42.5,-24.36814221518305
21,43.0,-22.07631925164972
21,43.5,-19.900218250057065
21,44.0,-18.0457855047127
21,44.5,-16.399304089001394
21,45.0,-14.990737732398555
21,45.5,-13.795386207467695
21,46.0,-12.78517015704602
21,46.5,-11.967385949667094
21,47.0,-11.27673021315392
21,47.5,-10.72818692041405
21,48.0,-10.316540112499744
21,48.5,-10.03341839445865
21,49.0,-9.880069976233324
21,49.5,-9.845200681864622
21,50.0,-9.93375780525216
21,50.5,-10.14132170118608
21,51.0,-10.485157125698882
21,51.5,-10.965530797738143
21,52.0,-11.595393670793063
21,52.5,-12.385504149012547
21,53.0,-13.324436610193446
21,53.5,-14.493445838765826
21,54.0,-15.886479291185449
21,54.5,-17.5175699763767
21,55.0,-19.322297283511148
21,55.5,-20.97552212674469
21,56.0,-21.92036423603093
21,56.5,-21.53836677073896
21,57.0,-20.206926881452134
21,57.5,-18.56997071682064
21,58.0,-17.045492690371177
21,58.5,-15.73827120369968
21,59.0,-14.643463832276026
21,59.5,-13.76416271812357
21,60.0,-13.019431957356684
21,60.5,-12.415303077610506
21,61.0,-11.93724921385285
21,61.5,-11.56970082808535
21,62.0,-11.310881992509351
21,62.5,-11.136659042814204
21,63.0,-11.048359904929304
21,63.5,-11.039560186161165
21,64.0,-11.101775688836076
21,64.5,-11.224940679975225
21,65.0,-11.395225289483731
21,65.5,-11.5908846258953
21,66.0,-11.778407874791688
21,66.5,-11.934626503888758
21,67.0,-12.01624917363904
21,67.5,-11.98768983210534
21,68.0,-11.832067038427148
21,68.5,-11.559872294601602
21,69.0,-11.17667897754539
21,69.5,-10.726096572499342
21,70.0,-10.261013126289058
21,70.5,-9.78736054977148
21,71.0,-9.346963406821844
21,71.5,-8.961025072985194
21,72.0,-8.642163530948874
21,72.5,-8.4064699937989
21,73.0,-8.244629369480993
21,73.5,-8.16698131510579
21,74.0,-8.176613400257132
21,74.5,-8.271880021709084
21,75.0,-8.446424223156633
21,75.5,-8.709296343353092
21,76.0,-9.05224979561892
21,76.5,-9.458740551731696
21,77.0,-9.949066949146063
21,77.5,-10.504190358478596
21,78.0,-11.117412052608742
21,78.5,-11.778145791860627
21,79.0,-12.454064422974607
21,79.5,-13.17293411099457
21,80.0,-13.8936354825806
21,80.5,-14.584091884365764
21,81.0,-15.194452638498149
21,81.5,-15.636190202806446
21,82.0,-15.841923247197666
21,82.5,-15.716877783706217
21,83.0,-15.253346058708956
21,83.5,-14.480783655769429
21,84.0,-13.521105709105836
21,84.5,-12.483232121411795
21,85.0,-11.452662876674191
21,85.5,-10.511947085622095
21,86.0,-9.63382201893404
21,86.5,-8.86490144471707
21,87.0,-8.217247257915732
21,87.5,-7.694108734282674
21,88.0,-7.311450975888326
21,88.5,-7.049268953295666
21,89.0,-6.924133766846934
21,89.5,-6.941518917756003
21,90.0,-7.110590793329587
21,90.5,-7.441072215210023
21,91.0,-7.949285760032308
21,91.5,-8.645655660711935
21,92.0,-9.513683356062742
21,92.5,-10.601446427245628
21,93.0,-11.822472138628054
21,93.5,-12.951773488211307
21,94.0,-13.658138651965167
21,94.5,-13.491653604569091
21,95.0,-12.46755256609476
21,95.5,-11.043285229897622
21,96.0,-9.636073172842083
21,96.5,-8.329741057899446
21,97.0,-7.217067885679914
21,97.5,-6.304440746569135
21,98.0,-5.575960115264814
21,98.5,-5.034557513513086
21,99.0,-4.633764210435829
21,99.5,-4.380557454218854
21,100.0,-4.28212225395808
