Canal,Frecuencia,Magnitud
0,0.0,-12.919523136129705
0,0.5,-12.841517284524407
0,1.0,-12.657459618835796
0,1.5,-12.4589385757863
0,2.0,-12.361941975132266
0,2.5,-12.461369513861452
0,3.0,-12.82127083883804
0,3.5,-13.47565233690914
0,4.0,-14.521731713236472
0,4.5,-16.010978310625415
0,5.0,-18.06388103376536
0,5.5,-20.81509994233741
0,6.0,-24.05025159847688
0,6.5,-26.10116337630841
0,7.0,-24.44438684874009
0,7.5,-21.495047178618535
0,8.0,-18.93249281135558
0,8.5,-16.991877392167233
0,9.0,-15.5653512373805
0,9.5,-14.554353549351982
0,10.0,-13.93255487428725
0,10.5,-13.64226188605568
0,11.0,-13.699946524454656
0,11.5,-14.112601706257916
0,12.0,-14.84968150227083
0,12.5,-15.771105408509058
0,13.0,-16.602738598800247
0,13.5,-16.736409913755896
0,14.0,-15.802937879708862
0,14.5,-14.089230713075027
0,15.0,-12.252372365090311
0,15.5,-10.609233548665678
0,16.0,-9.227912899006954
0,16.5,-8.137377602193574
0,17.0,-7.25068441684985
0,17.5,-6.58775766905862
0,18.0,-6.14699983415094
0,18.5,-5.925521231152105
0,19.0,-5.929530623220858
0,19.5,-6.165992918252332
0,20.0,-6.633790125640068
0,20.5,-7.288827630461638
0,21.0,-8.095404737478981
0,21.5,-8.866632522473642
0,22.0,-9.34039500098292
0,22.5,-9.32866412248118
0,23.0,-8.897298383209995
0,23.5,-8.256337588549167
0,24.0,-7.64165563676157
0,24.5,-7.190438261121656
0,25.0,-6.957553961538261
0,25.5,-6.957093212607712
0,26.0,-7.181573865552579
0,26.5,-7.614967305903146
0,27.0,-8.222988252246703
0,27.5,-9.039648625470376
0,28.0,-10.06748843853584
0,28.5,-11.378761727794991
0,29.0,-13.10422075516994
0,29.5,-15.417068646132774
0,30.0,-18.898713219343577
0,30.5,-22.19963488921413
0,31.0,-20.74742151589041
0,31.5,-17.274506941629518
0,32.0,-14.349592892627722
0,32.5,-12.203508783528036
0,33.0,-10.72988508529901
0,33.5,-9.786260956713685
0,34.0,-9.192900590255231
0,34.5,-8.892303409319801
0,35.0,-8.821181882383701
0,35.5,-8.92481416581915
0,36.0,-9.165777835403414
0,36.5,-9.550599681810224
0,37.0,-10.082471976225415
0,37.5,-10.76046087847237
0,38.0,-11.639106806567709
0,38.5,-12.67486189479366
0,39.0,-13.784784564181992
0,39.5,-14.829261541906762
0,40.0,-15.686707408973088
0,40.5,-16.509864440683764
0,41.0,-17.62282623961108
0,41.5,-19.661456217927118
0,42.0,-23.82279918153767
0,42.5,-28.87152687736916
0,43.0,-22.168478747847395
0,43.5,-16.088185793811196
0,44.0,-12.430368700119626
0,44.5,-9.890944762273437
0,45.0,-8.18005033400402
0,45.5,-7.128804019446768
0,46.0,-6.641753744109449
0,46.5,-6.6929867655935125
0,47.0,-7.307356813218598
0,47.5,-8.557554271206268
0,48.0,-10.620551757436068
0,48.5,-13.814824364932552
0,49.0,-18.811272023363305
0,49.5,-23.16814571546859
0,50.0,-17.493143540142775
0,50.5,-14.07086423635066
0,51.0,-12.30350878015266
0,51.5,-11.627321356525348
0,52.0,-11.81889875201652
0,52.5,-12.78843448209999
0,53.0,-14.49047241756492
0,53.5,-16.89852523192555
0,54.0,-19.449908235594563
0,54.5,-22.170226061881035
0,55.0,-24.71014849433837
0,55.5,-26.24189725738571
0,56.0,-27.05328379755456
0,56.5,-25.49924471537494
0,57.0,-21.282588103760656
0,57.5,-17.144083781951146
0,58.0,-14.02185939181989
0,58.5,-11.80238192618434
0,59.0,-10.300720855301153
0,59.5,-9.435928451664802
0,60.0,-9.09037315483193
0,60.5,-9.260670715968535
0,61.0,-9.950235534855006
0,61.5,-11.158192118249724
0,62.0,-12.84352017793835
0,62.5,-15.080150288113249
0,63.0,-17.59890921732489
0,63.5,-19.753958785384096
0,64.0,-21.334289222221287
0,64.5,-22.679107956064986
0,65.0,-24.030527608297188
0,65.5,-24.01699468912824
0,66.0,-20.80921224122081
0,66.5,-17.289654211771293
0,67.0,-14.5647368021651
0,67.5,-12.61492090922388
0,68.0,-11.29921029835588
0,68.5,-10.536828267991195
0,69.0,-10.19328687281514
0,69.5,-10.211914518665308
0,70.0,-10.496077498184295
0,70.5,-10.96524164512942
0,71.0,-11.526035915857229
0,71.5,-12.154457411098477
0,72.0,-12.9290141435311
0,72.5,-14.01062375660755
0,73.0,-15.797645137539195
0,73.5,-18.855343357349977
0,74.0,-24.711105133015057
0,74.5,-28.37810551021056
0,75.0,-20.9896877420097
0,75.5,-16.342019954598452
0,76.0,-13.755437313341096
0,76.5,-12.421500367567482
0,77.0,-11.964204518991272
0,77.5,-12.348035009572296
0,78.0,-13.626773282095831
0,78.5,-15.818313382814695
0,79.0,-18.18558433428231
0,79.5,-18.17788229965016
0,80.0,-15.558905466457473
0,80.5,-13.097831757963846
0,81.0,-11.564792334669423
0,81.5,-10.953451070834818
0,82.0,-11.19384921864907
0,82.5,-12.371858255750874
0,83.0,-14.555161574872878
0,83.5,-17.38350784624952
0,84.0,-17.388447816190673
0,84.5,-13.981561000913992
0,85.0,-10.869734482560428
0,85.5,-8.833326219009267
0,86.0,-7.578488118262347
0,86.5,-7.030655018202436
0,87.0,-7.144318121288171
0,87.5,-7.920630108273664
0,88.0,-9.413367611000693
0,88.5,-11.976206622186876
0,89.0,-16.21157186701543
0,89.5,-23.09068836920089
0,90.0,-23.2636609435655
0,90.5,-17.26970195779031
0,91.0,-14.151669529998628
0,91.5,-12.626266310121698
0,92.0,-12.05448175474023
0,92.5,-12.01365666809516
0,93.0,-12.130695352583569
0,93.5,-11.97121144174833
0,94.0,-11.293684757038204
0,94.5,-10.292874970555994
0,95.0,-9.330994866819928
0,95.5,-8.660496893886396
0,96.0,-8.41385999200095
0,96.5,-8.647240713583923
0,97.0,-9.440059386756833
0,97.5,-10.927078442670432
0,98.0,-13.336615314270068
0,98.5,-17.09216806222309
0,99.0,-23.29444658724469
0,99.5,-24.50348542112676
0,100.0,-20.18176717806349
1,0.0,-28.19086059903548
1,0.5,-22.80215931816999
1,1.0,-18.133026607424263
1,1.5,-15.402043812859684
1,2.0,-13.879481152484122
1,2.5,-13.23621134082974
1,3.0,-13.33475868687817
1,3.5,-14.163560405921729
1,4.0,-15.936563389188793
1,4.5,-19.06396112899133
1,5.0,-24.40041922111028
1,5.5,-27.257644707441795
1,6.0,-21.410066387509083
1,6.5,-16.965952941001287
1,7.0,-14.289665931015827
1,7.5,-12.67499416386981
1,8.0,-11.68515605709273
1,8.5,-11.209803730320823
1,9.0,-11.169620445012775
1,9.5,-11.506553699762364
1,10.0,-12.173502822292784
1,10.5,-13.20094201119915
1,11.0,-14.57059963023629
1,11.5,-16.31187805291592
1,12.0,-18.47793279404936
1,12.5,-21.120179419847
1,13.0,-24.50051122524688
1,13.5,-26.647382877962908
1,14.0,-23.940137317685146
1,14.5,-19.614111629816865
1,15.0,-15.95698637016841
1,15.5,-13.01295818936175
1,16.0,-10.617150440532772
1,16.5,-8.730199418980103
1,17.0,-7.173893821382116
1,17.5,-5.9716951984366125
1,18.0,-5.110440526795749
1,18.5,-4.575849937030098
1,19.0,-4.378273342815797
1,19.5,-4.522791301077069
1,20.0,-5.050062363776227
1,20.5,-5.991522756207624
1,21.0,-7.515704812764387
1,21.5,-9.796829198051606
1,22.0,-13.29722936851205
1,22.5,-18.95230844705413
1,23.0,-23.10846658202036
1,23.5,-17.598621410548976
1,24.0,-13.54523888319081
1,24.5,-11.353321515601236
1,25.0,-10.247163116528764
1,25.5,-9.9393501299414
1,26.0,-10.289093302663796
1,26.5,-11.267996264836828
1,27.0,-12.808863038775588
1,27.5,-14.848400894297466
1,28.0,-16.58637130458727
1,28.5,-16.71365537831231
1,29.0,-15.496240307897308
1,29.5,-14.181177389503874
1,30.0,-13.25322992141968
1,30.5,-12.851057623658324
1,31.0,-12.936738601745809
1,31.5,-13.37937823766798
1,32.0,-13.91891557464418
1,32.5,-14.178934705732075
1,33.0,-13.92850916753744
1,33.5,-13.383557170742444
1,34.0,-12.802193222688384
1,34.5,-12.40964637012144
1,35.0,-12.331023578743247
1,35.5,-12.612944603491954
1,36.0,-13.241090024271791
1,36.5,-14.198868252078398
1,37.0,-15.292718582838145
1,37.5,-16.12172297968667
1,38.0,-16.179872275011814
1,38.5,-15.23333487409358
1,39.0,-13.836133153596007
1,39.5,-12.505141608137668
1,40.0,-11.431176595993485
1,40.5,-10.567691470902924
1,41.0,-9.937552197671584
1,41.5,-9.537619611871188
1,42.0,-9.368016527505398
1,42.5,-9.444610585890429
1,43.0,-9.80414785317059
1,43.5,-10.489937209330902
1,44.0,-11.533205077109372
1,44.5,-13.089768116393358
1,45.0,-15.240253129237738
1,45.5,-18.03357929029407
1,46.0,-20.822770669690108
1,46.5,-21.69872245763864
1,47.0,-19.75353437552453
1,47.5,-17.280492800919813
1,48.0,-15.664389489280993
1,48.5,-14.810628522643848
1,49.0,-14.618411142093404
1,49.5,-15.052357665377532
1,50.0,-16.189429576638343
1,50.5,-18.18073115176888
1,51.0,-21.65953046814478
1,51.5,-26.54939702475299
1,52.0,-24.885026660629283
1,52.5,-19.848891097689915
1,53.0,-16.46913079068342
1,53.5,-14.176482593665444
1,54.0,-12.709350623805303
1,54.5,-11.899666125880463
1,55.0,-11.659340749553795
1,55.5,-11.97134930073582
1,56.0,-12.906652079507426
1,56.5,-14.572808785283742
1,57.0,-17.0629711969808
1,57.5,-20.314130463283902
1,58.0,-21.57111598473198
1,58.5,-19.01352906455841
1,59.0,-16.182466172912967
1,59.5,-14.3792976688259
1,60.0,-13.420510594691226
1,60.5,-13.24722638354292
1,61.0,-13.836489347783788
1,61.5,-15.1805783809473
1,62.0,-17.09845880939596
1,62.5,-18.62486399995718
1,63.0,-17.647491287813168
1,63.5,-15.26423639059225
1,64.0,-13.165947863284991
1,64.5,-11.793272367973897
1,65.0,-11.144582928485976
1,65.5,-11.18401413112628
1,66.0,-11.92511776175663
1,66.5,-13.528987565733804
1,67.0,-16.1064240931113
1,67.5,-18.968997077811117
1,68.0,-18.7004705119325
1,68.5,-15.52115237926733
1,69.0,-12.62870065613981
1,69.5,-10.688005852891912
1,70.0,-9.570397736244248
1,70.5,-9.068954264261444
1,71.0,-9.153773985565763
1,71.5,-9.828606848328324
1,72.0,-11.130047329290823
1,72.5,-13.115405583194272
1,73.0,-16.137022876266503
1,73.5,-20.48204334278664
1,74.0,-25.242425073916447
1,74.5,-22.89831182574531
1,75.0,-19.16228621466822
1,75.5,-17.15937186543244
1,76.0,-16.339759297417366
1,76.5,-16.37098141323207
1,77.0,-17.110917241477722
1,77.5,-18.503654360255872
1,78.0,-20.53320169925419
1,78.5,-22.897320871521995
1,79.0,-24.886468641483283
1,79.5,-26.938141138209527
1,80.0,-29.08831610828984
1,80.5,-30.947830275613303
1,81.0,-31.598574691105664
1,81.5,-30.725919110952542
1,82.0,-29.07223800272389
1,82.5,-27.76529799092888
1,83.0,-27.44887427518031
1,83.5,-28.51239512611728
1,84.0,-31.633139754519707
1,84.5,-33.42044555773492
1,85.0,-27.66015038775577
1,85.5,-22.866878444099637
1,86.0,-19.442619096852265
1,86.5,-17.041779907964433
1,87.0,-15.399582955574813
1,87.5,-14.349312666910745
1,88.0,-13.824846677986592
1,88.5,-13.749013930471229
1,89.0,-14.120550276614573
1,89.5,-14.916744017771002
1,90.0,-16.20573709233842
1,90.5,-17.98602604559052
1,91.0,-20.248345756631984
1,91.5,-22.738583308749437
1,92.0,-24.570823444632865
1,92.5,-24.9166998548027
1,93.0,-24.22317343435188
1,93.5,-23.54914544178928
1,94.0,-23.313072787804156
1,94.5,-23.6297139565056
1,95.0,-24.45935076605564
1,95.5,-25.46615708932568
1,96.0,-25.60681666893276
1,96.5,-23.93083921328004
1,97.0,-21.36051176445237
1,97.5,-18.93695560561309
1,98.0,-16.939387392898393
1,98.5,-15.428389679558574
1,99.0,-14.276640384438103
1,99.5,-13.500485377629875
1,100.0,-13.15229020500657
2,0.0,-15.840769213344077
2,0.5,-15.409145938637446
2,1.0,-14.631314834685565
2,1.5,-13.788727230798248
2,2.0,-12.982740112269724
2,2.5,-12.264228725547513
2,3.0,-11.67903696793487
2,3.5,-11.281276518515645
2,4.0,-11.079402782835729
2,4.5,-11.113249744566746
2,5.0,-11.421524315129036
2,5.5,-12.054985829166927
2,6.0,-13.083431250937226
2,6.5,-14.762573184648094
2,7.0,-17.444939760879816
2,7.5,-21.982956118740077
2,8.0,-28.730455372305176
2,8.5,-25.239609674124065
2,9.0,-18.77426767590316
2,9.5,-15.138679785332103
2,10.0,-12.969534709205057
2,10.5,-11.562794907596835
2,11.0,-10.763660149766988
2,11.5,-10.482941008928664
2,12.0,-10.676828667115862
2,12.5,-11.340144737642998
2,13.0,-12.58384517721734
2,13.5,-14.53029304593445
2,14.0,-17.322277853979276
2,14.5,-21.22515574484241
2,15.0,-24.167999069421874
2,15.5,-20.63049334910936
2,16.0,-16.597419680560254
2,16.5,-14.07459132474882
2,17.0,-12.40827204062966
2,17.5,-11.396008780597432
2,18.0,-10.908535168895927
2,18.5,-10.869221458616554
2,19.0,-11.242576200583104
2,19.5,-12.051417786583476
2,20.0,-13.27913207636008
2,20.5,-14.777957787946416
2,21.0,-16.15279814252474
2,21.5,-16.294483768837946
2,22.0,-14.769289454298823
2,22.5,-12.66029270687958
2,23.0,-10.820078510512817
2,23.5,-9.31355022267775
2,24.0,-8.18706106073311
2,24.5,-7.412140543069854
2,25.0,-6.955568364209856
2,25.5,-6.810537863139056
2,26.0,-6.971953253244003
2,26.5,-7.465160369978054
2,27.0,-8.305999714273144
2,27.5,-9.622453456299294
2,28.0,-11.517897897193713
2,28.5,-14.2518849428181
2,29.0,-18.28570865171375
2,29.5,-23.95666121140562
2,30.0,-24.85573451762588
2,30.5,-20.170381698803126
2,31.0,-17.578978410105744
2,31.5,-16.609941404181082
2,32.0,-16.977287729230667
2,32.5,-18.969798577706385
2,33.0,-24.070735623460763
2,33.5,-28.516957454900144
2,34.0,-21.545630047324977
2,34.5,-15.645361876893068
2,35.0,-12.136064757923402
2,35.5,-9.918865430508692
2,36.0,-8.596802121285998
2,36.5,-7.909839725253636
2,37.0,-7.837124408516872
2,37.5,-8.370888441598055
2,38.0,-9.626405464078047
2,38.5,-11.767125128818618
2,39.0,-15.103460838473218
2,39.5,-18.98657630224014
2,40.0,-18.51247041093696
2,40.5,-14.840794107191696
2,41.0,-12.17550120238041
2,41.5,-10.684951928325734
2,42.0,-10.075289679285133
2,42.5,-10.18835809828362
2,43.0,-10.927956345472936
2,43.5,-12.128852043908244
2,44.0,-13.326012534282604
2,44.5,-13.81099704771241
2,45.0,-13.20230933635898
2,45.5,-12.107609415628458
2,46.0,-11.208787502250674
2,46.5,-10.78474871098717
2,47.0,-10.844701234600045
2,47.5,-11.31448872258898
2,48.0,-11.953144372040246
2,48.5,-12.321832024960464
2,49.0,-12.08120691669855
2,49.5,-11.3815572999181
2,50.0,-10.69356635829332
2,50.5,-10.37399569039397
2,51.0,-10.598028132688771
2,51.5,-11.522593181551706
2,52.0,-13.359394646262553
2,52.5,-16.31691067194518
2,53.0,-18.770743553289552
2,53.5,-17.196505411338826
2,54.0,-13.946255158055148
2,54.5,-11.32343215044392
2,55.0,-9.55818202296341
2,55.5,-8.499434668416193
2,56.0,-7.908877637844889
2,56.5,-7.67451263355383
2,57.0,-7.652761358794702
2,57.5,-7.691888687741295
2,58.0,-7.668833236338002
2,58.5,-7.528046735935881
2,59.0,-7.3073159735388415
2,59.5,-7.097717269157428
2,60.0,-6.967114672086743
2,60.5,-6.9669004323427
2,61.0,-7.106033412000996
2,61.5,-7.35885212671156
2,62.0,-7.682091293888158
2,62.5,-8.075701588743318
2,63.0,-8.544685871177602
2,63.5,-9.129149064575724
2,64.0,-9.962667666641536
2,64.5,-11.14949655819057
2,65.0,-12.849145358624035
2,65.5,-15.219599681406278
2,66.0,-18.22219519172376
2,66.5,-20.70514834652289
2,67.0,-19.532665361665327
2,67.5,-17.26996530782463
2,68.0,-15.605942817460404
2,68.5,-14.778767582312105
2,69.0,-14.671743827750186
2,69.5,-15.23470395081656
2,70.0,-16.31986650775302
2,70.5,-17.642763171398695
2,71.0,-18.34487088799105
2,71.5,-17.756782030674604
2,72.0,-16.425749452572273
2,72.5,-15.181915566582092
2,73.0,-14.306395646171104
2,73.5,-13.917161456481434
2,74.0,-14.018220482340563
2,74.5,-14.566260596868846
2,75.0,-15.45485405788841
2,75.5,-16.518187674257334
2,76.0,-17.241605649497806
2,76.5,-17.06536354644831
2,77.0,-15.9925432962192
2,77.5,-14.59081305759223
2,78.0,-13.3231382945722
2,78.5,-12.37906407436104
2,79.0,-11.834066345470063
2,79.5,-11.676308560158825
2,80.0,-11.945496074052135
2,80.5,-12.690558567495726
2,81.0,-13.96720666786706
2,81.5,-15.813759559450157
2,82.0,-18.459356918738965
2,82.5,-21.75082397699991
2,83.0,-23.68455212282239
2,83.5,-21.873064318535043
2,84.0,-19.646685471108352
2,84.5,-18.46414345099781
2,85.0,-18.26113095707256
2,85.5,-18.95381531055864
2,86.0,-20.55612849101487
2,86.5,-22.63727836917514
2,87.0,-23.160857630066108
2,87.5,-20.88773397874937
2,88.0,-18.206746164140217
2,88.5,-16.117817871965638
2,89.0,-14.749739424962888
2,89.5,-14.027789547037358
2,90.0,-13.833338867950896
2,90.5,-14.152420418800796
2,91.0,-14.985305333644945
2,91.5,-16.317655322942944
2,92.0,-18.02795356558809
2,92.5,-19.852660553448647
2,93.0,-20.77475058612827
2,93.5,-20.14831139565117
2,94.0,-18.72807580705064
2,94.5,-17.418484034841647
2,95.0,-16.536778577489176
2,95.5,-16.115386287051997
2,96.0,-16.130219118360344
2,96.5,-16.54671409503559
2,97.0,-17.319606715517335
2,97.5,-18.38053803853452
2,98.0,-19.59076955138783
2,98.5,-20.70086341729129
2,99.0,-21.489038551074245
2,99.5,-21.622540624919345
2,100.0,-21.196275637242227
3,0.0,-24.43778858854556
3,0.5,-21.72478903066364
3,1.0,-18.72149791243542
3,1.5,-17.062121804801986
3,2.0,-16.71235622976978
3,2.5,-17.664133992972555
3,3.0,-19.95602356735911
3,3.5,-22.61743080443251
3,4.0,-21.601324388515533
3,4.5,-18.04092619613491
3,5.0,-15.16092537273463
3,5.5,-13.590221213054376
3,6.0,-13.165737698332553
3,6.5,-13.82259498338144
3,7.0,-15.748570031827702
3,7.5,-19.061649324981023
3,8.0,-21.43918211601045
3,8.5,-18.463156984856305
3,9.0,-14.66394413364692
3,9.5,-12.306767949198226
3,10.0,-11.189989026988847
3,10.5,-11.052956552405163
3,11.0,-11.923502649913289
3,11.5,-14.00076820548558
3,12.0,-17.53646525955222
3,12.5,-20.60696547452304
3,13.0,-18.30780545421726
3,13.5,-14.765949379053737
3,14.0,-12.746479247577534
3,14.5,-11.949151994502436
3,15.0,-12.191696519787827
3,15.5,-13.10908365664482
3,16.0,-13.4711574968335
3,16.5,-11.84252043248492
3,17.0,-9.053853712879176
3,17.5,-6.5691113976831605
3,18.0,-4.760956443254348
3,18.5,-3.603664660185466
3,19.0,-3.0665300992383364
3,19.5,-3.097183206087617
3,20.0,-3.737784672968732
3,20.5,-5.036238863549915
3,21.0,-7.285676567829186
3,21.5,-10.962875850782591
3,22.0,-17.937959139751634
3,22.5,-24.62541411785268
3,23.0,-16.362935393650908
3,23.5,-12.215725744917911
3,24.0,-10.453419318656904
3,24.5,-10.088514639792749
3,25.0,-10.833985727729832
3,25.5,-12.67621687102958
3,26.0,-15.279256697553752
3,26.5,-17.537682575135715
3,27.0,-18.70649582663479
3,27.5,-16.975275846910318
3,28.0,-14.875781062292589
3,28.5,-13.970128056402286
3,29.0,-14.256228733013456
3,29.5,-15.710968371167851
3,30.0,-18.546956378692705
3,30.5,-21.559704154838315
3,31.0,-20.06273963533954
3,31.5,-16.461494123579406
3,32.0,-13.962110621859384
3,32.5,-12.42992966781104
3,33.0,-11.664239249632008
3,33.5,-11.444489395183988
3,34.0,-11.530232687450733
3,34.5,-11.687583526833842
3,35.0,-11.7390613282794
3,35.5,-11.68915525031952
3,36.0,-11.668884438022747
3,36.5,-11.802145969550413
3,37.0,-12.097817169095675
3,37.5,-12.35638463669744
3,38.0,-12.212462684193644
3,38.5,-11.411685357869622
3,39.0,-10.132513240590995
3,39.5,-8.797580032804504
3,40.0,-7.745530725057313
3,40.5,-7.059963213232443
3,41.0,-6.835542460211997
3,41.5,-7.120753511791855
3,42.0,-7.950210963965367
3,42.5,-9.343246061030229
3,43.0,-11.451982389485554
3,43.5,-14.11971495075373
3,44.0,-16.102254692490003
3,44.5,-15.39541218977674
3,45.0,-13.36926410529098
3,45.5,-11.846664948994304
3,46.0,-11.067262659614938
3,46.5,-10.95348658941726
3,47.0,-11.396500524629689
3,47.5,-12.2811196352506
3,48.0,-13.422722938828802
3,48.5,-14.534403246324402
3,49.0,-15.351483366269608
3,49.5,-15.989932358028767
3,50.0,-16.821642897431108
3,50.5,-18.2707436602195
3,51.0,-20.303793243897506
3,51.5,-21.652927308687488
3,52.0,-20.349093489444424
3,52.5,-16.643235057593966
3,53.0,-13.603437915806673
3,53.5,-11.496380245397754
3,54.0,-10.225297372902116
3,54.5,-9.678263039443074
3,55.0,-9.800652998294378
3,55.5,-10.606959818122192
3,56.0,-12.29925111351064
3,56.5,-15.230617667992128
3,57.0,-20.078676981545648
3,57.5,-24.10583522733186
3,58.0,-20.669986925182386
3,58.5,-16.20265383370473
3,59.0,-13.732527563609292
3,59.5,-12.565066713356073
3,60.0,-12.277322358846474
3,60.5,-12.790938787235117
3,61.0,-14.148274518800187
3,61.5,-16.522169782438414
3,62.0,-20.049709839573005
3,62.5,-23.74519130402052
3,63.0,-27.155375584830075
3,63.5,-24.385079077600587
3,64.0,-20.72248713809689
3,64.5,-18.70110347577208
3,65.0,-17.452869841643526
3,65.5,-16.44714608722563
3,66.0,-15.465990614578937
3,66.5,-14.434220851941348
3,67.0,-13.510061236069925
3,67.5,-12.84275588100323
3,68.0,-12.527278983540926
3,68.5,-12.618199331276337
3,69.0,-13.15440820657679
3,69.5,-14.147492336602918
3,70.0,-15.535038583180944
3,70.5,-17.288589331299946
3,71.0,-19.020218041309622
3,71.5,-20.05187693653193
3,72.0,-19.942981576397504
3,72.5,-18.99867166464616
3,73.0,-17.54435554751936
3,73.5,-15.768221211100872
3,74.0,-13.843233848066486
3,74.5,-12.002195230023744
3,75.0,-10.469039110507104
3,75.5,-9.246759355024052
3,76.0,-8.431742858738499
3,76.5,-8.06701086723331
3,77.0,-8.166327332863741
3,77.5,-8.79718105980407
3,78.0,-10.06316421506278
3,78.5,-12.067820192460491
3,79.0,-14.66377808980949
3,79.5,-16.594143403334403
3,80.0,-15.29956408298752
3,80.5,-12.482882296707768
3,81.0,-10.236744102451466
3,81.5,-8.834373800449391
3,82.0,-8.085751771353534
3,82.5,-7.960947326797269
3,83.0,-8.425864670691858
3,83.5,-9.539595480196542
3,84.0,-11.341235649911884
3,84.5,-13.733986759253956
3,85.0,-15.599971826437844
3,85.5,-14.931676065551404
3,86.0,-12.585492081359853
3,86.5,-10.434112188631076
3,87.0,-8.933188071274762
3,87.5,-8.028911206883372
3,88.0,-7.652044495972286
3,88.5,-7.721669768969108
3,89.0,-8.218236618505742
3,89.5,-9.10138886515396
3,90.0,-10.424931434543335
3,90.5,-12.158582539324378
3,91.0,-14.274282893201816
3,91.5,-16.62112682806688
3,92.0,-18.77737164655187
3,92.5,-20.40911070186974
3,93.0,-21.43228197806842
3,93.5,-22.323783816081207
3,94.0,-23.40482680842652
3,94.5,-23.88499320903743
3,95.0,-22.393352686589303
3,95.5,-19.592642377777548
3,96.0,-16.94050110960212
3,96.5,-14.723383692896236
3,97.0,-13.0302574588018
3,97.5,-11.80163727345229
3,98.0,-10.965682829642171
3,98.5,-10.491732215178038
3,99.0,-10.317469195160792
3,99.5,-10.434209351449054
3,100.0,-10.68568097772267
4,0.0,-22.13250797381421
4,0.5,-19.267484334670858
4,1.0,-15.69855938356799
4,1.5,-13.343649225046724
4,2.0,-12.045660001702387
4,2.5,-11.590946986563113
4,3.0,-11.861670900695318
4,3.5,-12.817330451053156
4,4.0,-14.582021294682306
4,4.5,-17.245674321619475
4,5.0,-20.84956156534282
4,5.5,-24.19041038956167
4,6.0,-23.35498269822675
4,6.5,-20.86154735641422
4,7.0,-18.776571619024217
4,7.5,-17.488758540746012
4,8.0,-16.5970921948342
4,8.5,-15.909963513740088
4,9.0,-15.263820363691451
4,9.5,-14.39356643573933
4,10.0,-13.470068526771856
4,10.5,-12.848334829291074
4,11.0,-12.66095126135816
4,11.5,-12.8928193109537
4,12.0,-13.442685313569564
4,12.5,-14.11017749122893
4,13.0,-14.710288696766163
4,13.5,-15.167633895014236
4,14.0,-15.714833729845054
4,14.5,-16.79395805405192
4,15.0,-18.787185648417346
4,15.5,-21.80930407200541
4,16.0,-21.304143452858348
4,16.5,-15.954239877415162
4,17.0,-11.903873623985474
4,17.5,-9.066201165317786
4,18.0,-7.061035797910832
4,18.5,-5.664926300327442
4,19.0,-4.791029312981764
4,19.5,-4.312718802163828
4,20.0,-4.206813634943107
4,20.5,-4.421697298564928
4,21.0,-4.918158083768055
4,21.5,-5.61979480488479
4,22.0,-6.436894640556243
4,22.5,-7.2696255734943325
4,23.0,-8.0309827359539
4,23.5,-8.783860564883492
4,24.0,-9.615766286857893
4,24.5,-10.722377500701745
4,25.0,-12.351122168573577
4,25.5,-14.798914482593036
4,26.0,-19.034822372352888
4,26.5,-26.82366546578551
4,27.0,-25.944188392258077
4,27.5,-19.11091185951455
4,28.0,-15.543488428732278
4,28.5,-13.65147743232662
4,29.0,-12.73610116285187
4,29.5,-12.536852580144572
4,30.0,-12.90239716870589
4,30.5,-13.743514792299806
4,31.0,-14.956143069760108
4,31.5,-16.3504584425772
4,32.0,-17.60231521864074
4,32.5,-18.45906035863361
4,33.0,-18.684338503211613
4,33.5,-18.3237552304468
4,34.0,-17.530600289199246
4,34.5,-16.480591895971134
4,35.0,-15.32190135154621
4,35.5,-14.208567464900849
4,36.0,-13.298006664155665
4,36.5,-12.62471741674524
4,37.0,-12.273870982850196
4,37.5,-12.28568875082486
4,38.0,-12.703926389651787
4,38.5,-13.591113565346634
4,39.0,-15.06765247505969
4,39.5,-17.29202899491002
4,40.0,-20.21024940143573
4,40.5,-22.8174000434466
4,41.0,-22.23449564405648
4,41.5,-18.69817583392879
4,42.0,-15.627720593308132
4,42.5,-13.606794909491123
4,43.0,-12.279391085796734
4,43.5,-11.563384895670868
4,44.0,-11.395826456718613
4,44.5,-11.746243318556417
4,45.0,-12.631655229833964
4,45.5,-14.088099623127832
4,46.0,-16.091748319916878
4,46.5,-18.41728915452729
4,47.0,-20.677851890971407
4,47.5,-21.435751262373635
4,48.0,-20.395049762888068
4,48.5,-19.27379153487388
4,49.0,-18.74016720709573
4,49.5,-18.626496042072205
4,50.0,-17.89302584387986
4,50.5,-16.11030065713685
4,51.0,-14.497059624160128
4,51.5,-13.28479946611996
4,52.0,-12.584204447641085
4,52.5,-12.470062000555693
4,53.0,-13.02956138636966
4,53.5,-14.487836358467996
4,54.0,-17.232128267584034
4,54.5,-22.36077320798823
4,55.0,-27.019525786051
4,55.5,-20.811001507045752
4,56.0,-16.313201128869647
4,56.5,-13.91868165562769
4,57.0,-12.832250306332169
4,57.5,-12.712183218218245
4,58.0,-13.5634225065305
4,58.5,-15.54753486580354
4,59.0,-18.895959387679437
4,59.5,-22.921883316876905
4,60.0,-20.275802017087383
4,60.5,-15.52565079321714
4,61.0,-12.780101891400191
4,61.5,-11.269800398158168
4,62.0,-10.649716295997024
4,62.5,-10.681657579850054
4,63.0,-11.17824024580407
4,63.5,-11.724183517529756
4,64.0,-11.720938742880222
4,64.5,-10.824538976499118
4,65.0,-9.39971371595687
4,65.5,-8.01565748696793
4,66.0,-7.002453157289784
4,66.5,-6.398940691399158
4,67.0,-6.266450826034265
4,67.5,-6.638176987171415
4,68.0,-7.55035791984591
4,68.5,-9.052321071637689
4,69.0,-11.445872614947811
4,69.5,-15.176987467255511
4,70.0,-21.66657905763304
4,70.5,-29.927902212230716
4,71.0,-22.1329457465573
4,71.5,-17.37796548867805
4,72.0,-15.279285299515982
4,72.5,-14.504990804236368
4,73.0,-14.570812897834273
4,73.5,-15.279062606620569
4,74.0,-16.377790284520245
4,74.5,-17.354776029654317
4,75.0,-17.505906769028524
4,75.5,-16.660149370579784
4,76.0,-15.397724376364788
4,76.5,-14.291279304895642
4,77.0,-13.473886632048462
4,77.5,-13.008169975039042
4,78.0,-12.880510586249803
4,78.5,-13.06025545327118
4,79.0,-13.52213367798706
4,79.5,-14.306298075873077
4,80.0,-15.441370742050436
4,80.5,-17.027364957062073
4,81.0,-19.211371778661185
4,81.5,-22.08045473018696
4,82.0,-25.176586032356283
4,82.5,-24.77795789032537
4,83.0,-21.41396679956417
4,83.5,-18.338294325856573
4,84.0,-16.07449786595771
4,84.5,-14.443151200553444
4,85.0,-13.272328187646275
4,85.5,-12.481611912700496
4,86.0,-11.946094754790176
4,86.5,-11.633052723493066
4,87.0,-11.497213150169618
4,87.5,-11.492279302024034
4,88.0,-11.578846994480717
4,88.5,-11.732155924792409
4,89.0,-11.92976286358792
4,89.5,-12.15805436239913
4,90.0,-12.441173465968191
4,90.5,-12.799261671733484
4,91.0,-13.28037463992002
4,91.5,-13.945777878246965
4,92.0,-14.850786477234806
4,92.5,-16.168414348061333
4,93.0,-18.04255244753037
4,93.5,-20.684583431691514
4,94.0,-24.836968251170717
4,94.5,-30.484200953522407
4,95.0,-29.73913767545326
4,95.5,-25.113056069033643
4,96.0,-22.50062259375451
4,96.5,-21.278351037259917
4,97.0,-21.159316966345685
4,97.5,-22.045166709627942
4,98.0,-23.834176902157367
4,98.5,-25.801261398525547
4,99.0,-25.92586475350191
4,99.5,-23.90196007982976
4,100.0,-22.355427575165944
5,0.0,-22.41896552339522
5,0.5,-21.830327820346152
5,1.0,-21.052382024296083
5,1.5,-20.59943437534048
5,2.0,-20.60769384559656
5,2.5,-21.01475259998869
5,3.0,-21.580836809329856
5,3.5,-22.03101281512354
5,4.0,-22.204242885312933
5,4.5,-21.8526411952414
5,5.0,-21.63384819995637
5,5.5,-22.34063315348174
5,6.0,-24.26004041898344
5,6.5,-26.67531434558872
5,7.0,-25.16270745290965
5,7.5,-20.77696562121685
5,8.0,-17.173424695041337
5,8.5,-14.811733308472627
5,9.0,-13.445740191607982
5,9.5,-12.907072141062097
5,10.0,-13.145419408154002
5,10.5,-14.19121209726328
5,11.0,-15.98291990167829
5,11.5,-17.813130957390783
5,12.0,-17.787842816065254
5,12.5,-15.849666030270336
5,13.0,-13.87214928625484
5,13.5,-12.736937132451043
5,14.0,-12.603917720083189
5,14.5,-13.61245540957108
5,15.0,-16.02508599455897
5,15.5,-18.829868043449885
5,16.0,-16.70058242311466
5,16.5,-12.026714206994107
5,17.0,-8.364588252682141
5,17.5,-5.866566266654407
5,18.0,-4.218743637375361
5,18.5,-3.2228479652942355
5,19.0,-2.8052921685950727
5,19.5,-2.909779494898603
5,20.0,-3.565523766366517
5,20.5,-4.79996040212507
5,21.0,-6.825367242020239
5,21.5,-9.78754877599416
5,22.0,-13.3177189805873
5,22.5,-14.066696368323342
5,23.0,-11.297707327279122
5,23.5,-8.5942506410159
5,24.0,-6.835757181976187
5,24.5,-5.872668222298888
5,25.0,-5.532241015351758
5,25.5,-5.721564043784895
5,26.0,-6.413892534529583
5,26.5,-7.602555653317484
5,27.0,-9.267827984677234
5,27.5,-11.576300222349245
5,28.0,-14.5185276562378
5,28.5,-17.788257927829513
5,29.0,-19.85902168880049
5,29.5,-19.42768372263911
5,30.0,-17.897241272456828
5,30.5,-16.676687963863763
5,31.0,-16.00045928238349
5,31.5,-15.73909488066283
5,32.0,-15.73525342870375
5,32.5,-15.821385696412404
5,33.0,-15.83284125753526
5,33.5,-15.632553793680206
5,34.0,-15.120533268738722
5,34.5,-14.31499661889898
5,35.0,-13.329274194079852
5,35.5,-12.33431499673596
5,36.0,-11.510174294923193
5,36.5,-10.929862166574212
5,37.0,-10.721959938788832
5,37.5,-10.987849793931574
5,38.0,-11.905279473724756
5,38.5,-13.763210125885122
5,39.0,-17.32728768514547
5,39.5,-24.30274485963821
5,40.0,-23.53621018424827
5,40.5,-15.65210586680972
5,41.0,-11.347477945303886
5,41.5,-8.708064321123658
5,42.0,-7.018305217422472
5,42.5,-6.048536716867861
5,43.0,-5.6225152864583166
5,43.5,-5.728911184923171
5,44.0,-6.355747151344742
5,44.5,-7.601315594358995
5,45.0,-9.576417528964605
5,45.5,-12.563073003657424
5,46.0,-17.018439947809377
5,46.5,-22.12550152673871
5,47.0,-19.74200756387464
5,47.5,-15.7532348360553
5,48.0,-13.75321439427774
5,48.5,-13.009136634467282
5,49.0,-13.228790563932163
5,49.5,-14.376555597794702
5,50.0,-16.5985218482138
5,50.5,-20.30618351327545
5,51.0,-27.58327570765442
5,51.5,-31.54008194817799
5,52.0,-24.718375571271743
5,52.5,-20.959968615142635
5,53.0,-19.35908317384609
5,53.5,-18.81855907058749
5,54.0,-18.86852182382408
5,54.5,-18.988224165267347
5,55.0,-18.68075223617531
5,55.5,-17.877693308710533
5,56.0,-16.87807373079069
5,56.5,-16.078703980263388
5,57.0,-15.696579564606562
5,57.5,-15.79262874531524
5,58.0,-16.375145752803167
5,58.5,-17.239161696582023
5,59.0,-17.640774655842396
5,59.5,-16.633506246151658
5,60.0,-14.43314294201716
5,60.5,-12.113758904978855
5,61.0,-10.189419189529644
5,61.5,-8.749022727918483
5,62.0,-7.809325221914952
5,62.5,-7.288741403530673
5,63.0,-7.207307016463335
5,63.5,-7.563933015156895
5,64.0,-8.416632895549714
5,64.5,-9.825139494928028
5,65.0,-11.933276888314632
5,65.5,-14.945324851635782
5,66.0,-18.921160712737954
5,66.5,-22.41291892812519
5,67.0,-21.23284610100654
5,67.5,-18.506511084117395
5,68.0,-16.808216277131635
5,68.5,-16.054882669687007
5,69.0,-15.835017572526745
5,69.5,-15.7375080488201
5,70.0,-15.260789500538134
5,70.5,-14.117540658203646
5,71.0,-12.56490613501681
5,71.5,-10.952728014010972
5,72.0,-9.476896555612916
5,72.5,-8.248154167760026
5,73.0,-7.213455022834144
5,73.5,-6.4226441883845
5,74.0,-5.895360810235244
5,74.5,-5.648424575349844
5,75.0,-5.711382732909649
5,75.5,-6.132644059141168
5,76.0,-6.970650244070103
5,76.5,-8.267672323302618
5,77.0,-10.210857630294642
5,77.5,-12.80911374042138
5,78.0,-15.511518120840464
5,78.5,-16.290331608597352
5,79.0,-14.81891246929794
5,79.5,-13.090437310603445
5,80.0,-12.0264128707486
5,80.5,-11.72277861897949
5,81.0,-12.08220246280754
5,81.5,-12.902696294066208
5,82.0,-13.806816841439945
5,82.5,-14.0852901991314
5,83.0,-13.464444450292287
5,83.5,-12.41633044967068
5,84.0,-11.571330863700718
5,84.5,-11.255865048089891
5,85.0,-11.59715090924358
5,85.5,-12.668179492949648
5,86.0,-14.67724909372332
5,86.5,-17.625553100162975
5,87.0,-20.09985843342305
5,87.5,-19.026271457454374
5,88.0,-16.463927431862018
5,88.5,-14.622405740140598
5,89.0,-13.806494730836476
5,89.5,-13.931719819221254
5,90.0,-14.99366146173954
5,90.5,-17.041746150543172
5,91.0,-19.898296302775712
5,91.5,-21.77327216411353
5,92.0,-20.584509132467623
5,92.5,-18.515306441132587
5,93.0,-17.409170100208613
5,93.5,-17.54640129509759
5,94.0,-19.126533519846216
5,94.5,-22.56739027279152
5,95.0,-25.565541298129546
5,95.5,-21.61952363176952
5,96.0,-17.206349788791528
5,96.5,-14.405569630629907
5,97.0,-12.856147623929884
5,97.5,-12.30187085877422
5,98.0,-12.65321826341658
5,98.5,-13.9638780634232
5,99.0,-16.621065821551525
5,99.5,-20.77411825072109
5,100.0,-22.746682770469757
6,0.0,-17.296990110349082
6,0.5,-17.756292070283347
6,1.0,-19.15341564514944
6,1.5,-21.7560972335912
6,2.0,-24.872677605399502
6,2.5,-24.51600308835204
6,3.0,-21.56775649953006
6,3.5,-18.90271255676183
6,4.0,-17.1103625034846
6,4.5,-16.183398882417265
6,5.0,-15.999383037600849
6,5.5,-16.454409835992184
6,6.0,-17.431804524383907
6,6.5,-18.78955043579588
6,7.0,-19.989693068345638
6,7.5,-20.28416058788038
6,8.0,-19.533646221791752
6,8.5,-18.399004175848948
6,9.0,-17.43495999551209
6,9.5,-16.608462912258563
6,10.0,-15.590119280493974
6,10.5,-14.588571189043629
6,11.0,-13.752030048456335
6,11.5,-13.180048712933116
6,12.0,-12.99169927853934
6,12.5,-13.33744101324016
6,13.0,-14.49569751458576
6,13.5,-16.976709455531065
6,14.0,-21.80042555942483
6,14.5,-23.833310350554186
6,15.0,-18.0000090753382
6,15.5,-12.651582605715287
6,16.0,-9.206045717354028
6,16.5,-6.937480202350328
6,17.0,-5.330726254429737
6,17.5,-4.288101249989994
6,18.0,-3.733774815974908
6,18.5,-3.617857496907945
6,19.0,-3.921220564181135
6,19.5,-4.679429841672186
6,20.0,-5.929486620255393
6,20.5,-7.706502965823672
6,21.0,-10.296184611012489
6,21.5,-13.989633958586246
6,22.0,-19.530725442054727
6,22.5,-25.47422260007776
6,23.0,-23.31764528776692
6,23.5,-20.10480908731464
6,24.0,-19.113712053150746
6,24.5,-19.931242112312106
6,25.0,-22.44637945507437
6,25.5,-25.265306635441195
6,26.0,-22.283005149134805
6,26.5,-18.00196950113692
6,27.0,-15.11921341148322
6,27.5,-13.216180787053988
6,28.0,-12.106594983980708
6,28.5,-11.650533460496913
6,29.0,-11.761273297814103
6,29.5,-12.398852174647203
6,30.0,-13.628290265529886
6,30.5,-15.49978596280303
6,31.0,-18.111645590988548
6,31.5,-21.1722884026048
6,32.0,-22.952596779891717
6,32.5,-22.44969176775408
6,33.0,-20.65215206729192
6,33.5,-18.791412955061947
6,34.0,-17.410740120208462
6,34.5,-16.500730326558887
6,35.0,-15.88644436805528
6,35.5,-15.398252443053645
6,36.0,-14.916221318117683
6,36.5,-14.302732438904044
6,37.0,-13.496024896254308
6,37.5,-12.502400643978977
6,38.0,-11.33501937438427
6,38.5,-10.162201923561106
6,39.0,-9.103207417777837
6,39.5,-8.229176418919291
6,40.0,-7.60627282553273
6,40.5,-7.23402941399003
6,41.0,-7.171934084218507
6,41.5,-7.479738865242221
6,42.0,-8.226480276908676
6,42.5,-9.492931170231085
6,43.0,-11.569818182396231
6,43.5,-14.777021831500544
6,44.0,-18.988276776242788
6,44.5,-19.58998711326931
6,45.0,-15.4294622889749
6,45.5,-12.168867239392338
6,46.0,-10.186223206031856
6,46.5,-9.185089636725564
6,47.0,-8.951662570627738
6,47.5,-9.512721292375076
6,48.0,-11.041555641600736
6,48.5,-13.98720723741083
6,49.0,-19.54948868444223
6,49.5,-23.964078093846197
6,50.0,-16.5887758764245
6,50.5,-11.769864101598223
6,51.0,-8.880151342877472
6,51.5,-7.084961322955236
6,52.0,-6.01027948706442
6,52.5,-5.445100329538759
6,53.0,-5.269687687491881
6,53.5,-5.368863193975634
6,54.0,-5.650863899498847
6,54.5,-6.028294408920123
6,55.0,-6.443509228130674
6,55.5,-6.888382270200432
6,56.0,-7.46226866042776
6,56.5,-8.262827529577597
6,57.0,-9.38010273133326
6,57.5,-11.00204153158521
6,58.0,-13.138417760868965
6,58.5,-15.454155591488984
6,59.0,-16.675937805790248
6,59.5,-16.130986090910756
6,60.0,-15.040646810490172
6,60.5,-14.496603611374445
6,61.0,-14.95694776043357
6,61.5,-16.770361279117797
6,62.0,-20.40958407944009
6,62.5,-22.614275817562515
6,63.0,-18.34023747775421
6,63.5,-13.76067387763706
6,64.0,-10.64901035009227
6,64.5,-8.654121787305522
6,65.0,-7.474460267035638
6,65.5,-6.938909653132456
6,66.0,-6.978548081953419
6,66.5,-7.582637046082995
6,67.0,-8.786745373152206
6,67.5,-10.71098034845815
6,68.0,-13.576830151115049
6,68.5,-17.8194999281864
6,69.0,-25.03389640844366
6,69.5,-28.409684989979613
6,70.0,-23.41165269094188
6,70.5,-20.320999181496507
6,71.0,-19.25661276976578
6,71.5,-19.438759807833485
6,72.0,-20.52406714721132
6,72.5,-22.278761672599643
6,73.0,-24.522946545852456
6,73.5,-26.28518357065782
6,74.0,-25.782983711039403
6,74.5,-23.125852527273263
6,75.0,-20.142808473983592
6,75.5,-17.46375845942947
6,76.0,-15.339813150541714
6,76.5,-13.832202804967457
6,77.0,-12.84075132490507
6,77.5,-12.417080143080849
6,78.0,-12.60293145966558
6,78.5,-13.456281420918264
6,79.0,-15.060731139759556
6,79.5,-17.74165803961978
6,80.0,-21.47898449710683
6,80.5,-23.673686260140823
6,81.0,-21.454570258066784
6,81.5,-18.87837555698764
6,82.0,-17.498205045262633
6,82.5,-17.325705671612184
6,83.0,-18.23813279623561
6,83.5,-20.08207490782124
6,84.0,-21.319399231367434
6,84.5,-19.54877648154873
6,85.0,-16.64824488199311
6,85.5,-14.480499099483
6,86.0,-13.131021026340262
6,86.5,-12.610447647672132
6,87.0,-12.922832479486258
6,87.5,-14.146444752283127
6,88.0,-16.49970132595851
6,88.5,-20.969997780123176
6,89.0,-29.11969865109088
6,89.5,-26.408965080645437
6,90.0,-20.050989462878302
6,90.5,-17.318460847449312
6,91.0,-16.457616544519936
6,91.5,-17.072928645295473
6,92.0,-19.42027058961077
6,92.5,-25.775237199865323
6,93.0,-33.51329770073274
6,93.5,-21.515412031235133
6,94.0,-16.095699924559657
6,94.5,-13.207739188427311
6,95.0,-11.6419539110196
6,95.5,-11.005199617787913
6,96.0,-11.187895105625335
6,96.5,-12.254939419108352
6,97.0,-14.466039443115577
6,97.5,-18.75070225667327
6,98.0,-30.518887730051752
6,98.5,-27.296828752636483
6,99.0,-17.844042588210886
6,99.5,-13.998700635236007
6,100.0,-12.333757517290996
7,0.0,-14.898143430583971
7,0.5,-14.175738905060868
7,1.0,-12.7843264200761
7,1.5,-11.476771941136317
7,2.0,-10.54240097393373
7,2.5,-10.003327540444843
7,3.0,-9.81208790726677
7,3.5,-9.914085219876354
7,4.0,-10.250760329416122
7,4.5,-10.730449117538509
7,5.0,-11.231844224004316
7,5.5,-11.622603768875695
7,6.0,-11.81417016241322
7,6.5,-11.83751680489666
7,7.0,-11.796310697574976
7,7.5,-11.825494138475827
7,8.0,-12.03749523141236
7,8.5,-12.495675184611017
7,9.0,-13.22147134941067
7,9.5,-14.158484115524075
7,10.0,-15.112140154970596
7,10.5,-15.808990237104023
7,11.0,-15.834244800623829
7,11.5,-15.055845062493855
7,12.0,-13.7431112333288
7,12.5,-12.258869013476088
7,13.0,-10.701827691200675
7,13.5,-9.202136411083336
7,14.0,-7.84340857643429
7,14.5,-6.5699196433854095
7,15.0,-5.448047497641428
7,15.5,-4.500681059155025
7,16.0,-3.738664691240875
7,16.5,-3.189213497486937
7,17.0,-2.8254717440574604
7,17.5,-2.670498739143756
7,18.0,-2.733743837135112
7,18.5,-3.01471693569594
7,19.0,-3.499178362257572
7,19.5,-4.211107031895621
7,20.0,-5.113900442728935
7,20.5,-6.126321515067827
7,21.0,-7.218310742757461
7,21.5,-8.229476715671158
7,22.0,-9.043128040282184
7,22.5,-9.65178337540782
7,23.0,-10.15130477078006
7,23.5,-10.752425682408774
7,24.0,-11.624243339906188
7,24.5,-12.9511461285529
7,25.0,-14.846719000513874
7,25.5,-16.966355030989547
7,26.0,-17.81823640587211
7,26.5,-16.424753508574838
7,27.0,-14.261462889486058
7,27.5,-12.10452124271882
7,28.0,-10.436157518788375
7,28.5,-9.330078009932375
7,29.0,-8.711951033578417
7,29.5,-8.532326273560411
7,30.0,-8.746931062137046
7,30.5,-9.349405319115972
7,31.0,-10.355979763688524
7,31.5,-11.7911829434061
7,32.0,-13.664788486268597
7,32.5,-16.22999666828441
7,33.0,-19.7004416980794
7,33.5,-24.48478630350068
7,34.0,-28.23548074056477
7,34.5,-26.18928391605207
7,35.0,-23.521768169810763
7,35.5,-21.690639150138985
7,36.0,-20.5508872021177
7,36.5,-19.610143251492246
7,37.0,-18.571618183254863
7,37.5,-17.40568479546257
7,38.0,-16.148739154980536
7,38.5,-14.95949274743368
7,39.0,-13.929791517053316
7,39.5,-13.113211953012549
7,40.0,-12.562746173479558
7,40.5,-12.26728521762337
7,41.0,-12.236693555226276
7,41.5,-12.262256254776544
7,42.0,-12.396274296012535
7,42.5,-12.74157508543591
7,43.0,-13.253565264922427
7,43.5,-13.839159207659886
7,44.0,-14.414002859179998
7,44.5,-15.000045133846513
7,45.0,-15.63467835517497
7,45.5,-16.415003867932995
7,46.0,-17.392557363748704
7,46.5,-18.406347801897372
7,47.0,-18.956402625686724
7,47.5,-18.33434601115152
7,48.0,-16.927552180080944
7,48.5,-15.581662181021295
7,49.0,-14.658609123545036
7,49.5,-14.170249589828362
7,50.0,-14.14344410460584
7,50.5,-14.545247719667652
7,51.0,-15.363049914796962
7,51.5,-16.509119898797536
7,52.0,-17.832587992584564
7,52.5,-19.068964033288648
7,53.0,-19.880831650178656
7,53.5,-20.053094878965588
7,54.0,-19.369698025027617
7,54.5,-17.829401538465525
7,55.0,-15.825119959590676
7,55.5,-13.860696333700115
7,56.0,-12.082358739497916
7,56.5,-10.66239085589117
7,57.0,-9.6685958018546
7,57.5,-9.046661239662548
7,58.0,-8.824909151686052
7,58.5,-9.00066536303249
7,59.0,-9.536779859967297
7,59.5,-10.336234643219605
7,60.0,-11.304689513389118
7,60.5,-12.215119526643091
7,61.0,-12.865621637578712
7,61.5,-13.206655910399288
7,62.0,-13.424175172388937
7,62.5,-13.878940791263704
7,63.0,-14.882448294855308
7,63.5,-16.56343697668762
7,64.0,-18.51965659669314
7,64.5,-18.412654011632057
7,65.0,-15.588914289041409
7,65.5,-12.583669261266175
7,66.0,-10.410783527645812
7,66.5,-8.924262306263728
7,67.0,-8.089667331118733
7,67.5,-7.856132757042356
7,68.0,-8.194892493151947
7,68.5,-9.104765401694715
7,69.0,-10.718616394869796
7,69.5,-13.122839916533476
7,70.0,-16.191690647178763
7,70.5,-18.781109746368053
7,71.0,-18.481674120109844
7,71.5,-16.652321322394265
7,72.0,-15.3549327004365
7,72.5,-15.00211260348082
7,73.0,-15.519997086455207
7,73.5,-16.730120763802464
7,74.0,-17.98048882298416
7,74.5,-17.91847368549065
7,75.0,-16.349670553221486
7,75.5,-14.608969763450087
7,76.0,-13.507328738039408
7,76.5,-13.238162711255235
7,77.0,-13.903490172899794
7,77.5,-15.772480845313163
7,78.0,-19.45231150834765
7,78.5,-23.42882283056321
7,79.0,-19.762008821264605
7,79.5,-14.806135279274317
7,80.0,-11.700591593438723
7,80.5,-9.852556851888748
7,81.0,-8.892248026586396
7,81.5,-8.687495850415804
7,82.0,-9.195184189006229
7,82.5,-10.464389956064352
7,83.0,-12.480681483658088
7,83.5,-14.963524707624074
7,84.0,-15.819952472042178
7,84.5,-13.88616648133202
7,85.0,-11.48082597872605
7,85.5,-9.844397578984278
7,86.0,-8.975512607050156
7,86.5,-8.88252138362197
7,87.0,-9.602720128625988
7,87.5,-11.266431191030916
7,88.0,-14.174012710988904
7,88.5,-19.39632168799597
7,89.0,-23.395819867534208
7,89.5,-18.131508654031943
7,90.0,-13.857881087768147
7,90.5,-11.594132768855642
7,91.0,-10.58535751602498
7,91.5,-10.523210555323642
7,92.0,-11.33510812450692
7,92.5,-13.212901511882748
7,93.0,-16.564733802159676
7,93.5,-21.88762181036163
7,94.0,-23.401313783192528
7,94.5,-18.12507210807414
7,95.0,-14.59352176244901
7,95.5,-12.656777335716065
7,96.0,-11.759922894690511
7,96.5,-11.56582667731548
7,97.0,-11.942799863485437
7,97.5,-12.760572595254356
7,98.0,-13.834091584901827
7,98.5,-14.901934617284384
7,99.0,-15.83493516174146
7,99.5,-16.60394954589235
7,100.0,-17.170395276594533
8,0.0,-14.254992048127257
8,0.5,-14.696516641948229
8,1.0,-16.010188233278072
8,1.5,-18.31123184143564
8,2.0,-20.96822708421817
8,2.5,-21.23772098952501
8,3.0,-18.344649164412143
8,3.5,-15.96066560541898
8,4.0,-14.519837405423749
8,4.5,-13.943256181988286
8,5.0,-14.112160833232872
8,5.5,-14.879578206737095
8,6.0,-15.920682346475605
8,6.5,-16.52500575979022
8,7.0,-15.818828853137186
8,7.5,-14.39140512182196
8,8.0,-13.008122210115674
8,8.5,-12.008840090280668
8,9.0,-11.452128144183948
8,9.5,-11.30949362360034
8,10.0,-11.542145262811216
8,10.5,-12.137308127200331
8,11.0,-13.07117877918287
8,11.5,-14.344702899654813
8,12.0,-15.945180392385602
8,12.5,-17.77374417130814
8,13.0,-19.7762332063184
8,13.5,-21.413955978919137
8,14.0,-21.92774318948151
8,14.5,-21.55207693945411
8,15.0,-21.426087847561785
8,15.5,-22.43098687318825
8,16.0,-25.30362162207614
8,16.5,-29.269642706672187
8,17.0,-26.59216974111195
8,17.5,-20.122191173483447
8,18.0,-16.13282675908127
8,18.5,-13.690212452196988
8,19.0,-12.355593411023012
8,19.5,-11.893030478297176
8,20.0,-12.38213744131703
8,20.5,-14.038064203800625
8,21.0,-17.83477906824672
8,21.5,-24.355236662177955
8,22.0,-20.60575885302193
8,22.5,-13.907556139512469
8,23.0,-10.233220274096896
8,23.5,-7.948430420956694
8,24.0,-6.636109736461628
8,24.5,-6.1077556293510655
8,25.0,-6.290053910624892
8,25.5,-7.20229984584301
8,26.0,-9.09451654401208
8,26.5,-12.466474204731467
8,27.0,-19.04916202440611
8,27.5,-26.39347639717736
8,28.0,-16.791667691924
8,28.5,-11.974312612999627
8,29.0,-9.605540973713278
8,29.5,-8.525546739782786
8,30.0,-8.292375231255946
8,30.5,-8.811074999065243
8,31.0,-10.08759700232098
8,31.5,-12.210552020276705
8,32.0,-15.380811401975786
8,32.5,-20.726971606760102
8,33.0,-29.837323597177637
8,33.5,-26.887352732186304
8,34.0,-20.277664977951275
8,34.5,-16.755464135382276
8,35.0,-14.404105772537264
8,35.5,-12.649626345565668
8,36.0,-11.414962830147072
8,36.5,-10.648356486937653
8,37.0,-10.465757120837088
8,37.5,-10.977276637524632
8,38.0,-12.456560547887117
8,38.5,-15.447603264391931
8,39.0,-21.52175836234203
8,39.5,-22.435564628679103
8,40.0,-16.698218529260952
8,40.5,-12.45222220526837
8,41.0,-9.957837224391772
8,41.5,-8.669082094630499
8,42.0,-8.30068606342841
8,42.5,-8.790302539241047
8,43.0,-10.302359319649472
8,43.5,-13.281555185167392
8,44.0,-19.162808094754748
8,44.5,-25.951589096500275
8,45.0,-17.540904090827727
8,45.5,-12.42922892350532
8,46.0,-9.797329662896413
8,46.5,-8.459677672060058
8,47.0,-7.909955781815019
8,47.5,-7.982799631827627
8,48.0,-8.512739562529983
8,48.5,-9.245118210398784
8,49.0,-9.801038251081405
8,49.5,-9.888528712792974
8,50.0,-9.51349450104845
8,50.5,-9.01631998193956
8,51.0,-8.681116981048506
8,51.5,-8.68946895260324
8,52.0,-9.112065427754372
8,52.5,-9.944767390657386
8,53.0,-11.110898165762862
8,53.5,-12.581741363431258
8,54.0,-14.13510263246331
8,54.5,-15.49377940904217
8,55.0,-16.353837349199345
8,55.5,-16.42044862564394
8,56.0,-15.548772955749763
8,56.5,-13.97762953364761
8,57.0,-12.241772749516096
8,57.5,-10.614478823769357
8,58.0,-9.338269663248226
8,58.5,-8.497261630799995
8,59.0,-8.109731243415652
8,59.5,-8.184539965947435
8,60.0,-8.730664501544647
8,60.5,-9.728381137625018
8,61.0,-11.085079616603704
8,61.5,-12.477727529791908
8,62.0,-13.298445177748064
8,62.5,-13.239532913107489
8,63.0,-12.67312167961245
8,63.5,-12.233220912340034
8,64.0,-12.256816988359256
8,64.5,-12.926119711409868
8,65.0,-14.379695354907064
8,65.5,-16.693684724185495
8,66.0,-19.39376701120354
8,66.5,-20.36982959088019
8,67.0,-18.42621465243002
8,67.5,-16.088636177384714
8,68.0,-14.490114123446444
8,68.5,-13.653633274380818
8,69.0,-13.376305468007754
8,69.5,-13.53436586745321
8,70.0,-13.952833014598792
8,70.5,-14.467371620970445
8,71.0,-14.874362222354264
8,71.5,-15.029723797210446
8,72.0,-14.881809490811005
8,72.5,-14.438368281024772
8,73.0,-13.69221048404994
8,73.5,-12.72794242998566
8,74.0,-11.676063596206358
8,74.5,-10.68740736862013
8,75.0,-9.903028664247827
8,75.5,-9.34663460720819
8,76.0,-9.076634525846687
8,76.5,-9.098985196346671
8,77.0,-9.399538191560389
8,77.5,-9.942031000682782
8,78.0,-10.676951643396118
8,78.5,-11.543899035138688
8,79.0,-12.485926122109564
8,79.5,-13.605584175932838
8,80.0,-15.018683155389471
8,80.5,-17.002949346175548
8,81.0,-19.92935131511364
8,81.5,-23.63829013526576
8,82.0,-24.494309909647576
8,82.5,-20.933913299450115
8,83.0,-17.928955663968186
8,83.5,-16.170848549102544
8,84.0,-15.55440962312472
8,84.5,-16.062777563299097
8,85.0,-17.883189860768752
8,85.5,-21.3874523156188
8,86.0,-24.616103801075862
8,86.5,-21.09240391086978
8,87.0,-16.46870911819883
8,87.5,-13.611040935755964
8,88.0,-12.102811358638284
8,88.5,-11.575401862837625
8,89.0,-12.04812630094442
8,89.5,-13.66982297819058
8,90.0,-17.084343109676777
8,90.5,-21.15670832045264
8,91.0,-17.635164332136743
8,91.5,-12.323640768950344
8,92.0,-8.93738877847306
8,92.5,-6.625863256352612
8,93.0,-5.100680185149521
8,93.5,-4.189884710432614
8,94.0,-3.723027472370404
8,94.5,-3.6596109564163215
8,95.0,-3.9587690971734864
8,95.5,-4.575930729829517
8,96.0,-5.451880805907986
8,96.5,-6.6128632522435735
8,97.0,-8.012006186754459
8,97.5,-9.654826854909423
8,98.0,-11.570167563673024
8,98.5,-13.7440171675134
8,99.0,-16.249798822978516
8,99.5,-18.336543398893195
8,100.0,-18.77815960216522
9,0.0,-13.79200306955841
9,0.5,-14.466896169481554
9,1.0,-16.678356962751145
9,1.5,-21.837569395790705
9,2.0,-27.99852311692728
9,2.5,-19.669527489376577
9,3.0,-14.212201932348345
9,3.5,-11.306317493597057
9,4.0,-9.568754997073269
9,4.5,-8.702534980991244
9,5.0,-8.57043095422517
9,5.5,-9.118989832384472
9,6.0,-10.345689378428792
9,6.5,-12.396470144106832
9,7.0,-15.039395305952656
9,7.5,-16.737323427749722
9,8.0,-15.59484909915042
9,8.5,-13.048738555939702
9,9.0,-10.947017313837042
9,9.5,-9.564187735448904
9,10.0,-8.824473198509647
9,10.5,-8.579030202438373
9,11.0,-8.780870547569537
9,11.5,-9.386131712403268
9,12.0,-10.335710368144223
9,12.5,-11.519679507091258
9,13.0,-12.88905104579743
9,13.5,-14.241086113148038
9,14.0,-15.416655521386566
9,14.5,-16.572007386362063
9,15.0,-18.049881583882136
9,15.5,-20.589130863587844
9,16.0,-24.157876652769364
9,16.5,-23.71517961932781
9,17.0,-17.987392463515942
9,17.5,-13.204051359448798
9,18.0,-9.85187225278455
9,18.5,-7.404364145381432
9,19.0,-5.662955963162752
9,19.5,-4.3849399353183935
9,20.0,-3.5528762872546973
9,20.5,-3.141345923169621
9,21.0,-3.108832553008764
9,21.5,-3.4709897628482125
9,22.0,-4.25769242202491
9,22.5,-5.50429059683332
9,23.0,-7.231126946130535
9,23.5,-9.67005868101814
9,24.0,-12.947235428191382
9,24.5,-16.956762073974875
9,25.0,-18.599762459503587
9,25.5,-16.93853194140435
9,26.0,-15.561956771015032
9,26.5,-15.15397534978523
9,27.0,-15.527813355048192
9,27.5,-16.315478693639996
9,28.0,-16.610051002597682
9,28.5,-15.004946482254455
9,29.0,-12.779129914095371
9,29.5,-10.860719675265608
9,30.0,-9.31707458189392
9,30.5,-8.205853090492182
9,31.0,-7.48694167563861
9,31.5,-7.1037551366245975
9,32.0,-7.022068409806529
9,32.5,-7.2152579295094625
9,33.0,-7.683951340403846
9,33.5,-8.427131442636478
9,34.0,-9.547575553479655
9,34.5,-11.128307222772529
9,35.0,-13.37982667579828
9,35.5,-16.618265711661632
9,36.0,-20.478435996645697
9,36.5,-21.10407285031616
9,37.0,-18.54656898599646
9,37.5,-15.062598857271876
9,38.0,-12.351763882782
9,38.5,-10.506268389724935
9,39.0,-9.222660133635616
9,39.5,-8.312411148640864
9,40.0,-7.684891754827825
9,40.5,-7.225334090512276
9,41.0,-6.904278614575784
9,41.5,-6.694171002864537
9,42.0,-6.577110625715274
9,42.5,-6.545636257152513
9,43.0,-6.590232629089397
9,43.5,-6.702851381373202
9,44.0,-6.869765116672439
9,44.5,-7.100173910842321
9,45.0,-7.403744982449959
9,45.5,-7.820132253239922
9,46.0,-8.405344824878311
9,46.5,-9.20354413821122
9,47.0,-10.328056975659637
9,47.5,-11.762128074596824
9,48.0,-13.31812529517346
9,48.5,-14.372540319825148
9,49.0,-14.219896699795548
9,49.5,-13.13466280181926
9,50.0,-11.988432932793414
9,50.5,-11.308678708704686
9,51.0,-11.245218879228688
9,51.5,-11.912052494920095
9,52.0,-13.329843956167254
9,52.5,-14.892591103115384
9,53.0,-14.751845773082858
9,53.5,-12.540938457813253
9,54.0,-9.889596965364923
9,54.5,-7.705180943683793
9,55.0,-6.164614342817296
9,55.5,-5.265763515957637
9,56.0,-4.910012727714358
9,56.5,-5.116701254951166
9,57.0,-5.898539794040761
9,57.5,-7.413863206702432
9,58.0,-9.88746620614709
9,58.5,-14.005912538678588
9,59.0,-21.71758455125321
9,59.5,-24.053341053863026
9,60.0,-16.77359765764325
9,60.5,-12.977336457497872
9,61.0,-11.16769143979364
9,61.5,-10.416977188584465
9,62.0,-10.37999490231974
9,62.5,-10.83630096459772
9,63.0,-11.582061880327952
9,63.5,-12.365316293985416
9,64.0,-13.042425908489754
9,64.5,-13.54639997544362
9,65.0,-13.993137601338685
9,65.5,-14.510182369219448
9,66.0,-15.015812393749062
9,66.5,-15.192877842876536
9,67.0,-14.688353474258204
9,67.5,-13.630179023670427
9,68.0,-12.508597423784831
9,68.5,-11.728556276847511
9,69.0,-11.440893028344345
9,69.5,-11.78042107433783
9,70.0,-12.82646624574168
9,70.5,-14.810186798645208
9,71.0,-17.817400749431602
9,71.5,-20.62520599513244
9,72.0,-19.782646135844725
9,72.5,-16.948326798814414
9,73.0,-14.76242746949699
9,73.5,-13.624048237776934
9,74.0,-13.411497279936246
9,74.5,-14.028351276963184
9,75.0,-15.43348308729598
9,75.5,-17.755019165363553
9,76.0,-20.831121792348952
9,76.5,-23.563440731894364
9,77.0,-23.91589300176597
9,77.5,-23.224523435786057
9,78.0,-23.499815838446533
9,78.5,-24.144805811566567
9,79.0,-22.53185679292
9,79.5,-18.880980269332923
9,80.0,-15.49323488434237
9,80.5,-12.977558414515403
9,81.0,-11.26528874173911
9,81.5,-10.28010958004292
9,82.0,-9.88955441519002
9,82.5,-10.093732771286575
9,83.0,-10.867022000584544
9,83.5,-12.264946266426932
9,84.0,-14.203026040915534
9,84.5,-16.294506244819946
9,85.0,-17.526403159832
9,85.5,-17.301028556732717
9,86.0,-16.50783377298269
9,86.5,-16.111662715573583
9,87.0,-16.51118780955497
9,87.5,-17.87377733808819
9,88.0,-20.35813758398743
9,88.5,-24.298658545480816
9,89.0,-27.089237551607653
9,89.5,-25.12082367082591
9,90.0,-22.626253211826715
9,90.5,-21.71090075954517
9,91.0,-22.517426324714148
9,91.5,-25.220162540514465
9,92.0,-28.0109657116841
9,92.5,-24.057626359209536
9,93.0,-18.818804576048457
9,93.5,-15.472308301215405
9,94.0,-13.148286265915113
9,94.5,-11.577228388010656
9,95.0,-10.561074243961777
9,95.5,-9.960095785725198
9,96.0,-9.700741332127183
9,96.5,-9.719592264931205
9,97.0,-10.01553616112704
9,97.5,-10.63205673664708
9,98.0,-11.661262207384963
9,98.5,-13.245022194820844
9,99.0,-15.88152702168638
9,99.5,-20.54889314022925
9,100.0,-26.73452416320503
10,0.0,-27.87273326059765
10,0.5,-27.667403486689132
10,1.0,-27.254055254848524
10,1.5,-24.080921297449517
10,2.0,-20.069466502294148
10,2.5,-16.76038632500382
10,3.0,-14.360084472466191
10,3.5,-12.75430593716518
10,4.0,-11.732804250660228
10,4.5,-11.299331849802408
10,5.0,-11.466672054675747
10,5.5,-12.260158991388325
10,6.0,-13.662426348223908
10,6.5,-15.472074078804743
10,7.0,-16.22293552815653
10,7.5,-14.889934969829108
10,8.0,-12.738903441626974
10,8.5,-10.796461377497902
10,9.0,-9.367846302559656
10,9.5,-8.500016122718336
10,10.0,-8.189518767561927
10,10.5,-8.40332947556968
10,11.0,-9.157596268005502
10,11.5,-10.49232548771799
10,12.0,-12.430793797990692
10,12.5,-14.857322993626044
10,13.0,-17.382999672363376
10,13.5,-18.219085724589885
10,14.0,-17.126720781672443
10,14.5,-15.18718328184547
10,15.0,-12.989951054801296
10,15.5,-10.680891492216354
10,16.0,-8.396367429061376
10,16.5,-6.353025093161985
10,17.0,-4.529778200000895
10,17.5,-3.038858051172312
10,18.0,-1.9016874241318389
10,18.5,-1.1110348146198936
10,19.0,-0.6777446255589845
10,19.5,-0.5759524715782064
10,20.0,-0.8284709107738346
10,20.5,-1.437766033037816
10,21.0,-2.483126318774679
10,21.5,-4.017899357984278
10,22.0,-6.1888278602346825
10,22.5,-9.244738105565672
10,23.0,-13.587991411127792
10,23.5,-19.80382637209221
10,24.0,-20.136661490454618
10,24.5,-15.1682483673459
10,25.0,-12.371033564214889
10,25.5,-10.99087140894711
10,26.0,-10.437852526942322
10,26.5,-10.539876076152195
10,27.0,-11.182465009645348
10,27.5,-12.371123680057424
10,28.0,-14.069737081025186
10,28.5,-16.196661667502852
10,29.0,-18.18080355847895
10,29.5,-18.65150582608519
10,30.0,-18.023771672128984
10,30.5,-17.184197970051788
10,31.0,-16.61389919505896
10,31.5,-16.44213658538154
10,32.0,-16.645930511742254
10,32.5,-17.222956114274165
10,33.0,-18.19339315749908
10,33.5,-19.55086359133013
10,34.0,-21.225097695288117
10,34.5,-21.58361545435131
10,35.0,-20.97253027345634
10,35.5,-20.01268417206501
10,36.0,-18.718797788461604
10,36.5,-16.915116925223128
10,37.0,-14.598949864610171
10,37.5,-12.337640995633995
10,38.0,-10.430582235082817
10,38.5,-9.052807436942285
10,39.0,-8.220501142774632
10,39.5,-7.928054556598977
10,40.0,-8.20158688472423
10,40.5,-9.148573248096351
10,41.0,-10.95805200636498
10,41.5,-14.145322563050378
10,42.0,-20.2920342721597
10,42.5,-24.258477398178144
10,43.0,-17.73638278101244
10,43.5,-13.590862245853776
10,44.0,-11.320848051129122
10,44.5,-10.150690529349546
10,45.0,-9.87329314101844
10,45.5,-10.419827022061993
10,46.0,-11.82895829150694
10,46.5,-14.254143490798784
10,47.0,-18.34231301320176
10,47.5,-23.830705278635
10,48.0,-24.974074124318925
10,48.5,-19.83548948260925
10,49.0,-17.08020318936369
10,49.5,-16.04900157353247
10,50.0,-16.30923805796954
10,50.5,-17.761016552616873
10,51.0,-20.822096477332327
10,51.5,-26.178322390362183
10,52.0,-29.54355017553125
10,52.5,-25.5943825818063
10,53.0,-21.93526837655665
10,53.5,-20.55425237426706
10,54.0,-20.616678086663136
10,54.5,-21.37248320645045
10,55.0,-21.24702405338464
10,55.5,-19.612118097205265
10,56.0,-17.58450163534889
10,56.5,-15.829687476527871
10,57.0,-14.421090203723132
10,57.5,-13.546297863038866
10,58.0,-13.224889592942365
10,58.5,-13.244051958182672
10,59.0,-13.243940772753378
10,59.5,-12.850416963146976
10,60.0,-11.93028529664509
10,60.5,-10.783507124166665
10,61.0,-9.784649355255576
10,61.5,-9.163058174706332
10,62.0,-9.041611405236525
10,62.5,-9.503065624670835
10,63.0,-10.671928640610531
10,63.5,-12.700618468726
10,64.0,-16.087365599212166
10,64.5,-20.263340051616776
10,65.0,-20.139272413254155
10,65.5,-15.928607286605576
10,66.0,-12.893773197306482
10,66.5,-11.12309205033156
10,67.0,-10.2930167769472
10,67.5,-10.232102410575653
10,68.0,-10.863014783383036
10,68.5,-12.165221554806
10,69.0,-14.308725981579308
10,69.5,-17.32951566871729
10,70.0,-20.532463070095684
10,70.5,-21.47516337580583
10,71.0,-19.639997004935427
10,71.5,-17.768218926583994
10,72.0,-16.729882449031734
10,72.5,-16.423144756739863
10,73.0,-16.588564406446995
10,73.5,-16.937474421445827
10,74.0,-17.1328733253211
10,74.5,-16.9926592296728
10,75.0,-16.62220212106465
10,75.5,-16.240785017686648
10,76.0,-16.05811746881274
10,76.5,-16.17590502659149
10,77.0,-16.642571757920575
10,77.5,-17.468939456961536
10,78.0,-18.690116230054173
10,78.5,-20.39735476400038
10,79.0,-22.81134332233404
10,79.5,-26.977685145533577
10,80.0,-35.14900026181081
10,80.5,-32.15531969336179
10,81.0,-24.49673649097539
10,81.5,-20.595552412508574
10,82.0,-18.201697784094744
10,82.5,-16.854980945093224
10,83.0,-16.380801190146688
10,83.5,-16.730924850103353
10,84.0,-18.03047583239799
10,84.5,-20.50906694526668
10,85.0,-23.64267717983344
10,85.5,-23.69515237049516
10,86.0,-19.849824528227117
10,86.5,-16.576519873599466
10,87.0,-14.58785112097
10,87.5,-13.58427791819634
10,88.0,-13.441476952998451
10,88.5,-14.143589662894732
10,89.0,-15.7532676422747
10,89.5,-18.001732127084342
10,90.0,-19.12026388896481
10,90.5,-16.919867011285817
10,91.0,-13.79546182226846
10,91.5,-11.40439727929035
10,92.0,-9.869163167027189
10,92.5,-8.970336548990497
10,93.0,-8.67187182626175
10,93.5,-8.927465594230503
10,94.0,-9.749053649577636
10,94.5,-11.13781488131662
10,95.0,-13.048224650584435
10,95.5,-15.065041828735003
10,96.0,-16.03301240467179
10,96.5,-15.295179191869725
10,97.0,-13.815592260832458
10,97.5,-12.559930765724808
10,98.0,-11.776620752721978
10,98.5,-11.456197036401855
10,99.0,-11.498621314673638
10,99.5,-11.822794685301576
10,100.0,-12.18107808418235
11,0.0,-19.377039391321585
11,0.5,-17.419151410733548
11,1.0,-14.431470589928622
11,1.5,-11.772888161413585
11,2.0,-9.66668952309018
11,2.5,-8.092398137600657
11,3.0,-7.009923755871188
11,3.5,-6.426022015078807
11,4.0,-6.3132027661308685
11,4.5,-6.72309882780241
11,5.0,-7.733840687640805
11,5.5,-9.4348751886543
11,6.0,-11.817482779593512
11,6.5,-14.44263331375683
11,7.0,-14.843080055679364
11,7.5,-12.812703091953834
11,8.0,-10.71834616720291
11,8.5,-9.42226516222489
11,9.0,-8.985959162646386
11,9.5,-9.399929258746091
11,10.0,-10.747203651826966
11,10.5,-13.51673807206197
11,11.0,-18.9950200766838
11,11.5,-25.66742796790781
11,12.0,-18.048895939550505
11,12.5,-13.218704732188888
11,13.0,-10.691110178512192
11,13.5,-9.51424570678574
11,14.0,-9.37523336781035
11,14.5,-10.242450827167575
11,15.0,-12.33640548162132
11,15.5,-16.03503595857188
11,16.0,-19.52506540297617
11,16.5,-16.423992293308224
11,17.0,-11.635139745957344
11,17.5,-8.620605614058066
11,18.0,-6.8331079496448615
11,18.5,-5.896919779792296
11,19.0,-5.675333287462105
11,19.5,-6.1231495684433614
11,20.0,-7.314176583188146
11,20.5,-9.396089739920123
11,21.0,-13.081061314757266
11,21.5,-19.95520195429301
11,22.0,-21.71316005694205
11,22.5,-14.677021456651556
11,23.0,-10.876400189675596
11,23.5,-8.681078491355962
11,24.0,-7.487070809662238
11,24.5,-7.010904033255436
11,25.0,-7.097681768593465
11,25.5,-7.659778850680631
11,26.0,-8.695524511683686
11,26.5,-10.16675617034881
11,27.0,-11.9958689414216
11,27.5,-14.255142672213069
11,28.0,-16.789470163462617
11,28.5,-19.368982984539397
11,29.0,-21.51828578329188
11,29.5,-22.570072828472927
11,30.0,-21.764954918001063
11,30.5,-19.198244351349576
11,31.0,-16.41709611232888
11,31.5,-14.158648380540493
11,32.0,-12.537149371475811
11,32.5,-11.401565140710357
11,33.0,-10.762223353824997
11,33.5,-10.61122119747172
11,34.0,-10.96261304446105
11,34.5,-11.895377238458195
11,35.0,-13.59168872050006
11,35.5,-16.389073354027996
11,36.0,-20.46040667115601
11,36.5,-21.128032450540072
11,37.0,-17.820643547401303
11,37.5,-14.8702142818305
11,38.0,-12.555479425376504
11,38.5,-11.03707725225816
11,39.0,-10.240621958161023
11,39.5,-10.086756936857068
11,40.0,-10.560487779539107
11,40.5,-11.763882097668878
11,41.0,-13.833472605565088
11,41.5,-16.836083139864698
11,42.0,-19.04973425287963
11,42.5,-18.097424313842456
11,43.0,-15.809205972276075
11,43.5,-13.746752064626993
11,44.0,-12.575122552587754
11,44.5,-12.298348610507636
11,45.0,-12.991087601371062
11,45.5,-14.90264352635149
11,46.0,-18.578267106417474
11,46.5,-22.9533959534134
11,47.0,-20.785377318528752
11,47.5,-15.18191557763114
11,48.0,-11.849420021085468
11,48.5,-9.889872878766145
11,49.0,-8.889721770210711
11,49.5,-8.612127414980762
11,50.0,-9.045686175644018
11,50.5,-10.200153380127936
11,51.0,-12.262654160805056
11,51.5,-15.155216878873848
11,52.0,-17.491519686939384
11,52.5,-16.588767776762964
11,53.0,-13.111462385390023
11,53.5,-10.537469499730642
11,54.0,-8.962198248248612
11,54.5,-8.13299619347996
11,55.0,-7.88864746783642
11,55.5,-8.143371646908642
11,56.0,-8.870615699293184
11,56.5,-10.039136177032844
11,57.0,-11.580403688763644
11,57.5,-13.547821308353193
11,58.0,-15.776241362044482
11,58.5,-17.96424394760308
11,59.0,-19.544981267357628
11,59.5,-19.94655217405485
11,60.0,-19.20322717211192
11,60.5,-17.81535705296776
11,61.0,-16.303577665339713
11,61.5,-15.001750857463064
11,62.0,-14.110615973209818
11,62.5,-13.673047027361742
11,63.0,-13.798384111321596
11,63.5,-14.575938657520686
11,64.0,-16.26770765864772
11,64.5,-19.2826843541713
11,65.0,-24.080311508909237
11,65.5,-25.053731566624528
11,66.0,-19.9210778840662
11,66.5,-15.993667999577896
11,67.0,-13.546089959780018
11,67.5,-12.045083531684512
11,68.0,-11.18583752714166
11,68.5,-10.808816234022537
11,69.0,-10.748927041152248
11,69.5,-10.87375082069268
11,70.0,-11.02455425006174
11,70.5,-11.082001838493907
11,71.0,-11.00721809819327
11,71.5,-10.886854009305024
11,72.0,-10.88196823452826
11,72.5,-11.14868816555606
11,73.0,-11.858840822244572
11,73.5,-13.175263305270802
11,74.0,-15.386282935298755
11,74.5,-18.944958936140846
11,75.0,-22.46105699802872
11,75.5,-23.283531272773555
11,76.0,-19.658239175144757
11,76.5,-16.502153651641127
11,77.0,-14.601857818328304
11,77.5,-13.686959409539334
11,78.0,-13.572329070317531
11,78.5,-14.17245498227406
11,79.0,-15.459002186938411
11,79.5,-17.55253845951692
11,80.0,-20.21064961920748
11,80.5,-21.927633504168597
11,81.0,-20.894654934922823
11,81.5,-18.765092816415432
11,82.0,-16.997709185832157
11,82.5,-15.866238786700528
11,83.0,-15.262807373035349
11,83.5,-14.97981384715229
11,84.0,-14.865639569285042
11,84.5,-14.769415692448211
11,85.0,-14.612610261123669
11,85.5,-14.43054087123995
11,86.0,-14.322069740627889
11,86.5,-14.421681245318004
11,87.0,-14.853535827928674
11,87.5,-15.718564038210818
11,88.0,-17.094649459930228
11,88.5,-19.24859064981988
11,89.0,-22.432363811971538
11,89.5,-26.726682393480456
11,90.0,-29.41269341726164
11,90.5,-26.53991105236025
11,91.0,-23.217650979199377
11,91.5,-21.033363422027254
11,92.0,-19.57422220934661
11,92.5,-18.31935768890961
11,93.0,-17.025121634292553
11,93.5,-15.627239445536905
11,94.0,-14.1069553745096
11,94.5,-12.645448673822138
11,95.0,-11.360376302298064
11,95.5,-10.312062435782387
11,96.0,-9.54936558593073
11,96.5,-9.025909492058304
11,97.0,-8.748830165378113
11,97.5,-8.684300608693423
11,98.0,-8.759705427762487
11,98.5,-8.866951135082143
11,99.0,-8.881513804286117
11,99.5,-8.698342823656443
11,100.0,-8.43396124723917
12,0.0,-13.0347580140128
12,0.5,-13.14424862679505
12,1.0,-13.45699675997312
12,1.5,-13.972139193784876
12,2.0,-14.619539036841166
12,2.5,-15.258195476351837
12,3.0,-15.639396925846428
12,3.5,-15.4915317469422
12,4.0,-14.73958715132833
12,4.5,-13.648087310010132
12,5.0,-12.5699582872112
12,5.5,-11.739697252609153
12,6.0,-11.291985020954254
12,6.5,-11.276538922670522
12,7.0,-11.789909109404867
12,7.5,-12.928379111937293
12,8.0,-15.02180696805994
12,8.5,-18.594600957426053
12,9.0,-24.55308162159727
12,9.5,-23.601577941349337
12,10.0,-17.726164268895
12,10.5,-14.196665098399595
12,11.0,-12.095178850155287
12,11.5,-10.931461673504671
12,12.0,-10.46766431964316
12,12.5,-10.595976050962728
12,13.0,-11.255841641928669
12,13.5,-12.339546041293884
12,14.0,-13.543073911739665
12,14.5,-14.371363339295227
12,15.0,-14.243214625666305
12,15.5,-13.364156261332717
12,16.0,-12.418955119723286
12,16.5,-11.805252739398552
12,17.0,-11.580764905078338
12,17.5,-11.725558004773594
12,18.0,-12.12200306287952
12,18.5,-12.572565115845068
12,19.0,-12.860997555630046
12,19.5,-12.90631313800351
12,20.0,-12.823705598315213
12,20.5,-12.895717903299207
12,21.0,-13.43341711882938
12,21.5,-14.739242140087384
12,22.0,-17.327910938204408
12,22.5,-22.31507618894452
12,23.0,-26.1977669927145
12,23.5,-22.103494089684805
12,24.0,-16.814777045589512
12,24.5,-13.853271277934647
12,25.0,-12.24233202870774
12,25.5,-11.601719988393684
12,26.0,-11.758488828425753
12,26.5,-12.74748058374697
12,27.0,-14.65688242562917
12,27.5,-17.85996071613572
12,28.0,-21.552700816211157
12,28.5,-21.596469192633965
12,29.0,-17.494438680253168
12,29.5,-14.45378406885494
12,30.0,-12.627580228267142
12,30.5,-11.674951554057625
12,31.0,-11.404691217465448
12,31.5,-11.715258657556811
12,32.0,-12.569995172336249
12,32.5,-14.089071310799174
12,33.0,-16.386513966411503
12,33.5,-19.39479621530567
12,34.0,-22.25796684854732
12,34.5,-20.8033051149582
12,35.0,-16.555287278123206
12,35.5,-13.343519286985432
12,36.0,-11.186510689363732
12,36.5,-9.6664066681102
12,37.0,-8.704877399499571
12,37.5,-8.247478848835176
12,38.0,-8.241657731261457
12,38.5,-8.7084475958331
12,39.0,-9.68755401679236
12,39.5,-11.205686569240084
12,40.0,-13.181552798229806
12,40.5,-15.416036599747471
12,41.0,-16.833592619671016
12,41.5,-16.510670383893224
12,42.0,-15.30956823787848
12,42.5,-14.373229218884944
12,43.0,-13.985843892715712
12,43.5,-14.115562787172106
12,44.0,-14.475698338583562
12,44.5,-14.577714278766772
12,45.0,-13.983534935637037
12,45.5,-12.840408906413897
12,46.0,-11.647080138976936
12,46.5,-10.759828159480746
12,47.0,-10.26518535519827
12,47.5,-10.246302593762335
12,48.0,-10.753093855782524
12,48.5,-11.83495187206096
12,49.0,-13.553251576345849
12,49.5,-16.265732247415578
12,50.0,-20.54573608728389
12,50.5,-28.22532273618273
12,51.0,-32.5365515914305
12,51.5,-24.825614862180192
12,52.0,-21.118381518088768
12,52.5,-19.494749423095357
12,53.0,-19.06131283702688
12,53.5,-19.543043443304715
12,54.0,-20.99679154045636
12,54.5,-23.63516496254842
12,55.0,-25.699859401507982
12,55.5,-22.92813326554314
12,56.0,-19.296347065404937
12,56.5,-16.56387559922276
12,57.0,-14.62044586903665
12,57.5,-13.19850003140048
12,58.0,-12.246223965631945
12,58.5,-11.635384711180318
12,59.0,-11.173855971193502
12,59.5,-10.65511152430052
12,60.0,-9.87483481660445
12,60.5,-8.852826627022738
12,61.0,-7.754361447085228
12,61.5,-6.782809678655429
12,62.0,-6.109799276821646
12,62.5,-5.795710029021604
12,63.0,-5.943255515243121
12,63.5,-6.62802139192722
12,64.0,-8.051277774992336
12,64.5,-10.483584505252628
12,65.0,-14.446961530193658
12,65.5,-18.206672328352248
12,66.0,-15.228556142448308
12,66.5,-10.80457402267234
12,67.0,-7.930220712717709
12,67.5,-6.178702853768507
12,68.0,-5.198583835762067
12,68.5,-4.836513980805718
12,69.0,-4.98005966736664
12,69.5,-5.583935332155096
12,70.0,-6.556968943848229
12,70.5,-7.840947523564893
12,71.0,-9.157117957679654
12,71.5,-10.11199537602176
12,72.0,-10.46545569064291
12,72.5,-10.40094807053262
12,73.0,-10.321047733681642
12,73.5,-10.530365569804095
12,74.0,-11.200464849295416
12,74.5,-12.40223906187064
12,75.0,-14.0918070431467
12,75.5,-16.16472154109129
12,76.0,-17.789471233468877
12,76.5,-17.92067362775401
12,77.0,-16.803869095040277
12,77.5,-15.50366405514513
12,78.0,-14.5323254604979
12,78.5,-13.902404972138648
12,79.0,-13.476977584090513
12,79.5,-13.024029969353698
12,80.0,-12.385090331061171
12,80.5,-11.502458420292337
12,81.0,-10.463777680840186
12,81.5,-9.439253971144682
12,82.0,-8.486229835004242
12,82.5,-7.716131439104175
12,83.0,-7.1943629199559895
12,83.5,-6.921384582705498
12,84.0,-6.939543064926359
12,84.5,-7.280810464764692
12,85.0,-7.965244874932353
12,85.5,-8.984931146325655
12,86.0,-10.409202469885372
12,86.5,-12.141275841002717
12,87.0,-13.918096851869182
12,87.5,-15.186402499306
12,88.0,-15.520146525449908
12,88.5,-15.252765581522985
12,89.0,-14.991186082685957
12,89.5,-15.11224470924525
12,90.0,-15.777826993584188
12,90.5,-17.025456069583402
12,91.0,-18.79605917613158
12,91.5,-20.731026457891016
12,92.0,-22.02936957379515
12,92.5,-22.331596577575883
12,93.0,-22.23912866310927
12,93.5,-22.50102388266133
12,94.0,-23.24983613194174
12,94.5,-23.568157437590845
12,95.0,-22.0125647747528
12,95.5,-19.31221459675236
12,96.0,-16.889700600199408
12,96.5,-14.997847928944818
12,97.0,-13.709722655630642
12,97.5,-12.964789101950757
12,98.0,-12.680781219986237
12,98.5,-12.78703663956738
12,99.0,-13.21213288729363
12,99.5,-13.848028162040672
12,100.0,-14.361075530376205
13,0.0,-5.85592553752465
13,0.5,-5.983029263357002
13,1.0,-6.354820666878783
13,1.5,-7.007974014017517
13,2.0,-7.954232381769684
13,2.5,-9.239737249118985
13,3.0,-10.922613462562202
13,3.5,-13.047325526724189
13,4.0,-15.963164453890286
13,4.5,-20.08397541623005
13,5.0,-26.39712309377728
13,5.5,-29.098956185590136
13,6.0,-25.399392994748208
13,6.5,-22.224222300181307
13,7.0,-20.355771750464505
13,7.5,-19.375496012881783
13,8.0,-18.76195817720728
13,8.5,-18.147620893959395
13,9.0,-17.318961558147112
13,9.5,-16.353635734058795
13,10.0,-15.485883639196068
13,10.5,-14.840517883793424
13,11.0,-14.553855837108957
13,11.5,-14.709697789986658
13,12.0,-15.37379023455426
13,12.5,-16.6014780117075
13,13.0,-18.55893466557831
13,13.5,-21.17710556733841
13,14.0,-23.705407765418794
13,14.5,-22.770250255620997
13,15.0,-18.799295798013624
13,15.5,-15.580898890513769
13,16.0,-13.203803466810076
13,16.5,-11.45829682069727
13,17.0,-10.075257807956314
13,17.5,-9.02864514919572
13,18.0,-8.288970943898194
13,18.5,-7.842007238958068
13,19.0,-7.700647078173708
13,19.5,-7.874970035466318
13,20.0,-8.393416410529031
13,20.5,-9.250208910388984
13,21.0,-10.490844773810878
13,21.5,-11.974043836206684
13,22.0,-13.316730842470667
13,22.5,-13.935093240329214
13,23.0,-13.657722143591435
13,23.5,-12.889881903699552
13,24.0,-12.17121787867694
13,24.5,-11.81806725693588
13,25.0,-11.926290607734028
13,25.5,-12.491182688872494
13,26.0,-13.510931390327537
13,26.5,-14.847629277552036
13,27.0,-16.17063140262004
13,27.5,-17.084770452488478
13,28.0,-17.224029835669814
13,28.5,-16.731090123639884
13,29.0,-15.956142094360125
13,29.5,-15.07530400776196
13,30.0,-14.004610982250878
13,30.5,-12.711684758067154
13,31.0,-11.29545178466346
13,31.5,-10.000380611751831
13,32.0,-9.025569368804636
13,32.5,-8.384438698610053
13,33.0,-8.13865291630776
13,33.5,-8.30378893042695
13,34.0,-8.914870304043209
13,34.5,-10.0020375283823
13,35.0,-11.626985918044127
13,35.5,-13.841098928887568
13,36.0,-16.59442189570481
13,36.5,-19.91053503199216
13,37.0,-23.075422402890784
13,37.5,-25.378060465596345
13,38.0,-26.793560438934197
13,38.5,-25.09828471215758
13,39.0,-21.532557791359523
13,39.5,-18.07294370397995
13,40.0,-15.146930070249743
13,40.5,-12.62268350071234
13,41.0,-10.666469778376015
13,41.5,-9.25633548186876
13,42.0,-8.31323439515465
13,42.5,-7.794411365781939
13,43.0,-7.620021271853654
13,43.5,-7.767290538084891
13,44.0,-8.185773828029516
13,44.5,-8.857948411420933
13,45.0,-9.712714570041758
13,45.5,-10.666407186897048
13,46.0,-11.597068274336989
13,46.5,-12.341594494126843
13,47.0,-12.831817999523627
13,47.5,-13.018838100919758
13,48.0,-12.972147186776317
13,48.5,-12.82337394964511
13,49.0,-12.703697733475948
13,49.5,-12.716481198344283
13,50.0,-12.957550368045718
13,50.5,-13.495376656530205
13,51.0,-14.4587624352263
13,51.5,-15.95786484682404
13,52.0,-18.22345396500938
13,52.5,-21.681143367899075
13,53.0,-27.031284274822017
13,53.5,-27.21308332484652
13,54.0,-22.834053866461588
13,54.5,-20.09009158098164
13,55.0,-18.28501595704737
13,55.5,-17.14560698821977
13,56.0,-16.411930911009637
13,56.5,-15.98960702707711
13,57.0,-15.79922472338926
13,57.5,-15.791557941994377
13,58.0,-15.98748278445787
13,58.5,-16.457316441407475
13,59.0,-17.308586828649062
13,59.5,-18.67522319715511
13,60.0,-20.966709176610784
13,60.5,-24.88801318719369
13,61.0,-31.4202046086796
13,61.5,-28.31567076356072
13,62.0,-22.51174377501927
13,62.5,-18.86200575689878
13,63.0,-16.423541645070493
13,63.5,-14.77962342541655
13,64.0,-13.59208609107914
13,64.5,-12.779880487939163
13,65.0,-12.264837965782256
13,65.5,-11.987955042886234
13,66.0,-11.922438637410778
13,66.5,-12.055647019268308
13,67.0,-12.398683930555446
13,67.5,-12.977383719025664
13,68.0,-13.808066361408006
13,68.5,-14.851783376881418
13,69.0,-16.074347427158603
13,69.5,-17.14186949648991
13,70.0,-17.542881351531882
13,70.5,-17.058515269486264
13,71.0,-16.048073614474163
13,71.5,-15.033357089668604
13,72.0,-14.304331874237516
13,72.5,-13.981530322194883
13,73.0,-14.092239990649867
13,73.5,-14.686790996508831
13,74.0,-15.840450908692013
13,74.5,-17.654005979774542
13,75.0,-20.22409349104917
13,75.5,-23.78074218755279
13,76.0,-26.473315480229
13,76.5,-25.08273551004746
13,77.0,-22.190616547502927
13,77.5,-19.950993290288128
13,78.0,-18.428979242725724
13,78.5,-17.36100870165838
13,79.0,-16.56007459074554
13,79.5,-15.82500559433986
13,80.0,-15.109637180661002
13,80.5,-14.41913557592686
13,81.0,-13.805248621590996
13,81.5,-13.34585224441872
13,82.0,-13.06977645235488
13,82.5,-13.039924997139988
13,83.0,-13.297047572232689
13,83.5,-13.921232088952232
13,84.0,-15.004930885031529
13,84.5,-16.752938806338534
13,85.0,-19.58315235877727
13,85.5,-24.668679157406988
13,86.0,-33.960321458355835
13,86.5,-25.85794368071148
13,87.0,-19.01559182972895
13,87.5,-15.178031417071148
13,88.0,-12.648973983769787
13,88.5,-10.750118641909737
13,89.0,-9.350429593780344
13,89.5,-8.380981414033714
13,90.0,-7.736363695274766
13,90.5,-7.437048867299811
13,91.0,-7.509202529500718
13,91.5,-7.996872921104498
13,92.0,-8.970031146580508
13,92.5,-10.692874383011317
13,93.0,-13.596782526023642
13,93.5,-19.02329848203449
13,94.0,-30.308445416233045
13,94.5,-19.525708845190987
13,95.0,-13.05983426335691
13,95.5,-9.6097537933856
13,96.0,-7.499026207493983
13,96.5,-6.0971461871498365
13,97.0,-5.267082655761186
13,97.5,-4.920152528539454
13,98.0,-5.001097036759146
13,98.5,-5.482192740378242
13,99.0,-6.407174081307032
13,99.5,-7.803024655682184
13,100.0,-9.145433496738637
14,0.0,-22.974966591232437
14,0.5,-22.210604799869994
14,1.0,-21.086689680142616
14,1.5,-20.02782600183164
14,2.0,-19.19442230461866
14,2.5,-18.609732759652683
14,3.0,-18.169888536721363
14,3.5,-17.679424658964933
14,4.0,-17.33990429767671
14,4.5,-17.38089057030517
14,5.0,-17.844815428992924
14,5.5,-18.70010024460223
14,6.0,-19.790458342181054
14,6.5,-20.888613553266616
14,7.0,-21.591472743780844
14,7.5,-21.69339358649077
14,8.0,-21.40056532835378
14,8.5,-21.231948760224697
14,9.0,-21.715504628751944
14,9.5,-23.266769799686053
14,10.0,-25.995570657608308
14,10.5,-25.60473258520813
14,11.0,-21.37377964091341
14,11.5,-17.34313865779073
14,12.0,-14.26620043299162
14,12.5,-12.134499287555686
14,13.0,-10.65084790564976
14,13.5,-9.793691158248262
14,14.0,-9.551731426329798
14,14.5,-9.963941835883167
14,15.0,-11.202331028416634
14,15.5,-13.723299347619392
14,16.0,-18.751193845591583
14,16.5,-25.23665463031286
14,17.0,-18.39119420483855
14,17.5,-12.0627913403766
14,18.0,-8.532332728915733
14,18.5,-6.238808627266611
14,19.0,-4.755170767492445
14,19.5,-3.773291878241914
14,20.0,-3.221837480321451
14,20.5,-3.026043705059042
14,21.0,-3.1015016630583827
14,21.5,-3.37542720031816
14,22.0,-3.751783697956056
14,22.5,-4.1206587108128
14,23.0,-4.39651705490858
14,23.5,-4.600303666023289
14,24.0,-4.812858959773896
14,24.5,-5.170182107270321
14,25.0,-5.809229322577672
14,25.5,-6.84298719690916
14,26.0,-8.527891470324649
14,26.5,-11.154602730779205
14,27.0,-15.231651459131385
14,27.5,-20.81612263838733
14,28.0,-20.640665635665883
14,28.5,-14.891391999483629
14,29.0,-11.570040592064965
14,29.5,-9.81756235304148
14,30.0,-8.954308056612632
14,30.5,-8.79982207454525
14,31.0,-9.209646650928164
14,31.5,-9.904061664055922
14,32.0,-10.55670209521534
14,32.5,-11.236958004793744
14,33.0,-11.911245659102716
14,33.5,-12.304853147893128
14,34.0,-12.19152665322752
14,34.5,-11.761101972233224
14,35.0,-11.466659598307713
14,35.5,-11.58128031217384
14,36.0,-12.182574231463594
14,36.5,-13.278241739149925
14,37.0,-14.137898771401607
14,37.5,-13.559233715887936
14,38.0,-12.457697568162772
14,38.5,-11.25723986950553
14,39.0,-10.132386713648566
14,39.5,-9.219463883161776
14,40.0,-8.609836465155771
14,40.5,-8.288542215540625
14,41.0,-8.271701592809983
14,41.5,-8.55129537751938
14,42.0,-9.102492107002384
14,42.5,-9.878265910665466
14,43.0,-10.897349388658045
14,43.5,-12.094880294333151
14,44.0,-13.36998355905083
14,44.5,-14.697661809188656
14,45.0,-15.85586309130597
14,45.5,-16.566694607820054
14,46.0,-16.63329735179593
14,46.5,-16.143182740995993
14,47.0,-15.36009306319042
14,47.5,-14.569417773132631
14,48.0,-13.932230142154882
14,48.5,-13.51731543860028
14,49.0,-13.356560456685228
14,49.5,-13.445245720690266
14,50.0,-13.779457972173176
14,50.5,-14.318603363834756
14,51.0,-15.052044409217476
14,51.5,-15.894047261444474
14,52.0,-16.746714428850296
14,52.5,-17.49066276748231
14,53.0,-18.005791902465734
14,53.5,-18.2908387694485
14,54.0,-18.38303068943151
14,54.5,-18.361960588927392
14,55.0,-18.275966890179426
14,55.5,-18.130505929457136
14,56.0,-17.907772540575085
14,56.5,-17.63528346654049
14,57.0,-17.388817691136865
14,57.5,-17.252637701137754
14,58.0,-17.342129274903144
14,58.5,-17.77501637761153
14,59.0,-18.658318732406467
14,59.5,-20.046005681030167
14,60.0,-21.91500044129155
14,60.5,-22.674070003191776
14,61.0,-20.745754331873023
14,61.5,-17.95068785180125
14,62.0,-15.476062314214872
14,62.5,-13.442045021055318
14,63.0,-11.910420412273002
14,63.5,-10.858299519793505
14,64.0,-10.176191097474565
14,64.5,-9.873632774451456
14,65.0,-9.954510284007918
14,65.5,-10.428654214976325
14,66.0,-11.312032879676
14,66.5,-12.742581090371376
14,67.0,-14.826935931647911
14,67.5,-17.719294624933124
14,68.0,-20.7870323648954
14,68.5,-20.93814517365916
14,69.0,-18.0384208259659
14,69.5,-15.156696015520522
14,70.0,-13.088189383614548
14,70.5,-11.585778516260463
14,71.0,-10.572186242443813
14,71.5,-9.963422929945208
14,72.0,-9.699224745356489
14,72.5,-9.753924792046664
14,73.0,-10.12811925557922
14,73.5,-10.836960884778504
14,74.0,-11.928044005746164
14,74.5,-13.464897207406548
14,75.0,-15.499990292386917
14,75.5,-18.333930153894546
14,76.0,-21.92496799188228
14,76.5,-24.42680395191077
14,77.0,-23.019153097803056
14,77.5,-20.28311578245609
14,78.0,-18.219160331496223
14,78.5,-16.895098086374734
14,79.0,-16.18040592393351
14,79.5,-15.917955474453397
14,80.0,-16.06761902865317
14,80.5,-16.612402449573295
14,81.0,-17.5556998690764
14,81.5,-18.910834889486285
14,82.0,-20.89309585063719
14,82.5,-23.73354099338681
14,83.0,-27.85637234289045
14,83.5,-32.94517790136173
14,84.0,-31.174506473513546
14,84.5,-26.162810964662743
14,85.0,-22.87961189164024
14,85.5,-20.83211621810256
14,86.0,-19.480280647159248
14,86.5,-18.707096388520423
14,87.0,-18.44182591915767
14,87.5,-18.64043819986118
14,88.0,-19.25481737062132
14,88.5,-20.219990255981607
14,89.0,-21.18104428060908
14,89.5,-21.48158061124997
14,90.0,-20.74461542876852
14,90.5,-19.409363468208934
14,91.0,-18.15875650033472
14,91.5,-17.365548409159715
14,92.0,-17.19754191616721
14,92.5,-17.777984758786957
14,93.0,-19.31946014221017
14,93.5,-22.028780618924248
14,94.0,-24.95141859034224
14,94.5,-22.79054872744205
14,95.0,-18.338343203937782
14,95.5,-15.01562638787457
14,96.0,-12.803769957050903
14,96.5,-11.28019774868838
14,97.0,-10.34629837170274
14,97.5,-9.910861999940687
14,98.0,-9.89595617290973
14,98.5,-10.23311070472252
14,99.0,-10.87216314902087
14,99.5,-11.69957345244219
14,100.0,-12.34050098818802
15,0.0,-20.315546173410294
15,0.5,-19.95406275144533
15,1.0,-19.253845467771907
15,1.5,-18.675320789512128
15,2.0,-18.45020155657528
15,2.5,-18.606124605252194
15,3.0,-19.110092834496516
15,3.5,-20.0109351254126
15,4.0,-21.394308175830314
15,4.5,-22.885212426640443
15,5.0,-25.12015654510766
15,5.5,-28.46843575948429
15,6.0,-29.42541419105329
15,6.5,-26.69316660493176
15,7.0,-24.140820227757484
15,7.5,-21.27846894264166
15,8.0,-18.91246373444274
15,8.5,-16.874112984137433
15,9.0,-15.018897548071305
15,9.5,-13.295676000060476
15,10.0,-11.762402788154404
15,10.5,-10.361527516039477
15,11.0,-9.187494227137432
15,11.5,-8.293530645126305
15,12.0,-7.722112216735951
15,12.5,-7.532930546620259
15,13.0,-7.787525332399684
15,13.5,-8.605335953050652
15,14.0,-10.142520636701434
15,14.5,-12.927319426558212
15,15.0,-17.618453297898203
15,15.5,-21.69910657302921
15,16.0,-16.34986674851444
15,16.5,-11.381656881092532
15,17.0,-8.356667277323883
15,17.5,-6.488747049157952
15,18.0,-5.422979800049804
15,18.5,-4.988471190751676
15,19.0,-5.126662385779764
15,19.5,-5.857031126461833
15,20.0,-7.25132179411977
15,20.5,-9.405569213515072
15,21.0,-12.695631779202431
15,21.5,-16.467757096121918
15,22.0,-16.43839873323555
15,22.5,-13.078907879111302
15,23.0,-10.421409671465684
15,23.5,-8.714164830199485
15,24.0,-7.782708555526579
15,24.5,-7.45497864587154
15,25.0,-7.602202729472924
15,25.5,-8.119285204960807
15,26.0,-8.938304541828117
15,26.5,-9.899112372630022
15,27.0,-10.768030001435733
15,27.5,-11.381936384441554
15,28.0,-11.625515806737235
15,28.5,-11.586437614882568
15,29.0,-11.438904204153502
15,29.5,-11.312581031605148
15,30.0,-11.25419703761272
15,30.5,-11.266909692767689
15,31.0,-11.32459135391308
15,31.5,-11.402083065205783
15,32.0,-11.499553398494164
15,32.5,-11.667616069518155
15,33.0,-11.987323113840082
15,33.5,-12.559612565734012
15,34.0,-13.58476853610605
15,34.5,-15.297901600887776
15,35.0,-18.25110356766467
15,35.5,-24.06431858781556
15,36.0,-31.964255803141132
15,36.5,-22.70829597653728
15,37.0,-16.75502443983218
15,37.5,-13.577823110513648
15,38.0,-11.52789784993512
15,38.5,-10.266441669280477
15,39.0,-9.617033268601793
15,39.5,-9.478284263236144
15,40.0,-9.800685264634753
15,40.5,-10.59293251060341
15,41.0,-11.85051290642576
15,41.5,-13.590600447519776
15,42.0,-15.774351376582196
15,42.5,-18.169129768707137
15,43.0,-20.514949536638323
15,43.5,-22.241803069672407
15,44.0,-23.21814638692196
15,44.5,-23.491174838829192
15,45.0,-22.687220894605478
15,45.5,-20.93904776574103
15,46.0,-18.728833397428808
15,46.5,-16.61522011687972
15,47.0,-14.731473305806178
15,47.5,-13.206852052490598
15,48.0,-12.03830040372519
15,48.5,-11.195199766326343
15,49.0,-10.67941387366938
15,49.5,-10.462359395614444
15,50.0,-10.587751574965004
15,50.5,-11.099826504907336
15,51.0,-12.145749526530784
15,51.5,-13.929666045214388
15,52.0,-16.993670167243543
15,52.5,-23.094801278453204
15,53.0,-31.231575075594822
15,53.5,-21.89587410608924
15,54.0,-15.91446399237525
15,54.5,-12.736892466732105
15,55.0,-10.78337651347114
15,55.5,-9.642661712724868
15,56.0,-9.048681886172746
15,56.5,-8.940793877616382
15,57.0,-9.254933215872718
15,57.5,-9.971987398642504
15,58.0,-11.03333863226837
15,58.5,-12.332366749396389
15,59.0,-13.599093819131728
15,59.5,-14.353071897151676
15,60.0,-14.278752697529017
15,60.5,-13.515530719105458
15,61.0,-12.523887197991645
15,61.5,-11.647464809137093
15,62.0,-11.06166535432796
15,62.5,-10.80225485794388
15,63.0,-10.930521280914466
15,63.5,-11.458959837161595
15,64.0,-12.402815760524447
15,64.5,-13.55031554472106
15,65.0,-14.271955880801642
15,65.5,-13.820211178846147
15,66.0,-12.405141264403756
15,66.5,-10.757540391582218
15,67.0,-9.424793332596913
15,67.5,-8.57985270194168
15,68.0,-8.251280108185844
15,68.5,-8.453384555478683
15,69.0,-9.24329663523949
15,69.5,-10.710286416780177
15,70.0,-12.982686814354492
15,70.5,-16.671888918241038
15,71.0,-22.99781513727806
15,71.5,-31.29651573102576
15,72.0,-24.8358550286524
15,72.5,-20.537708452069516
15,73.0,-19.000094786595785
15,73.5,-18.791125211952824
15,74.0,-18.928455953932403
15,74.5,-18.21134162037672
15,75.0,-16.401043724579466
15,75.5,-14.308365152884424
15,76.0,-12.64783486561604
15,76.5,-11.625634344460156
15,77.0,-11.187648910492667
15,77.5,-11.347309524387429
15,78.0,-12.087021670252934
15,78.5,-13.29806330751776
15,79.0,-14.601594389628987
15,79.5,-15.313012059277662
15,80.0,-14.835362270871368
15,80.5,-13.646606206352583
15,81.0,-12.509926090292334
15,81.5,-11.76149726267297
15,82.0,-11.385858039505608
15,82.5,-11.326941984027032
15,83.0,-11.457208026508452
15,83.5,-11.660474231301542
15,84.0,-11.875787044408211
15,84.5,-12.166387266374803
15,85.0,-12.706414031640897
15,85.5,-13.721461892948875
15,86.0,-15.670187042087846
15,86.5,-19.368275114788283
15,87.0,-28.390492350230733
15,87.5,-27.59006053392296
15,88.0,-18.47793978609592
15,88.5,-14.219363806957654
15,89.0,-11.802542774304593
15,89.5,-10.498877250646329
15,90.0,-9.955556907463688
15,90.5,-10.121002963363502
15,91.0,-11.01579299843813
15,91.5,-12.724896364362008
15,92.0,-15.384160203342727
15,92.5,-19.393613155668945
15,93.0,-22.721753161197952
15,93.5,-20.766488244724798
15,94.0,-17.640669853513973
15,94.5,-15.76849545293244
15,95.0,-14.948956662846443
15,95.5,-14.852385214748692
15,96.0,-15.193345755181731
15,96.5,-15.674089134353943
15,97.0,-15.994375753808203
15,97.5,-16.10450008724384
15,98.0,-16.28950648033397
15,98.5,-16.94867222705537
15,99.0,-18.57673664631788
15,99.5,-21.477281424229947
15,100.0,-23.453641698651765
16,0.0,-21.82485696284141
16,0.5,-18.00935615835091
16,1.0,-13.81280004023328
16,1.5,-11.068165369259924
16,2.0,-9.38668201817232
16,2.5,-8.497472208464197
16,3.0,-8.26992623996889
16,3.5,-8.676085884537628
16,4.0,-9.801089884993816
16,4.5,-11.74496433640625
16,5.0,-14.456481613658507
16,5.5,-16.34453988805041
16,6.0,-14.909267382515852
16,6.5,-12.083468771162186
16,7.0,-9.939356488094768
16,7.5,-8.73961325418179
16,8.0,-8.33737014802288
16,8.5,-8.767369332038808
16,9.0,-10.189506874583776
16,9.5,-13.019623364589972
16,10.0,-18.018762003719544
16,10.5,-21.06939769149943
16,11.0,-15.73548138543318
16,11.5,-11.165184653693249
16,12.0,-8.508704509878966
16,12.5,-7.043432020276056
16,13.0,-6.351802206525563
16,13.5,-6.356258655153224
16,14.0,-7.022826253784729
16,14.5,-8.491225108100899
16,15.0,-11.031507914563138
16,15.5,-15.538093233851972
16,16.0,-23.022814008078285
16,16.5,-19.38150046925014
16,17.0,-12.864993606982086
16,17.5,-9.18067537200386
16,18.0,-6.815492304076646
16,18.5,-5.188158494501547
16,19.0,-4.103437537507072
16,19.5,-3.3852759331020783
16,20.0,-3.020466721685253
16,20.5,-2.9955564726971358
16,21.0,-3.3151065335805607
16,21.5,-3.997378876016858
16,22.0,-5.066591807977636
16,22.5,-6.496248471980917
16,23.0,-8.09568581948901
16,23.5,-9.562124911966556
16,24.0,-10.269165312496575
16,24.5,-10.003279905465584
16,25.0,-9.280341636940776
16,25.5,-8.707099645728771
16,26.0,-8.549753120305496
16,26.5,-8.938449283668957
16,27.0,-9.911565309514792
16,27.5,-11.627423671944763
16,28.0,-14.220151496381996
16,28.5,-17.9129907399705
16,29.0,-22.306366258374144
16,29.5,-23.44479963366523
16,30.0,-20.097745982129734
16,30.5,-17.532152475743583
16,31.0,-16.12040364006175
16,31.5,-15.373545740716567
16,32.0,-15.036923070870314
16,32.5,-14.98220966740193
16,33.0,-15.245952939611126
16,33.5,-15.92517733251656
16,34.0,-17.20345013860118
16,34.5,-18.92697543483548
16,35.0,-19.651685554810367
16,35.5,-17.690274206958172
16,36.0,-14.672412435169624
16,36.5,-12.010728919129678
16,37.0,-10.074107606203611
16,37.5,-8.849425645012555
16,38.0,-8.200617717055723
16,38.5,-8.147910686812729
16,39.0,-8.73592448318725
16,39.5,-10.04780583700522
16,40.0,-12.201540937296956
16,40.5,-15.63320486246116
16,41.0,-19.21999047238126
16,41.5,-15.90402260193654
16,42.0,-11.647543564717488
16,42.5,-9.014208274482796
16,43.0,-7.2568012940951006
16,43.5,-6.158364804661534
16,44.0,-5.577048546708018
16,44.5,-5.378906976101644
16,45.0,-5.516823868882514
16,45.5,-5.945279119530436
16,46.0,-6.613657061778663
16,46.5,-7.454446865304633
16,47.0,-8.482167738701705
16,47.5,-9.64184885991272
16,48.0,-10.922630651263544
16,48.5,-12.32884912389904
16,49.0,-13.83665786718806
16,49.5,-15.566778451313535
16,50.0,-17.473434070664734
16,50.5,-19.429760752068624
16,51.0,-21.39086254702826
16,51.5,-23.11685714100023
16,52.0,-24.64067785088263
16,52.5,-26.307802483286068
16,53.0,-28.3869277326765
16,53.5,-29.637299379225688
16,54.0,-27.190460013254107
16,54.5,-23.20975786578181
16,55.0,-19.99316754078602
16,55.5,-17.689708834649522
16,56.0,-15.997321906556582
16,56.5,-14.87889665799912
16,57.0,-14.287988657278138
16,57.5,-14.15110094714364
16,58.0,-14.466197784385107
16,58.5,-15.224034771928864
16,59.0,-16.386689119211972
16,59.5,-17.8327036242429
16,60.0,-19.31049173745681
16,60.5,-19.72838348990533
16,61.0,-18.530002730070457
16,61.5,-16.94223226417642
16,62.0,-15.68927397397086
16,62.5,-14.69275606762861
16,63.0,-13.813533703252943
16,63.5,-12.919584445135442
16,64.0,-11.915828983257075
16,64.5,-10.904705356774544
16,65.0,-10.001791933009578
16,65.5,-9.3055804397113
16,66.0,-8.902474075517025
16,66.5,-8.82197192276923
16,67.0,-9.120771945684812
16,67.5,-9.851395080246716
16,68.0,-11.051554647312878
16,68.5,-12.703734312294849
16,69.0,-14.851519837861703
16,69.5,-17.02272267648391
16,70.0,-18.22757179081112
16,70.5,-18.192243029003897
16,71.0,-17.776764267341477
16,71.5,-17.88820806859931
16,72.0,-19.03735835148592
16,72.5,-21.73757036355887
16,73.0,-26.785190390341043
16,73.5,-26.18057365268756
16,74.0,-20.13728721925045
16,74.5,-16.0216459489839
16,75.0,-13.492014882383195
16,75.5,-11.828086755658113
16,76.0,-10.841048039387532
16,76.5,-10.39841852176312
16,77.0,-10.376619435126516
16,77.5,-10.712094530253248
16,78.0,-11.327111161792104
16,78.5,-12.116659481510968
16,79.0,-12.950157904940998
16,79.5,-13.80706218993081
16,80.0,-14.673473156882975
16,80.5,-15.670650571118
16,81.0,-17.00563684415183
16,81.5,-18.91683890845716
16,82.0,-22.02919930835221
16,82.5,-27.26682266372929
16,83.0,-31.153196462843905
16,83.5,-25.622922812374696
16,84.0,-21.15151751893597
16,84.5,-18.588849330101493
16,85.0,-17.10843025506343
16,85.5,-16.405099486867
16,86.0,-16.28871552866944
16,86.5,-16.73235237095919
16,87.0,-17.776748823062093
16,87.5,-19.54508816947072
16,88.0,-22.28665747809809
16,88.5,-26.79802953645875
16,89.0,-29.897653863699137
16,89.5,-25.272082909210965
16,90.0,-20.49953713052359
16,90.5,-17.332015014936104
16,91.0,-15.191549879942286
16,91.5,-13.751752857513608
16,92.0,-12.900909516429444
16,92.5,-12.525251252870408
16,93.0,-12.639749350969009
16,93.5,-13.25441162770296
16,94.0,-14.490545731328922
16,94.5,-16.501577347725267
16,95.0,-19.687147908919943
16,95.5,-24.761152766871152
16,96.0,-28.878657609034324
16,96.5,-24.518322756473985
16,97.0,-20.293700465349968
16,97.5,-17.8846037854674
16,98.0,-16.53353768400191
16,98.5,-15.91205728957632
16,99.0,-15.795278049530438
16,99.5,-16.08223553897474
16,100.0,-16.480440136360997
17,0.0,-8.095052348411404
17,0.5,-8.36168931524358
17,1.0,-9.158044958235896
17,1.5,-10.62404931632741
17,2.0,-12.927957176228036
17,2.5,-16.50565169554793
17,3.0,-21.473711753153204
17,3.5,-22.62343666674164
17,4.0,-19.45294899097737
17,4.5,-16.346205466201635
17,5.0,-14.498688666160668
17,5.5,-13.67951381736376
17,6.0,-13.646706963607564
17,6.5,-14.300422176113978
17,7.0,-15.63701084788992
17,7.5,-17.66508975601144
17,8.0,-20.6498487549841
17,8.5,-24.415984197390312
17,9.0,-26.48293828446999
17,9.5,-24.21094029050819
17,10.0,-21.201707716168325
17,10.5,-18.74822444674681
17,11.0,-16.82310217186002
17,11.5,-15.289276255857162
17,12.0,-14.09469682116116
17,12.5,-13.278897764730626
17,13.0,-12.830642336416906
17,13.5,-12.828138296098334
17,14.0,-13.321713701769754
17,14.5,-14.413366977662417
17,15.0,-16.06660405280499
17,15.5,-17.603502856560027
17,16.0,-17.055288883117015
17,16.5,-14.645411578079118
17,17.0,-12.034039543017904
17,17.5,-9.922037874895926
17,18.0,-8.368394642108994
17,18.5,-7.301273546278289
17,19.0,-6.6828703324124685
17,19.5,-6.434223633320754
17,20.0,-6.549403443061334
17,20.5,-6.996903981993054
17,21.0,-7.78379811648255
17,21.5,-8.851098129330374
17,22.0,-10.089067790606965
17,22.5,-11.25593799440801
17,23.0,-11.980412581373765
17,23.5,-12.089421295727476
17,24.0,-11.767173417902828
17,24.5,-11.429257999932505
17,25.0,-11.369203637574657
17,25.5,-11.72629384158038
17,26.0,-12.607444893392817
17,26.5,-14.026854652417706
17,27.0,-15.753984620800372
17,27.5,-17.057037920840866
17,28.0,-16.381653726314802
17,28.5,-14.339585945420287
17,29.0,-12.49848161098286
17,29.5,-11.27940276692975
17,30.0,-10.645353753844407
17,30.5,-10.63521103974638
17,31.0,-11.300359753163912
17,31.5,-12.73560402106526
17,32.0,-15.081442508445043
17,32.5,-18.74601315111482
17,33.0,-20.653007470291904
17,33.5,-18.28526935041462
17,34.0,-15.32654512046073
17,34.5,-13.336330891996443
17,35.0,-12.36273753234316
17,35.5,-12.28756619392125
17,36.0,-13.104813165285345
17,36.5,-15.05197883588924
17,37.0,-18.452706710584657
17,37.5,-22.15007428470205
17,38.0,-20.415140774818664
17,38.5,-15.84022554449514
17,39.0,-12.951122879013049
17,39.5,-11.350241153556215
17,40.0,-10.746110648824232
17,40.5,-11.019886398424994
17,41.0,-12.30012857958417
17,41.5,-15.040937196148732
17,42.0,-20.364504084980904
17,42.5,-24.132152166032476
17,43.0,-17.195840478090997
17,43.5,-12.276699547802025
17,44.0,-9.480668159755082
17,44.5,-7.710396348977156
17,45.0,-6.706890876876672
17,45.5,-6.328205915403661
17,46.0,-6.497065901342096
17,46.5,-7.1809336336070135
17,47.0,-8.450730640722085
17,47.5,-10.332794146350592
17,48.0,-12.794225156645028
17,48.5,-15.17466313457724
17,49.0,-15.70134575762608
17,49.5,-14.093150792175734
17,50.0,-12.143556216363208
17,50.5,-10.73102100240696
17,51.0,-9.818234400393552
17,51.5,-9.35823712973029
17,52.0,-9.265565674266872
17,52.5,-9.453597299619208
17,53.0,-9.844964325978037
17,53.5,-10.415712909778655
17,54.0,-11.120727695961008
17,54.5,-11.904512513208656
17,55.0,-12.607043715551978
17,55.5,-12.933390700085535
17,56.0,-12.702709772492492
17,56.5,-12.0565570765399
17,57.0,-11.340458053741273
17,57.5,-10.740051285493935
17,58.0,-10.37763318218425
17,58.5,-10.286600451446056
17,59.0,-10.451847040078285
17,59.5,-10.817274948168858
17,60.0,-11.292124992333154
17,60.5,-11.658112914124532
17,61.0,-11.680014951223889
17,61.5,-11.326303128235573
17,62.0,-10.835190798036372
17,62.5,-10.481730648804374
17,63.0,-10.517105818769371
17,63.5,-11.105518350833762
17,64.0,-12.490942843799392
17,64.5,-14.97285851421137
17,65.0,-18.902836820562342
17,65.5,-20.92911055920807
17,66.0,-16.80575810070531
17,66.5,-12.907565051963806
17,67.0,-10.468555433663475
17,67.5,-9.090009397133096
17,68.0,-8.534675339379737
17,68.5,-8.734160492458575
17,69.0,-9.756523917600674
17,69.5,-11.794391326071617
17,70.0,-15.120015247660485
17,70.5,-19.044250016112247
17,71.0,-17.406832797715865
17,71.5,-13.054224140454313
17,72.0,-10.075048769223988
17,72.5,-8.315509722063684
17,73.0,-7.331670635829874
17,73.5,-7.006675442269965
17,74.0,-7.263788510406191
17,74.5,-8.043320512466824
17,75.0,-9.260950348274497
17,75.5,-10.877191935833295
17,76.0,-12.53978595453006
17,76.5,-13.627132029935952
17,77.0,-13.804232937639282
17,77.5,-13.404287042077057
17,78.0,-13.004542877533485
17,78.5,-12.84556116444048
17,79.0,-12.88337863532807
17,79.5,-12.925349657890695
17,80.0,-12.765556525511366
17,80.5,-12.348722611634726
17,81.0,-11.826698772215147
17,81.5,-11.419443851560851
17,82.0,-11.257611026724224
17,82.5,-11.434433366762756
17,83.0,-11.958757441764185
17,83.5,-12.839078726676108
17,84.0,-13.967962651166893
17,84.5,-15.151272811764914
17,85.0,-16.109109376715395
17,85.5,-16.62863662984624
17,86.0,-16.760877549543903
17,86.5,-16.602436603159042
17,87.0,-16.192188456093763
17,87.5,-15.526077266710317
17,88.0,-14.682283268841498
17,88.5,-13.757451701768906
17,89.0,-12.9501695218902
17,89.5,-12.40604055495798
17,90.0,-12.158831227177505
17,90.5,-12.23662042735723
17,91.0,-12.59923231024292
17,91.5,-13.12423025869546
17,92.0,-13.611722713969138
17,92.5,-13.909627769589392
17,93.0,-13.969566582711758
17,93.5,-13.950062039799262
17,94.0,-14.086578512568806
17,94.5,-14.5621379268199
17,95.0,-15.4504707497138
17,95.5,-16.56750868455033
17,96.0,-17.25378853469169
17,96.5,-16.769146048714394
17,97.0,-15.337479483522646
17,97.5,-13.833955539804515
17,98.0,-12.749761755436792
17,98.5,-12.242818957426774
17,99.0,-12.321225486629183
17,99.5,-13.034782030675547
17,100.0,-13.968570839073143
18,0.0,-11.262417661512057
18,0.5,-11.460847235878555
18,1.0,-12.051101663456814
18,1.5,-13.1217306248014
18,2.0,-14.733286466926549
18,2.5,-16.94166710183848
18,3.0,-19.26346168225906
18,3.5,-19.582333957999328
18,4.0,-17.500081108331983
18,4.5,-15.279070898054565
18,5.0,-13.647822744558653
18,5.5,-12.614181463384144
18,6.0,-12.115605629752274
18,6.5,-12.029337386302403
18,7.0,-12.259431475329716
18,7.5,-12.677455713708811
18,8.0,-13.270146667517238
18,8.5,-14.06785266846908
18,9.0,-15.16921618692231
18,9.5,-16.747007015633024
18,10.0,-19.07193591308062
18,10.5,-22.84249393735545
18,11.0,-25.83074118570196
18,11.5,-21.13996988335345
18,12.0,-16.601359221215933
18,12.5,-13.689639509646549
18,13.0,-11.755330610127556
18,13.5,-10.65569082341663
18,14.0,-10.318646024560763
18,14.5,-10.75190053235064
18,15.0,-12.12495447358915
18,15.5,-14.85521851908508
18,16.0,-19.25105495268626
18,16.5,-20.099722650907506
18,17.0,-14.966836009823377
18,17.5,-10.92820897737556
18,18.0,-8.388433375805086
18,18.5,-6.821774431321344
18,19.0,-6.012184365664285
18,19.5,-5.796100835963706
18,20.0,-6.153439807448097
18,20.5,-7.038142078306321
18,21.0,-8.447464903801578
18,21.5,-10.05940284705886
18,22.0,-10.972298944630134
18,22.5,-10.335849418984033
18,23.0,-8.822866039454937
18,23.5,-7.351351550928292
18,24.0,-6.341228664276859
18,24.5,-5.870675732291236
18,25.0,-5.933438092650442
18,25.5,-6.528993332759176
18,26.0,-7.757576041260351
18,26.5,-9.743018980710543
18,27.0,-12.692644913519526
18,27.5,-17.313091879073262
18,28.0,-21.65368595122274
18,28.5,-19.218607880717983
18,29.0,-15.054661894280606
18,29.5,-12.65855339432835
18,30.0,-11.292432847709412
18,30.5,-10.606101202128142
18,31.0,-10.33443971309386
18,31.5,-10.239910808815116
18,32.0,-10.132066754990912
18,32.5,-9.898656132931778
18,33.0,-9.578011670375751
18,33.5,-9.316310070983754
18,34.0,-9.263066785769391
18,34.5,-9.572711777733987
18,35.0,-10.393755547863922
18,35.5,-11.874771492775878
18,36.0,-14.134170239293988
18,36.5,-17.210513049955907
18,37.0,-18.70505905530702
18,37.5,-16.361647140136974
18,38.0,-13.311837194269756
18,38.5,-11.153594997150218
18,39.0,-9.86919274083346
18,39.5,-9.298235960700351
18,40.0,-9.364209644864648
18,40.5,-10.061455810400869
18,41.0,-11.445815187325644
18,41.5,-13.697525876231532
18,42.0,-17.19020477142407
18,42.5,-22.814032905914136
18,43.0,-30.494057498259085
18,43.5,-25.553627799648684
18,44.0,-20.961067517141966
18,44.5,-18.6819165653395
18,45.0,-17.456302840603907
18,45.5,-16.660364787268257
18,46.0,-15.966337028262766
18,46.5,-15.313588109562716
18,47.0,-14.749029238711184
18,47.5,-14.459229021567568
18,48.0,-14.63408600892342
18,48.5,-15.429339293690363
18,49.0,-16.943758536487422
18,49.5,-19.311928810716065
18,50.0,-21.6384719892635
18,50.5,-20.6877428756785
18,51.0,-17.26804038655558
18,51.5,-14.501372860830756
18,52.0,-12.688153949022997
18,52.5,-11.600752189440184
18,53.0,-11.106500440130237
18,53.5,-11.081587092069446
18,54.0,-11.48452651612026
18,54.5,-12.287086512159352
18,55.0,-13.455305277632537
18,55.5,-14.90125875102263
18,56.0,-16.556199098374936
18,56.5,-17.763905752333155
18,57.0,-17.32575504525726
18,57.5,-15.715805374260366
18,58.0,-13.941380481332702
18,58.5,-12.460036131392656
18,59.0,-11.42706042827094
18,59.5,-10.917287444998644
18,60.0,-10.948993089218186
18,60.5,-11.622052600354492
18,61.0,-13.126110743979543
18,61.5,-15.840990563420144
18,62.0,-20.793135924240453
18,62.5,-25.824833060573862
18,63.0,-20.34897950934016
18,63.5,-16.661968548912704
18,64.0,-14.245703131709188
18,64.5,-12.909151525023976
18,65.0,-12.44809091466449
18,65.5,-12.662737588953297
18,66.0,-13.33955664005913
18,66.5,-14.189633202989889
18,67.0,-14.711494028584996
18,67.5,-14.628636505376972
18,68.0,-14.26923905324021
18,68.5,-14.183022313204985
18,69.0,-14.817937234617622
18,69.5,-16.648072839925923
18,70.0,-20.603063880074803
18,70.5,-28.42252494782575
18,71.0,-22.809120337036568
18,71.5,-15.981944818909623
18,72.0,-12.28687430590261
18,72.5,-10.110113928607356
18,73.0,-8.749046028985438
18,73.5,-8.008809067457445
18,74.0,-7.714082250192443
18,74.5,-7.672853300044184
18,75.0,-7.680230232181421
18,75.5,-7.552289332860352
18,76.0,-7.232804887431716
18,76.5,-6.839997772204637
18,77.0,-6.538759284377277
18,77.5,-6.5150046215365744
18,78.0,-6.916197337999686
18,78.5,-7.859952316388568
18,79.0,-9.44553935003126
18,79.5,-11.964554155803592
18,80.0,-15.289971635285058
18,80.5,-17.058231979053904
18,81.0,-14.829335041020926
18,81.5,-11.99225279965314
18,82.0,-9.983145580219643
18,82.5,-8.817165013040807
18,83.0,-8.326674413015482
18,83.5,-8.347280947995493
18,84.0,-8.792487740969491
18,84.5,-9.568553428635092
18,85.0,-10.555738383354294
18,85.5,-11.603985018368824
18,86.0,-12.69033438329053
18,86.5,-13.756993415673987
18,87.0,-14.795503904086708
18,87.5,-15.663058227522107
18,88.0,-15.959320839516383
18,88.5,-15.373173900515704
18,89.0,-14.159800929796116
18,89.5,-12.925144379788431
18,90.0,-11.968298941870607
18,90.5,-11.483718872392435
18,91.0,-11.554483616326957
18,91.5,-12.236505160075389
18,92.0,-13.599907526451515
18,92.5,-15.969112003944288
18,93.0,-19.88755117363107
18,93.5,-27.28412412510456
18,94.0,-35.00176577583256
18,94.5,-25.34315201138701
18,95.0,-21.5093519272786
18,95.5,-20.30978418005662
18,96.0,-20.80083123280412
18,96.5,-23.175984480942542
18,97.0,-29.195611952845407
18,97.5,-36.57648188742055
18,98.0,-25.477870492841983
18,98.5,-20.416948251298194
18,99.0,-17.647465494289943
18,99.5,-16.149193962680993
18,100.0,-15.61628001974083
19,0.0,-13.23453316251077
19,0.5,-13.260058340936686
19,1.0,-13.32604431513425
19,1.5,-13.410867372325816
19,2.0,-13.470023661534537
19,2.5,-13.451266708501969
19,3.0,-13.32299428522158
19,3.5,-13.107460456711657
19,4.0,-12.863789175061102
19,4.5,-12.699283217978593
19,5.0,-12.716159347144032
19,5.5,-12.991680288622764
19,6.0,-13.568359056642793
19,6.5,-14.515928731119894
19,7.0,-15.777729174539044
19,7.5,-17.08157043958606
19,8.0,-17.952529028857796
19,8.5,-17.76728382593588
19,9.0,-16.572842210950004
19,9.5,-15.100825514797036
19,10.0,-13.90746781625427
19,10.5,-13.064170742532122
19,11.0,-12.601918497125114
19,11.5,-12.482848762532784
19,12.0,-12.645838044592864
19,12.5,-13.024599840898745
19,13.0,-13.597873636202296
19,13.5,-14.338522640444712
19,14.0,-15.242332939161953
19,14.5,-16.384205844808744
19,15.0,-17.526652829171706
19,15.5,-17.86172872462378
19,16.0,-16.671459913737564
19,16.5,-14.441082102069537
19,17.0,-11.974909030104062
19,17.5,-9.823846957348412
19,18.0,-8.109698025290182
19,18.5,-6.818634963786321
19,19.0,-5.952921214027301
19,19.5,-5.438841954193755
19,20.0,-5.295263303379605
19,20.5,-5.519661083245035
19,21.0,-6.145607263256775
19,21.5,-7.203548415866781
19,22.0,-8.764796929718209
19,22.5,-10.901707084249576
19,23.0,-13.571116487341495
19,23.5,-16.524378260329836
19,24.0,-17.93538689635494
19,24.5,-16.83588140016625
19,25.0,-15.177119928979176
19,25.5,-14.08535319579531
19,26.0,-13.618634208538513
19,26.5,-13.752217709836565
19,27.0,-14.411694954432225
19,27.5,-15.61076987212484
19,28.0,-17.319918557650908
19,28.5,-19.517527809962797
19,29.0,-21.979242966117376
19,29.5,-23.84793205406545
19,30.0,-24.29599848534824
19,30.5,-23.921411731558937
19,31.0,-23.48831567153525
19,31.5,-23.07023583097131
19,32.0,-22.44066113622893
19,32.5,-21.3821850134876
19,33.0,-20.012349136991972
19,33.5,-18.567610234471157
19,34.0,-17.10927348221132
19,34.5,-15.779780374179268
19,35.0,-14.652084971033595
19,35.5,-13.779201386246813
19,36.0,-13.230154969460804
19,36.5,-13.01996917637983
19,37.0,-13.206114748412825
19,37.5,-13.77842515704076
19,38.0,-14.653214820119098
19,38.5,-15.350783777934202
19,39.0,-15.049000612066662
19,39.5,-13.58111592364123
19,40.0,-11.713575021898675
19,40.5,-9.958259439855835
19,41.0,-8.60218979173687
19,41.5,-7.699000498641104
19,42.0,-7.232117439161088
19,42.5,-7.186278535548851
19,43.0,-7.535788466336463
19,43.5,-8.233426037343122
19,44.0,-9.1219611782485
19,44.5,-9.946016756880292
19,45.0,-10.218589947208422
19,45.5,-9.73466615903218
19,46.0,-8.861797031196536
19,46.5,-8.0795850587602
19,47.0,-7.603122343287739
19,47.5,-7.5764839996955535
19,48.0,-8.092554217553223
19,48.5,-9.249327948664638
19,49.0,-11.18349309792398
19,49.5,-14.410316753121906
19,50.0,-19.061486913799293
19,50.5,-19.742392378738423
19,51.0,-15.256482582249395
19,51.5,-11.741194173440611
19,52.0,-9.502942917340045
19,52.5,-8.113084810614646
19,53.0,-7.368494291511944
19,53.5,-7.101212520109869
19,54.0,-7.273943207276376
19,54.5,-7.872866986385712
19,55.0,-8.901200268842311
19,55.5,-10.365166569604456
19,56.0,-12.474708202616352
19,56.5,-15.428559948923157
19,57.0,-19.65447814380955
19,57.5,-27.052847559112543
19,58.0,-25.88968467734009
19,58.5,-19.825938124249024
19,59.0,-16.826411525646634
19,59.5,-15.256398847440709
19,60.0,-14.540935517177232
19,60.5,-14.587417578146429
19,61.0,-15.426529303902257
19,61.5,-17.177534201952486
19,62.0,-19.939289732123218
19,62.5,-23.41831757434335
19,63.0,-22.068924350749267
19,63.5,-17.305617113033506
19,64.0,-13.889663918655636
19,64.5,-11.651313971620308
19,65.0,-10.23389231493679
19,65.5,-9.44337593764422
19,66.0,-9.21011382745202
19,66.5,-9.501487586904917
19,67.0,-10.35618313727071
19,67.5,-11.875490646066106
19,68.0,-14.196818979555532
19,68.5,-17.2816678576727
19,69.0,-19.94215270390017
19,69.5,-18.979101556269296
19,70.0,-16.19597813765388
19,70.5,-13.948865441897128
19,71.0,-12.572183234728689
19,71.5,-11.928404841786865
19,72.0,-11.88675451042114
19,72.5,-12.367342649437257
19,73.0,-13.360755128837765
19,73.5,-14.80679452008127
19,74.0,-16.599954671142772
19,74.5,-18.45715600501761
19,75.0,-19.8484281495222
19,75.5,-20.44487168580175
19,76.0,-20.396620962496414
19,76.5,-20.24618149354846
19,77.0,-20.306889231357346
19,77.5,-20.638173588575444
19,78.0,-21.177358584599983
19,78.5,-21.821025971109485
19,79.0,-22.407536149620597
19,79.5,-22.61139410384439
19,80.0,-22.005193221874485
19,80.5,-20.64172815278577
19,81.0,-18.89387921612373
19,81.5,-17.22013468908704
19,82.0,-15.810797548676586
19,82.5,-14.872722768365016
19,83.0,-14.511805320759477
19,83.5,-14.811476873524745
19,84.0,-15.966730859001148
19,84.5,-18.40498196973372
19,85.0,-22.952478364500337
19,85.5,-26.53921137487172
19,86.0,-20.903868369858667
19,86.5,-15.98338260804045
19,87.0,-13.038126867102036
19,87.5,-11.241013416304206
19,88.0,-10.29681754513905
19,88.5,-10.011782202948051
19,89.0,-10.382953763751049
19,89.5,-11.424866484305182
19,90.0,-13.361546514957904
19,90.5,-16.551238927637968
19,91.0,-22.2183392131882
19,91.5,-30.724356891049947
19,92.0,-24.935853010582807
19,92.5,-19.784558733034167
19,93.0,-17.580416734509324
19,93.5,-16.850588020708877
19,94.0,-16.98474100353073
19,94.5,-17.50956801965317
19,95.0,-17.679034218918886
19,95.5,-16.964452435746946
19,96.0,-15.733059995280168
19,96.5,-14.5547259569514
19,97.0,-13.814219788518669
19,97.5,-13.632665897908131
19,98.0,-14.009405187706824
19,98.5,-14.86698200320116
19,99.0,-16.088177133065816
19,99.5,-17.25339822323163
19,100.0,-17.78098567632847
20,0.0,-18.144842641462308
20,0.5,-17.492253677632434
20,1.0,-16.561131789549787
20,1.5,-15.886475720119888
20,2.0,-15.72032562814872
20,2.5,-16.242299417052106
20,3.0,-17.628092780005495
20,3.5,-19.978937914368014
20,4.0,-22.44222133514393
20,4.5,-21.127956040042022
20,5.0,-17.346233636643404
20,5.5,-14.206729153156395
20,6.0,-12.083930069914764
20,6.5,-10.676059119710755
20,7.0,-9.925981385139156
20,7.5,-9.780232961735194
20,8.0,-10.218486933793065
20,8.5,-11.252633654633971
20,9.0,-12.8202815824733
20,9.5,-14.423254354926485
20,10.0,-14.860416747629742
20,10.5,-13.552860533280644
20,11.0,-11.579668152594657
20,11.5,-9.996677394395896
20,12.0,-9.069994410953132
20,12.5,-8.845322045720032
20,13.0,-9.370404334085974
20,13.5,-10.83541010894256
20,14.0,-13.638520250177065
20,14.5,-19.136610972063323
20,15.0,-20.78751423061984
20,15.5,-14.658448337487398
20,16.0,-10.127261744051628
20,16.5,-7.306733233215167
20,17.0,-5.400538064280416
20,17.5,-4.184075482515462
20,18.0,-3.510493415978583
20,18.5,-3.284296205173208
20,19.0,-3.452241963473233
20,19.5,-3.991067197652963
20,20.0,-4.857080254512452
20,20.5,-5.941131877532537
20,21.0,-7.142757520574951
20,21.5,-8.131141485990433
20,22.0,-8.572115123878945
20,22.5,-8.434148443318009
20,23.0,-8.035134074026992
20,23.5,-7.706358520565409
20,24.0,-7.678322989821387
20,24.5,-8.084039399047027
20,25.0,-9.017654759976434
20,25.5,-10.573802467512516
20,26.0,-13.129227729585946
20,26.5,-17.272401853999956
20,27.0,-23.995384468649213
20,27.5,-23.09037966233728
20,28.0,-17.545742393279244
20,28.5,-14.509328339822815
20,29.0,-13.006475218204756
20,29.5,-12.597794953871562
20,30.0,-13.14418238167657
20,30.5,-14.78223430768352
20,31.0,-18.02304902704474
20,31.5,-23.49482758078805
20,32.0,-23.081142268507104
20,32.5,-17.93121846164527
20,33.0,-14.418828876678496
20,33.5,-12.430802527260653
20,34.0,-11.433945507298729
20,34.5,-11.316140972597678
20,35.0,-12.096174815778303
20,35.5,-13.956323161630852
20,36.0,-17.433884639538352
20,36.5,-25.446149350851563
20,37.0,-28.25276570284654
20,37.5,-18.713293021995664
20,38.0,-14.371317065220277
20,38.5,-12.05605943494178
20,39.0,-10.884440230542062
20,39.5,-10.5302442778908
20,40.0,-10.878752179961005
20,40.5,-11.949315004989185
20,41.0,-13.803203744089956
20,41.5,-16.52907663234626
20,42.0,-19.53543636925945
20,42.5,-20.2155792563776
20,43.0,-18.013408379967082
20,43.5,-15.62915391610839
20,44.0,-14.033905867179142
20,44.5,-13.041777728309144
20,45.0,-12.523108391128392
20,45.5,-12.320170692713118
20,46.0,-12.270104099666517
20,46.5,-12.226736899810568
20,47.0,-12.079775579453282
20,47.5,-11.81097878989349
20,48.0,-11.482431670269758
20,48.5,-11.188793209879288
20,49.0,-11.022477719679582
20,49.5,-11.06551809746246
20,50.0,-11.43437802942524
20,50.5,-12.239553776436011
20,51.0,-13.707562441680064
20,51.5,-16.036319991455233
20,52.0,-19.136944458183372
20,52.5,-20.06193749691127
20,53.0,-17.136342293316783
20,53.5,-14.016652328772608
20,54.0,-11.81827347854851
20,54.5,-10.459155922369424
20,55.0,-9.788556298263254
20,55.5,-9.722168906573586
20,56.0,-10.171540449806102
20,56.5,-10.952210830875876
20,57.0,-11.575654618257058
20,57.5,-11.4167384579502
20,58.0,-10.337390984551474
20,58.5,-8.842098098704579
20,59.0,-7.438435010319317
20,59.5,-6.405021814355374
20,60.0,-5.758699147180495
20,60.5,-5.54749563588501
20,61.0,-5.7850677384785545
20,61.5,-6.477722310879983
20,62.0,-7.627374735835188
20,62.5,-9.383625671833116
20,63.0,-11.856431786865633
20,63.5,-15.203683713315424
20,64.0,-19.707674600448872
20,64.5,-22.129548476253134
20,65.0,-20.1115483268794
20,65.5,-17.10216291358475
20,66.0,-14.834326654085274
20,66.5,-13.212957063049068
20,67.0,-12.081161771115516
20,67.5,-11.338059563718494
20,68.0,-10.956544638900793
20,68.5,-10.968866503654793
20,69.0,-11.445820135977913
20,69.5,-12.500533423686926
20,70.0,-14.27758230409022
20,70.5,-17.316570411565568
20,71.0,-22.647577151110053
20,71.5,-28.61047581593933
20,72.0,-22.882222092246167
20,72.5,-18.068492176952745
20,73.0,-15.411513676513549
20,73.5,-13.966157068357624
20,74.0,-13.310909728598912
20,74.5,-13.195793404996046
20,75.0,-13.4304942910512
20,75.5,-13.828784620296934
20,76.0,-14.172723566040588
20,76.5,-14.313239896484198
20,77.0,-14.266148298578374
20,77.5,-14.15177370515224
20,78.0,-14.094727005382582
20,78.5,-14.130325193228847
20,79.0,-14.189786301004524
20,79.5,-14.140551656970162
20,80.0,-13.86954729283154
20,80.5,-13.380463211947225
20,81.0,-12.80494849497333
20,81.5,-12.311466236360864
20,82.0,-11.97950407915358
20,82.5,-11.8732899458899
20,83.0,-11.987717715251442
20,83.5,-12.285308069874583
20,84.0,-12.68287860753375
20,84.5,-13.081520529388888
20,85.0,-13.403700802110178
20,85.5,-13.630316356921982
20,86.0,-13.836588749511872
20,86.5,-14.111420530435067
20,87.0,-14.545540263150096
20,87.5,-15.18388569848885
20,88.0,-15.989366733403791
20,88.5,-16.911521412261852
20,89.0,-17.719579705860287
20,89.5,-18.16495330819052
20,90.0,-18.21175778568985
20,90.5,-18.023343069914823
20,91.0,-17.844879207494312
20,91.5,-17.84553595487461
20,92.0,-18.10388877955048
20,92.5,-18.679027655553234
20,93.0,-19.58659597233472
20,93.5,-20.80636974589652
20,94.0,-22.43279664610225
20,94.5,-24.44957214950284
20,95.0,-26.88103259662138
20,95.5,-29.560848731117414
20,96.0,-31.23274328251232
20,96.5,-30.198704999330975
20,97.0,-27.157588478084783
20,97.5,-23.59294376209669
20,98.0,-20.43865697878583
20,98.5,-17.89663262568801
20,99.0,-15.75062339898426
20,99.5,-14.024883668322142
20,100.0,-13.003254412965791
21,0.0,-19.558687275063583
21,0.5,-15.293226288645938
21,1.0,-11.015478079332349
21,1.5,-8.360590236037297
21,2.0,-6.837950371511501
21,2.5,-6.149843173915044
21,3.0,-6.149765133841604
21,3.5,-6.791727799671767
21,4.0,-8.174111697892213
21,4.5,-10.437738918278232
21,5.0,-13.909349195378502
21,5.5,-18.500589653227813
21,6.0,-19.52811168607557
21,6.5,-16.088657085108174
21,7.0,-13.620233246723188
21,7.5,-12.549229854539744
21,8.0,-12.561916749535683
21,8.5,-13.642008290976468
21,9.0,-15.969866269451805
21,9.5,-19.607951516856733
21,10.0,-21.62378793808227
21,10.5,-18.92904747488235
21,11.0,-15.80929099698303
21,11.5,-13.83855396036673
21,12.0,-12.843561977718354
21,12.5,-12.604093679110871
21,13.0,-12.893168820679213
21,13.5,-13.455201212994428
21,14.0,-13.930666729073902
21,14.5,-14.089606631506996
21,15.0,-14.010085266745977
21,15.5,-14.060744079672295
21,16.0,-14.5714853497679
21,16.5,-15.604667271589111
21,17.0,-16.821296501564863
21,17.5,-16.68802347918344
21,18.0,-14.136254101332623
21,18.5,-11.0570599215598
21,19.0,-8.66407082183534
21,19.5,-6.896201635164587
21,20.0,-5.736671688845694
21,20.5,-5.125686640839592
21,21.0,-4.972668586787628
21,21.5,-5.263947308306408
21,22.0,-5.980691731718463
21,22.5,-7.070991853298301
21,23.0,-8.392868823439912
21,23.5,-9.801723576096078
21,24.0,-10.905943350746252
21,24.5,-11.457983540820154
21,25.0,-11.640462312482716
21,25.5,-11.849751459037812
21,26.0,-12.438635560420982
21,26.5,-13.632829885414797
21,27.0,-15.607886914195849
21,27.5,-18.89481734529588
21,28.0,-23.891538187103105
21,28.5,-25.427251647210056
21,29.0,-22.17852025640517
21,29.5,-19.312684109783465
21,30.0,-17.365618288139533
21,30.5,-16.203762685921113
21,31.0,-15.565207062362814
21,31.5,-15.255825008882912
21,32.0,-15.192086255291974
21,32.5,-15.367297234026037
21,33.0,-15.832769110937775
21,33.5,-16.617733312495044
21,34.0,-17.743478379366994
21,34.5,-18.87805568682413
21,35.0,-19.134328680954678
21,35.5,-17.72351505410706
21,36.0,-15.379700309768982
21,36.5,-13.029314728913672
21,37.0,-11.104743951813507
21,37.5,-9.68011195728268
21,38.0,-8.63741823155241
21,38.5,-8.000173687862894
21,39.0,-7.772650121026492
21,39.5,-7.956265281789273
21,40.0,-8.54067131619244
21,40.5,-9.518139979987104
21,41.0,-10.620267635478656
21,41.5,-11.108629075492008
21,42.0,-10.279481867235624
21,42.5,-8.648223529927344
21,43.0,-6.97872323858967
21,43.5,-5.69893090467718
21,44.0,-4.92722862365346
21,44.5,-4.63434380240466
21,45.0,-4.861242871337201
21,45.5,-5.660416153905802
21,46.0,-7.100249303648386
21,46.5,-9.236807360057128
21,47.0,-12.27048508732403
21,47.5,-15.296479450524906
21,48.0,-15.47957104035926
21,48.5,-13.449634126830157
21,49.0,-11.892755492665543
21,49.5,-11.327993573411286
21,50.0,-11.852119295533964
21,50.5,-13.574982900345924
21,51.0,-17.06726233566927
21,51.5,-21.515394412538104
21,52.0,-18.99223691583998
21,52.5,-14.171786815329757
21,53.0,-11.327228338972256
21,53.5,-9.71817755156577
21,54.0,-9.086360400382713
21,54.5,-9.3286160966806
21,55.0,-10.465902971337352
21,55.5,-12.668968538410311
21,56.0,-16.850070364190557
21,56.5,-26.154964303820464
21,57.0,-26.323550720482316
21,57.5,-17.578124573702393
21,58.0,-13.964839689050953
21,58.5,-12.25119672408263
21,59.0,-11.617971602623369
21,59.5,-11.770475246593334
21,60.0,-12.544344891815763
21,60.5,-13.72722637817937
21,61.0,-14.932628513938091
21,61.5,-15.629490687672408
21,62.0,-15.609037448253485
21,62.5,-15.261008559194972
21,63.0,-15.083260263017308
21,63.5,-15.315871290629095
21,64.0,-15.985826574780916
21,64.5,-16.89063736424263
21,65.0,-17.666669779765893
21,65.5,-18.114892219619737
21,66.0,-18.434311055491605
21,66.5,-19.006533529658725
21,67.0,-19.57266336326745
21,67.5,-20.132884499164746
21,68.0,-21.73498673125024
21,68.5,-24.58796012089835
21,69.0,-27.473139534164822
21,69.5,-26.041749795763327
21,70.0,-23.867155322883026
21,70.5,-22.69275650521539
21,71.0,-22.186754531596037
21,71.5,-22.468906725614858
21,72.0,-23.731797053988025
21,72.5,-25.370494332912106
21,73.0,-24.926163164421904
21,73.5,-22.507842115065472
21,74.0,-20.55951662311057
21,74.5,-19.39221418238245
21,75.0,-18.738231107410407
21,75.5,-18.073206116707546
21,76.0,-16.90352625196405
21,76.5,-15.171348670134709
21,77.0,-13.13736516423731
21,77.5,-11.234624044514652
21,78.0,-9.65467400257948
21,78.5,-8.443932790270768
21,79.0,-7.62841116102243
21,79.5,-7.143409500505291
21,80.0,-7.000692044724515
21,80.5,-7.197954125678951
21,81.0,-7.726174290478498
21,81.5,-8.56526515872616
21,82.0,-9.784541347940724
21,82.5,-11.388293034226962
21,83.0,-13.363973056288332
21,83.5,-15.909184611070948
21,84.0,-19.04955953884672
21,84.5,-22.799798830363176
21,85.0,-26.663813867721743
21,85.5,-28.92865168469381
21,86.0,-28.58608760354673
21,86.5,-27.43689498362786
21,87.0,-26.56896157853732
21,87.5,-25.811577527196203
21,88.0,-25.064637664594137
21,88.5,-24.49337830081522
21,89.0,-24.492465691143728
21,89.5,-25.426592888363057
21,90.0,-27.54199927112997
21,90.5,-28.377568611299992
21,91.0,-24.12523582632388
21,91.5,-19.224314568009778
21,92.0,-15.647244716027563
21,92.5,-12.915027068648094
21,93.0,-10.891295484031293
21,93.5,-9.474468619475466
21,94.0,-8.489828251744758
21,94.5,-7.932329085353786
21,95.0,-7.783038957635817
21,95.5,-8.023236810835458
21,96.0,-8.636551815876208
21,96.5,-9.675983793956522
21,97.0,-11.146837376800889
21,97.5,-13.088127552123163
21,98.0,-15.505531085010675
21,98.5,-18.255587890264472
21,99.0,-21.248971564108057
21,99.5,-23.91115790295554
21,100.0,-25.51032447124021
