Canal,Frecuencia,Magnitud
0,0.0,-25.71851990383986
0,0.5,-21.94894001833128
0,1.0,-17.599707734726294
0,1.5,-14.453742215926017
0,2.0,-12.14802105738172
0,2.5,-10.378277201977676
0,3.0,-8.96569140407552
0,3.5,-7.850259398277124
0,4.0,-6.902766061195184
0,4.5,-6.119761082152599
0,5.0,-5.477438929119516
0,5.5,-4.954136491657123
0,6.0,-4.548997836908169
0,6.5,-4.226448156423824
0,7.0,-3.9914165396408254
0,7.5,-3.842442448356876
0,8.0,-3.7651192237826177
0,8.5,-3.7597504543895166
0,9.0,-3.823594904120525
0,9.5,-3.951075775556269
0,10.0,-4.131985313919887
0,10.5,-4.37218603867715
0,11.0,-4.659466624463095
0,11.5,-4.986365344948313
0,12.0,-5.341959096347949
0,12.5,-5.703074622529738
0,13.0,-6.078603164425584
0,13.5,-6.443084693362271
0,14.0,-6.772820168486691
0,14.5,-7.07759909195024
0,15.0,-7.341137330943744
0,15.5,-7.562577860728117
0,16.0,-7.748907106928858
0,16.5,-7.906183820607944
0,17.0,-8.058318801227227
0,17.5,-8.214906005787634
0,18.0,-8.389640781410499
0,18.5,-8.592523065021572
0,19.0,-8.82248021695425
0,19.5,-9.094938632227578
0,20.0,-9.3977329530426
0,20.5,-9.709327989525477
0,21.0,-10.029732523851614
0,21.5,-10.323391979415558
0,22.0,-10.55926168801694
0,22.5,-10.710877824417576
0,23.0,-10.759347528965268
0,23.5,-10.706310056782252
0,24.0,-10.566081084930657
0,24.5,-10.366463768859582
0,25.0,-10.143140553826829
0,25.5,-9.9354694440676
0,26.0,-9.758803511371596
0,26.5,-9.641326734098882
0,27.0,-9.600150828517242
0,27.5,-9.643501932989947
0,28.0,-9.778648445772207
0,28.5,-10.008721841170695
0,29.0,-10.327109455759944
0,29.5,-10.709047764562516
0,30.0,-11.153335562422283
0,30.5,-11.607328411522062
0,31.0,-12.01062482650738
0,31.5,-12.29326172546761
0,32.0,-12.390161205059362
0,32.5,-12.279690777482024
0,33.0,-11.981209319875887
0,33.5,-11.568661966880178
0,34.0,-11.091542512615613
0,34.5,-10.628583457597095
0,35.0,-10.231067895005314
0,35.5,-9.931904503862627
0,36.0,-9.759051120843775
0,36.5,-9.717605394836244
0,37.0,-9.824538184111027
0,37.5,-10.080362430415216
0,38.0,-10.504964390744403
0,38.5,-11.083417133192752
0,39.0,-11.784783662763976
0,39.5,-12.516571793257333
0,40.0,-13.078267287806446
0,40.5,-13.235174037333266
0,41.0,-12.775979531298535
0,41.5,-11.75315727706907
0,42.0,-10.4332559552423
0,42.5,-9.092167305416892
0,43.0,-7.780997495373994
0,43.5,-6.597286637882232
0,44.0,-5.588943716786496
0,44.5,-4.69239236802634
0,45.0,-3.9325128235188624
0,45.5,-3.303796009491112
0,46.0,-2.795969309255332
0,46.5,-2.414567017269029
0,47.0,-2.130624948397801
0,47.5,-1.9523490765080749
0,48.0,-1.879383841103644
0,48.5,-1.908423761604621
0,49.0,-2.0355489024013886
0,49.5,-2.2700501295070943
0,50.0,-2.610652243834892
0,50.5,-3.047920144255334
0,51.0,-3.6153495368225936
0,51.5,-4.307636166036242
0,52.0,-5.139074402899776
0,52.5,-6.122490026453158
0,53.0,-7.2439239805311555
0,53.5,-8.603531768799698
0,54.0,-10.209260397105789
0,54.5,-12.134037514924948
0,55.0,-14.479608052911814
0,55.5,-17.344767003836996
0,56.0,-21.284029410271025
0,56.5,-26.85357716526706
0,57.0,-31.203156905448022
0,57.5,-27.65221289754929
0,58.0,-23.920710650140173
0,58.5,-21.81282657916161
0,59.0,-20.68680961312417
0,59.5,-20.255681644973983
0,60.0,-20.361434485986887
0,60.5,-20.97898511072928
0,61.0,-22.144026740302586
0,61.5,-23.92327532131184
0,62.0,-26.30391404914364
0,62.5,-28.929646414886488
0,63.0,-29.409866098010912
0,63.5,-27.02019255284064
0,64.0,-24.187541615180795
0,64.5,-21.966237434746738
0,65.0,-20.356734223546056
0,65.5,-19.2318238001942
0,66.0,-18.53111996640961
0,66.5,-18.159946728634026
0,67.0,-18.11163345440404
0,67.5,-18.37352617180201
0,68.0,-18.912039316010908
0,68.5,-19.62800282738999
0,69.0,-20.34820365414574
0,69.5,-20.6174284139798
0,70.0,-20.017560777024197
0,70.5,-18.568454217904552
0,71.0,-16.753007316454724
0,71.5,-14.949639244549155
0,72.0,-13.318994172238895
0,72.5,-11.944097543404151
0,73.0,-10.735818375603046
0,73.5,-9.72207244246796
0,74.0,-8.890322352981233
0,74.5,-8.223242718658856
0,75.0,-7.726149989254481
0,75.5,-7.360948572478633
0,76.0,-7.139448549541853
0,76.5,-7.063460613293783
0,77.0,-7.131134173489069
0,77.5,-7.351655535556919
0,78.0,-7.740378657734753
0,78.5,-8.31285043891171
0,79.0,-9.073934464586804
0,79.5,-10.116503161476384
0,80.0,-11.48887994504867
0,80.5,-13.32691200434109
0,81.0,-15.861924130576307
0,81.5,-19.48874232703629
0,82.0,-25.200089044303837
0,82.5,-26.39892122607104
0,83.0,-20.585259360876552
0,83.5,-16.31474432937489
0,84.0,-13.44066039966309
0,84.5,-11.354725977141054
0,85.0,-9.75464137851223
0,85.5,-8.533027467618812
0,86.0,-7.527902874239204
0,86.5,-6.724369340458518
0,87.0,-6.089607191131973
0,87.5,-5.594704300889509
0,88.0,-5.232498898325386
0,88.5,-4.966055056140907
0,89.0,-4.795619892545467
0,89.5,-4.71472927723437
0,90.0,-4.710720001338839
0,90.5,-4.779704930696894
0,91.0,-4.917333680394307
0,91.5,-5.11708547553509
0,92.0,-5.366513621187676
0,92.5,-5.676802645556276
0,93.0,-6.036066045468409
0,93.5,-6.428160902959204
0,94.0,-6.873820096157889
0,94.5,-7.357219215581022
0,95.0,-7.875526813529259
0,95.5,-8.424523912069375
0,96.0,-8.983149483319727
0,96.5,-9.582294407825785
0,97.0,-10.199880344143752
0,97.5,-10.83043617602799
0,98.0,-11.4665606714096
0,98.5,-12.080384092029874
0,99.0,-12.699761336353363
0,99.5,-13.293939929983091
0,100.0,-13.704405386908748
1,0.0,-0.138062732070571
1,0.5,-0.1799107238939647
1,1.0,-0.3015337729702526
1,1.5,-0.5122943723460606
1,2.0,-0.8110484828943945
1,2.5,-1.2036808091305995
1,3.0,-1.6938889978659857
1,3.5,-2.271053501546877
1,4.0,-2.9813117500078232
1,4.5,-3.819864717759632
1,5.0,-4.807777233980936
1,5.5,-5.966617882247428
1,6.0,-7.288232864763442
1,6.5,-8.901250244291214
1,7.0,-10.823187759031072
1,7.5,-13.041778971444476
1,8.0,-15.641955210270222
1,8.5,-17.94559720969509
1,9.0,-18.387480524369327
1,9.5,-16.79207611714128
1,10.0,-14.745375544856255
1,10.5,-12.903632853253027
1,11.0,-11.428248297467505
1,11.5,-10.272140345832677
1,12.0,-9.365714361313769
1,12.5,-8.6807741766093
1,13.0,-8.13665215303056
1,13.5,-7.726538407567344
1,14.0,-7.437477770878059
1,14.5,-7.233483711999924
1,15.0,-7.108943217602572
1,15.5,-7.05248424402884
1,16.0,-7.051564734692143
1,16.5,-7.094997825463905
1,17.0,-7.176533794752646
1,17.5,-7.286936168696894
1,18.0,-7.419652016785649
1,18.5,-7.568325636210992
1,19.0,-7.7234574464163295
1,19.5,-7.8912747575815505
1,20.0,-8.064758299398669
1,20.5,-8.237504219152484
1,21.0,-8.420345283412427
1,21.5,-8.608768032156544
1,22.0,-8.804446166437062
1,22.5,-9.0091637707386
1,23.0,-9.21846440903563
1,23.5,-9.447553248317108
1,24.0,-9.691847880745804
1,24.5,-9.953435406761212
1,25.0,-10.233368808103055
1,25.5,-10.523526766547512
1,26.0,-10.842451052414802
1,26.5,-11.180770117430432
1,27.0,-11.52646890813254
1,27.5,-11.89869535557067
1,28.0,-12.282660304508507
1,28.5,-12.672440668530326
1,29.0,-13.059537501652263
1,29.5,-13.421908100734589
1,30.0,-13.769090544293398
1,30.5,-14.07559494054777
1,31.0,-14.32645548880616
1,31.5,-14.511937392915538
1,32.0,-14.623372449230123
1,32.5,-14.669853927523697
1,33.0,-14.657556209434984
1,33.5,-14.603987459064738
1,34.0,-14.52587802723638
1,34.5,-14.4461824809085
1,35.0,-14.386543738028813
1,35.5,-14.366433189795966
1,36.0,-14.402750199935968
1,36.5,-14.514932971942237
1,37.0,-14.718450370019111
1,37.5,-15.021262026766571
1,38.0,-15.462329171346656
1,38.5,-16.05622518111334
1,39.0,-16.838442006963447
1,39.5,-17.848701834864503
1,40.0,-19.108811364770403
1,40.5,-20.787826844905577
1,41.0,-22.96473856704864
1,41.5,-25.695815526451813
1,42.0,-28.179076904872645
1,42.5,-27.90004794494832
1,43.0,-25.071277710133312
1,43.5,-22.16627727964372
1,44.0,-19.895848303072285
1,44.5,-18.051495067901197
1,45.0,-16.589573336795812
1,45.5,-15.432096845336968
1,46.0,-14.517067488401054
1,46.5,-13.829567951376983
1,47.0,-13.302166039451148
1,47.5,-12.94069143714383
1,48.0,-12.738570339903044
1,48.5,-12.687461755029414
1,49.0,-12.782777285893726
1,49.5,-13.031314340560632
1,50.0,-13.431876410044724
1,50.5,-13.96757251539973
1,51.0,-14.663312575896065
1,51.5,-15.472101703912362
1,52.0,-16.315292500947635
1,52.5,-17.029467644661562
1,53.0,-17.363348962822037
1,53.5,-17.13535550442019
1,54.0,-16.353174789351126
1,54.5,-15.228958733048607
1,55.0,-14.003465474586116
1,55.5,-12.856782906251388
1,56.0,-11.784941734508765
1,56.5,-10.847038652700174
1,57.0,-10.071088970321096
1,57.5,-9.404576198423426
1,58.0,-8.865524236598842
1,58.5,-8.450169132423339
1,59.0,-8.150830996699353
1,59.5,-7.969426459104507
1,60.0,-7.892349596080413
1,60.5,-7.924644686934632
1,61.0,-8.069696990180821
1,61.5,-8.3283745416592
1,62.0,-8.694651593383815
1,62.5,-9.199944568320474
1,63.0,-9.845192893580226
1,63.5,-10.624030323069237
1,64.0,-11.611990884739011
1,64.5,-12.82467095167932
1,65.0,-14.331977482196296
1,65.5,-16.23553758203488
1,66.0,-18.653768400527845
1,66.5,-22.143494454914386
1,67.0,-27.398517813427148
1,67.5,-30.94632256124
1,68.0,-25.90280086758064
1,68.5,-21.438904739776664
1,69.0,-18.373426518144008
1,69.5,-16.152848898068868
1,70.0,-14.495053090643546
1,70.5,-13.12466871744109
1,71.0,-11.997920016829696
1,71.5,-11.058921832067902
1,72.0,-10.26523951392377
1,72.5,-9.611756232125732
1,73.0,-9.039955849880323
1,73.5,-8.558434753171912
1,74.0,-8.160910758905615
1,74.5,-7.840735858778333
1,75.0,-7.602702882056106
1,75.5,-7.431034785769097
1,76.0,-7.333717105099574
1,76.5,-7.313149803717232
1,77.0,-7.370966431605507
1,77.5,-7.511786704726084
1,78.0,-7.742642430996053
1,78.5,-8.06832917312145
1,79.0,-8.483978288165632
1,79.5,-9.025883258051705
1,80.0,-9.693824526334568
1,80.5,-10.507082011206188
1,81.0,-11.483371568226424
1,81.5,-12.612405848141416
1,82.0,-13.99338688234404
1,82.5,-15.613197189171318
1,83.0,-17.396413777688053
1,83.5,-19.27365477522284
1,84.0,-20.640496722238517
1,84.5,-20.723939915948986
1,85.0,-19.598198577349734
1,85.5,-18.069806789318665
1,86.0,-16.56239000528773
1,86.5,-15.279806221707664
1,87.0,-14.240706514331192
1,87.5,-13.416192083957135
1,88.0,-12.797194663945776
1,88.5,-12.319502922411194
1,89.0,-11.981625563080096
1,89.5,-11.772840734662411
1,90.0,-11.66531478058146
1,90.5,-11.652837638778148
1,91.0,-11.725317988461242
1,91.5,-11.869855529640798
1,92.0,-12.069365694520856
1,92.5,-12.32522064671228
1,93.0,-12.620058632558818
1,93.5,-12.932801045719778
1,94.0,-13.271470979379329
1,94.5,-13.61511600441199
1,95.0,-13.952662286744191
1,95.5,-14.273840987583656
1,96.0,-14.560088211166514
1,96.5,-14.820150579250724
1,97.0,-15.036762651126717
1,97.5,-15.201467837575883
1,98.0,-15.3096473147946
1,98.5,-15.35706400435168
1,99.0,-15.347941915254603
1,99.5,-15.286848310224494
1,100.0,-15.216361596049548
2,0.0,-2.136138510837623
2,0.5,-2.1828563574250084
2,1.0,-2.3188731618605503
2,1.5,-2.555440288529057
2,2.0,-2.8926427307217177
2,2.5,-3.3392816526111027
2,3.0,-3.9025196773315898
2,3.5,-4.574095048385913
2,4.0,-5.413790220303106
2,4.5,-6.425029178773914
2,5.0,-7.647261107196567
2,5.5,-9.127714946192452
2,6.0,-10.887584414409831
2,6.5,-13.154690414226556
2,7.0,-16.03079765722349
2,7.5,-19.396510918658084
2,8.0,-21.806006527333874
2,8.5,-20.39380832455758
2,9.0,-17.428425199062886
2,9.5,-14.992893953333663
2,10.0,-13.256093135016949
2,10.5,-11.956606287583874
2,11.0,-11.033232037966958
2,11.5,-10.417962748164207
2,12.0,-10.059188213235766
2,12.5,-9.934486467409084
2,13.0,-10.022237234967134
2,13.5,-10.322208218459616
2,14.0,-10.821985272596477
2,14.5,-11.561291399194287
2,15.0,-12.53292261738354
2,15.5,-13.734746529334814
2,16.0,-15.096926596657305
2,16.5,-16.360807349770674
2,17.0,-17.129760446027074
2,17.5,-16.905557351377404
2,18.0,-15.788365310525633
2,18.5,-14.327051026883948
2,19.0,-12.944534967744556
2,19.5,-11.704131966192872
2,20.0,-10.681484459110376
2,20.5,-9.89513508632855
2,21.0,-9.2801934645608
2,21.5,-8.845938046940665
2,22.0,-8.583235485661802
2,22.5,-8.479477128502017
2,23.0,-8.527208394636839
2,23.5,-8.726026512810893
2,24.0,-9.073201488710833
2,24.5,-9.571897195684327
2,25.0,-10.21940914950184
2,25.5,-10.989983548740428
2,26.0,-11.923720182326562
2,26.5,-12.97437832990856
2,27.0,-14.058625799052024
2,27.5,-15.14876427181922
2,28.0,-16.067638640560347
2,28.5,-16.65610158883814
2,29.0,-16.855630923840124
2,29.5,-16.74729435880332
2,30.0,-16.490201393310866
2,30.5,-16.244493345528593
2,31.0,-16.12415247777769
2,31.5,-16.19726817474591
2,32.0,-16.502639353813997
2,32.5,-17.103356656953583
2,33.0,-18.038628241671336
2,33.5,-19.32380415568534
2,34.0,-21.06780965343028
2,34.5,-23.038170127693935
2,35.0,-24.23085111649104
2,35.5,-23.316914645137366
2,36.0,-21.043667883098827
2,36.5,-18.63554622423552
2,37.0,-16.594584524418647
2,37.5,-14.987548424346889
2,38.0,-13.653515831810004
2,38.5,-12.584584316558807
2,39.0,-11.73805677841168
2,39.5,-11.071977635621932
2,40.0,-10.570981490317228
2,40.5,-10.17508151774745
2,41.0,-9.872068931520484
2,41.5,-9.633681194727542
2,42.0,-9.427323068134042
2,42.5,-9.227791399433196
2,43.0,-8.993149079658957
2,43.5,-8.707437175181026
2,44.0,-8.369930726995513
2,44.5,-7.961314938877022
2,45.0,-7.505477037182563
2,45.5,-7.02294566793928
2,46.0,-6.537881284185446
2,46.5,-6.086337203064456
2,47.0,-5.658845842110327
2,47.5,-5.283886185151288
2,48.0,-4.973457918871878
2,48.5,-4.733768413023068
2,49.0,-4.574717038764237
2,49.5,-4.489485343980156
2,50.0,-4.484686470070858
2,50.5,-4.558482892000945
2,51.0,-4.714825266891181
2,51.5,-4.94953169425292
2,52.0,-5.260711571599599
2,52.5,-5.641471874867014
2,53.0,-6.070667420236404
2,53.5,-6.564224411506117
2,54.0,-7.094661835998439
2,54.5,-7.644965490617633
2,55.0,-8.195545606686283
2,55.5,-8.712349580051512
2,56.0,-9.214642766311956
2,56.5,-9.682773280574214
2,57.0,-10.111911271109632
2,57.5,-10.55028730608606
2,58.0,-11.015863134337874
2,58.5,-11.548827519208528
2,59.0,-12.190510857338731
2,59.5,-12.960043011522382
2,60.0,-13.945727992012978
2,60.5,-15.14378191611764
2,61.0,-16.503191632780528
2,61.5,-17.747342854324597
2,62.0,-18.23518611503142
2,62.5,-17.466656391173384
2,63.0,-15.76664872884945
2,63.5,-13.882414133247316
2,64.0,-12.070747507478924
2,64.5,-10.492123454970248
2,65.0,-9.155049741560196
2,65.5,-8.033048884358298
2,66.0,-7.130730925650045
2,66.5,-6.371364969156084
2,67.0,-5.767531729043784
2,67.5,-5.310385391366687
2,68.0,-4.988705386634056
2,68.5,-4.803103326528136
2,69.0,-4.739427294038296
2,69.5,-4.803533399546748
2,70.0,-4.992204528599736
2,70.5,-5.322963281894501
2,71.0,-5.799114280647862
2,71.5,-6.437876558041355
2,72.0,-7.256180860500317
2,72.5,-8.251344192408554
2,73.0,-9.52673233201358
2,73.5,-11.108201501029727
2,74.0,-13.077576383322898
2,74.5,-15.476814207624042
2,75.0,-17.995850471174883
2,75.5,-19.49816712737533
2,76.0,-18.482071393341037
2,76.5,-16.22236785698553
2,77.0,-14.014791430558889
2,77.5,-12.235013663224734
2,78.0,-10.853384860744669
2,78.5,-9.78772746094863
2,79.0,-9.004377326959045
2,79.5,-8.41270384079096
2,80.0,-8.009142997115132
2,80.5,-7.7782391133209
2,81.0,-7.704833450855113
2,81.5,-7.780767895802314
2,82.0,-8.010132808359181
2,82.5,-8.395097650036988
2,83.0,-8.929355378889943
2,83.5,-9.66451343467816
2,84.0,-10.612392956012645
2,84.5,-11.823539949446214
2,85.0,-13.364238714229558
2,85.5,-15.28760630529711
2,86.0,-17.891426970032494
2,86.5,-21.24465276509408
2,87.0,-24.0871697803979
2,87.5,-22.81348991656934
2,88.0,-19.387915334982942
2,88.5,-16.384034801179478
2,89.0,-14.084145954330108
2,89.5,-12.346635657474453
2,90.0,-10.914907648809034
2,90.5,-9.750586662477032
2,91.0,-8.79678974388008
2,91.5,-8.008010019148916
2,92.0,-7.375431434803134
2,92.5,-6.838393410446207
2,93.0,-6.401099848609347
2,93.5,-6.062190721722742
2,94.0,-5.791032628062537
2,94.5,-5.590870608374256
2,95.0,-5.457081898495314
2,95.5,-5.38354872402333
2,96.0,-5.366942525030487
2,96.5,-5.402956322872733
2,97.0,-5.489277105337504
2,97.5,-5.624112556315267
2,98.0,-5.803496763248833
2,98.5,-6.0171324122283885
2,99.0,-6.273420670187604
2,99.5,-6.558817918118765
2,100.0,-6.779103870378017
3,0.0,-16.75909378661642
3,0.5,-16.857035258971855
3,1.0,-17.14314109803148
3,1.5,-17.643577077609088
3,2.0,-18.360268592056133
3,2.5,-19.30541982293484
3,3.0,-20.457964435916065
3,3.5,-21.68276277925476
3,4.0,-22.75746468107613
3,4.5,-23.1121636070891
3,5.0,-22.379109024498117
3,5.5,-20.887621722859727
3,6.0,-19.22263639193075
3,6.5,-17.589100335019968
3,7.0,-16.13725644461101
3,7.5,-14.91708686420531
3,8.0,-13.83688228819869
3,8.5,-12.914136998421254
3,9.0,-12.131945134543344
3,9.5,-11.470574011784064
3,10.0,-10.932915038153094
3,10.5,-10.473618811458495
3,11.0,-10.099816916359092
3,11.5,-9.804800539879274
3,12.0,-9.579940125858156
3,12.5,-9.42414929614576
3,13.0,-9.32249567914447
3,13.5,-9.275475155481551
3,14.0,-9.27928673311484
3,14.5,-9.331141124577517
3,15.0,-9.428680343913468
3,15.5,-9.571369377523991
3,16.0,-9.757821902935664
3,16.5,-9.981663956162269
3,17.0,-10.25883417093897
3,17.5,-10.585809212578395
3,18.0,-10.969156559855485
3,18.5,-11.41556135983492
3,19.0,-11.91993047261944
3,19.5,-12.52862415063648
3,20.0,-13.24595413519215
3,20.5,-14.073990159771135
3,21.0,-15.10544329588095
3,21.5,-16.375456867573174
3,22.0,-17.99141981834314
3,22.5,-20.125431183267928
3,23.0,-23.04478331918798
3,23.5,-27.784025910574982
3,24.0,-33.36200116171432
3,24.5,-29.02395723964498
3,25.0,-23.32282074299941
3,25.5,-19.733875140488287
3,26.0,-17.067879104543135
3,26.5,-15.003570549851805
3,27.0,-13.386391462149694
3,27.5,-12.0034313008366
3,28.0,-10.840106700366409
3,28.5,-9.858109846906345
3,29.0,-9.025956257170742
3,29.5,-8.346092746909989
3,30.0,-7.762705339464268
3,30.5,-7.287872436025018
3,31.0,-6.917297954886717
3,31.5,-6.644772041331596
3,32.0,-6.473399430347939
3,32.5,-6.391776460184369
3,33.0,-6.4060288468520366
3,33.5,-6.5149430645090565
3,34.0,-6.729087596283815
3,34.5,-7.0504431953878575
3,35.0,-7.488788233405869
3,35.5,-8.051547660673943
3,36.0,-8.729831285045108
3,36.5,-9.581558050480544
3,37.0,-10.603482327320815
3,37.5,-11.777043192652352
3,38.0,-13.18459764458517
3,38.5,-14.75979869046562
3,39.0,-16.35451926118328
3,39.5,-17.57705290219537
3,40.0,-17.876623839386266
3,40.5,-17.147696917103502
3,41.0,-15.85205939058825
3,41.5,-14.470999954169203
3,42.0,-13.227288170172452
3,42.5,-12.211049609446947
3,43.0,-11.358466191762036
3,43.5,-10.684548819933116
3,44.0,-10.18588350937022
3,44.5,-9.813731992349016
3,45.0,-9.568723732430431
3,45.5,-9.440001565351208
3,46.0,-9.413392392606026
3,46.5,-9.475894071359932
3,47.0,-9.62013875020324
3,47.5,-9.832417649391578
3,48.0,-10.100768609296749
3,48.5,-10.409582974384398
3,49.0,-10.733198801200626
3,49.5,-11.075363061425408
3,50.0,-11.410193818675632
3,50.5,-11.714390604338352
3,51.0,-11.996550014325448
3,51.5,-12.24138111411076
3,52.0,-12.446604764733754
3,52.5,-12.614512108370288
3,53.0,-12.743258898751504
3,53.5,-12.84134657422626
3,54.0,-12.901646304591477
3,54.5,-12.915878514499113
3,55.0,-12.874509759378617
3,55.5,-12.770222961958268
3,56.0,-12.589412718610529
3,56.5,-12.335511783364629
3,57.0,-12.027142738420526
3,57.5,-11.662399213251083
3,58.0,-11.273308781802186
3,58.5,-10.884411707538469
3,59.0,-10.519152192195618
3,59.5,-10.207641851219568
3,60.0,-9.947825187612294
3,60.5,-9.763604678844397
3,61.0,-9.668737172434144
3,61.5,-9.671663208568996
3,62.0,-9.777956353168229
3,62.5,-10.002352503023792
3,63.0,-10.348303713786102
3,63.5,-10.80587474898012
3,64.0,-11.402401590851966
3,64.5,-12.109887547697983
3,65.0,-12.889611517376954
3,65.5,-13.6525464522641
3,66.0,-14.230372037976164
3,66.5,-14.468534440031434
3,67.0,-14.228466320451368
3,67.5,-13.549064674963738
3,68.0,-12.614804017887687
3,68.5,-11.633681181329838
3,69.0,-10.6632593500899
3,69.5,-9.794499440597974
3,70.0,-9.075977165250034
3,70.5,-8.471736435535195
3,71.0,-8.005583954175657
3,71.5,-7.679218844671711
3,72.0,-7.488753376919429
3,72.5,-7.436015559602128
3,73.0,-7.5199379812478995
3,73.5,-7.747005293105258
3,74.0,-8.128660232366002
3,74.5,-8.674679845999636
3,75.0,-9.38174654855974
3,75.5,-10.322095690970706
3,76.0,-11.514678599428736
3,76.5,-12.975994368156536
3,77.0,-14.896173189701486
3,77.5,-17.38093014904457
3,78.0,-20.620903885879137
3,78.5,-24.114186184881945
3,79.0,-24.65115957254011
3,79.5,-21.74061405764823
3,80.0,-18.80809469011352
3,80.5,-16.65160487569636
3,81.0,-15.105243728537827
3,81.5,-14.048432464374516
3,82.0,-13.317603657588135
3,82.5,-12.889706892471814
3,83.0,-12.7392360052332
3,83.5,-12.845574262992622
3,84.0,-13.219254073216108
3,84.5,-13.891120962775464
3,85.0,-14.906182199819549
3,85.5,-16.31295366256723
3,86.0,-18.37573275883985
3,86.5,-21.39630458440276
3,87.0,-25.97568693014006
3,87.5,-29.1992277218766
3,88.0,-24.919475480007478
3,88.5,-20.28939672102536
3,89.0,-17.11504583951653
3,89.5,-14.890781418337246
3,90.0,-13.15115452625714
3,90.5,-11.798360795810188
3,91.0,-10.741015937077703
3,91.5,-9.91288614126982
3,92.0,-9.294100737437573
3,92.5,-8.818317410640748
3,93.0,-8.48512265789163
3,93.5,-8.285794578097343
3,94.0,-8.195938841146264
3,94.5,-8.212100987963993
3,95.0,-8.327709974092762
3,95.5,-8.532867033880994
3,96.0,-8.81125168272187
3,96.5,-9.17235125001076
3,97.0,-9.59934587775862
3,97.5,-10.084931848658188
3,98.0,-10.619709931257418
3,98.5,-11.179278252303254
3,99.0,-11.794294052833898
3,99.5,-12.44759626792451
3,100.0,-12.949307345231976
4,0.0,-19.043771441573
4,0.5,-18.897350236592025
4,1.0,-18.49904476700024
4,1.5,-17.889948860316338
4,2.0,-17.159513049949545
4,2.5,-16.37458584207557
4,3.0,-15.58649907715641
4,3.5,-14.851679350108617
4,4.0,-14.1462254682977
4,4.5,-13.506969163357
4,5.0,-12.944543971753616
4,5.5,-12.463466511086867
4,6.0,-12.079916939902771
4,6.5,-11.773199216816142
4,7.0,-11.558083168822426
4,7.5,-11.440941636629066
4,8.0,-11.417418060064342
4,8.5,-11.49453955803118
4,9.0,-11.678545162039972
4,9.5,-11.972315034616898
4,10.0,-12.369542060821782
4,10.5,-12.902742377601353
4,11.0,-13.56888775514012
4,11.5,-14.38267831420755
4,12.0,-15.35540403127029
4,12.5,-16.468581439827503
4,13.0,-17.808859735669017
4,13.5,-19.352255045412196
4,14.0,-21.03132031212401
4,14.5,-22.854774737090413
4,15.0,-24.49808090691716
4,15.5,-25.48517761532642
4,16.0,-25.534658682606796
4,16.5,-24.87525828604165
4,17.0,-23.906347352471133
4,17.5,-22.940055629482703
4,18.0,-22.08558586387424
4,18.5,-21.346376656515474
4,19.0,-20.70982564415004
4,19.5,-20.0943855426827
4,20.0,-19.484612826289464
4,20.5,-18.877870967272184
4,21.0,-18.2315583978278
4,21.5,-17.57507914667189
4,22.0,-16.92896875960298
4,22.5,-16.316874690475775
4,23.0,-15.778059193582076
4,23.5,-15.29819344788218
4,24.0,-14.909336648670315
4,24.5,-14.625730136787723
4,25.0,-14.455035893382275
4,25.5,-14.407002135257205
4,26.0,-14.486439435587457
4,26.5,-14.702572144862089
4,27.0,-15.052476630522904
4,27.5,-15.566141747123297
4,28.0,-16.23916672831065
4,28.5,-17.075896568817804
4,29.0,-18.058979344993364
4,29.5,-19.106977255211063
4,30.0,-20.16600923006969
4,30.5,-20.99050119922296
4,31.0,-21.32015302612416
4,31.5,-21.069229682938115
4,32.0,-20.414983296744115
4,32.5,-19.57980151706888
4,33.0,-18.781585995782383
4,33.5,-18.1470478521739
4,34.0,-17.686400541625265
4,34.5,-17.442820327363236
4,35.0,-17.437718186398783
4,35.5,-17.686526710199022
4,36.0,-18.204356657558773
4,36.5,-19.07696693071501
4,37.0,-20.379782605746044
4,37.5,-22.224112198329323
4,38.0,-25.08063757287957
4,38.5,-29.68449882784856
4,39.0,-34.79742767696808
4,39.5,-30.38475506761548
4,40.0,-25.12387292254454
4,40.5,-21.636099781868083
4,41.0,-19.198789953685285
4,41.5,-17.40934146555832
4,42.0,-16.05603719202727
4,42.5,-15.0639203082191
4,43.0,-14.306986326766898
4,43.5,-13.776139937478444
4,44.0,-13.454041161833334
4,44.5,-13.299658762130306
4,45.0,-13.30459797856089
4,45.5,-13.449967896685214
4,46.0,-13.701674680952712
4,46.5,-14.001456046560962
4,47.0,-14.291123293328996
4,47.5,-14.458421928327285
4,48.0,-14.390013831008346
4,48.5,-14.026191395483036
4,49.0,-13.4039876285078
4,49.5,-12.571109996033268
4,50.0,-11.651098634725594
4,50.5,-10.756937319267278
4,51.0,-9.888802078007645
4,51.5,-9.105319376757429
4,52.0,-8.423621470441537
4,52.5,-7.847617822128929
4,53.0,-7.392710336887474
4,53.5,-7.029512038387296
4,54.0,-6.77056880367526
4,54.5,-6.616328997317058
4,55.0,-6.5635416645376425
4,55.5,-6.610354935358127
4,56.0,-6.760267402171325
4,56.5,-7.013527804930748
4,57.0,-7.362313620535856
4,57.5,-7.833273793221707
4,58.0,-8.422431942264371
4,58.5,-9.142272872851152
4,59.0,-10.003839151870752
4,59.5,-10.994662015021085
4,60.0,-12.202382845263276
4,60.5,-13.630122181055013
4,61.0,-15.32677602517778
4,61.5,-17.327354970220156
4,62.0,-19.53325315656363
4,62.5,-21.716548843732877
4,63.0,-22.740337208828784
4,63.5,-21.870132120124605
4,64.0,-19.974696516395067
4,64.5,-18.064020910073207
4,65.0,-16.439063949618582
4,65.5,-15.105778869721162
4,66.0,-14.053759747675786
4,66.5,-13.17390399043057
4,67.0,-12.465863982588589
4,67.5,-11.90784084681206
4,68.0,-11.478800743255915
4,68.5,-11.175152143976907
4,69.0,-10.967691146771138
4,69.5,-10.85739523783649
4,70.0,-10.836537721086705
4,70.5,-10.89384596877997
4,71.0,-11.016850528507588
4,71.5,-11.187614510691906
4,72.0,-11.37854255391173
4,72.5,-11.549265573713122
4,73.0,-11.667631099595171
4,73.5,-11.685435876390454
4,74.0,-11.567183348608909
4,74.5,-11.305094915752797
4,75.0,-10.926965661002471
4,75.5,-10.446096975776255
4,76.0,-9.919264011070988
4,76.5,-9.405477984714665
4,77.0,-8.908494161468226
4,77.5,-8.470971848753443
4,78.0,-8.114108176677176
4,78.5,-7.850642544144041
4,79.0,-7.696463560805007
4,79.5,-7.651869961019977
4,80.0,-7.731665997928204
4,80.5,-7.950391162464308
4,81.0,-8.320182597985816
4,81.5,-8.844408983597583
4,82.0,-9.584019111764505
4,82.5,-10.563199992545188
4,83.0,-11.804788067213549
4,83.5,-13.487012457242916
4,84.0,-15.738428685835714
4,84.5,-18.854946585556405
4,85.0,-22.86454435488002
4,85.5,-24.427253524003437
4,86.0,-20.905182724703383
4,86.5,-17.151441973859445
4,87.0,-14.408829945369304
4,87.5,-12.373441011596976
4,88.0,-10.868681485588276
4,88.5,-9.667358995341385
4,89.0,-8.737509775663781
4,89.5,-8.050285656927485
4,90.0,-7.528992169291057
4,90.5,-7.172546276990044
4,91.0,-6.9682048533150285
4,91.5,-6.902084923445318
4,92.0,-6.96508379084953
4,92.5,-7.156621503475575
4,93.0,-7.472402367732169
4,93.5,-7.898482010389861
4,94.0,-8.462266304215879
4,94.5,-9.152260437620148
4,95.0,-9.973535333568122
4,95.5,-10.925711656156617
4,96.0,-11.97650308103015
4,96.5,-13.187530699188882
4,97.0,-14.511856402529798
4,97.5,-15.915725800145117
4,98.0,-17.32326978878001
4,98.5,-18.562912450925268
4,99.0,-19.51551403632388
4,99.5,-19.95222020318396
4,100.0,-19.90896286153559
5,0.0,-32.305870925759706
5,0.5,-27.49203649303978
5,1.0,-22.68371625058096
5,1.5,-19.47175979832231
5,2.0,-17.213981626594926
5,2.5,-15.549613111675043
5,3.0,-14.28361259630856
5,3.5,-13.34591585150332
5,4.0,-12.617259599362956
5,4.5,-12.088832540633447
5,5.0,-11.738257794799072
5,5.5,-11.543719175932791
5,6.0,-11.493083756848913
5,6.5,-11.57084240960834
5,7.0,-11.76513026178995
5,7.5,-12.048747223197768
5,8.0,-12.410704463929658
5,8.5,-12.797821689690402
5,9.0,-13.14314803040843
5,9.5,-13.363605390765429
5,10.0,-13.378096065238816
5,10.5,-13.142037743798594
5,11.0,-12.669854227644224
5,11.5,-12.02425867867645
5,12.0,-11.29269005189161
5,12.5,-10.569931448163569
5,13.0,-9.862645786230434
5,13.5,-9.225048656919531
5,14.0,-8.691834340678945
5,14.5,-8.2393608971031
5,15.0,-7.889088805438229
5,15.5,-7.6456660294912995
5,16.0,-7.508583861432733
5,16.5,-7.480351902598493
5,17.0,-7.561461585604305
5,17.5,-7.75600351960796
5,18.0,-8.0709454165588
5,18.5,-8.509964005045788
5,19.0,-9.063345211432502
5,19.5,-9.774712022192096
5,20.0,-10.635802744294471
5,20.5,-11.621459034826865
5,21.0,-12.785863785217614
5,21.5,-14.054946730729773
5,22.0,-15.2998429163919
5,22.5,-16.253777209074638
5,23.0,-16.565549119182023
5,23.5,-16.114430816207513
5,24.0,-15.113393286249067
5,24.5,-13.899422002516571
5,25.0,-12.69963083785507
5,25.5,-11.640256573996414
5,26.0,-10.681298116183273
5,26.5,-9.854089363083189
5,27.0,-9.169111228942343
5,27.5,-8.570474903204671
5,28.0,-8.067470316101536
5,28.5,-7.651217482810349
5,29.0,-7.3112437170607585
5,29.5,-7.0489291535154734
5,30.0,-6.842614948815763
5,30.5,-6.696763451280138
5,31.0,-6.610027166714893
5,31.5,-6.579728142602757
5,32.0,-6.604385668623917
5,32.5,-6.685283789228609
5,33.0,-6.8214874041265405
5,33.5,-7.006667881686983
5,34.0,-7.25083817639088
5,34.5,-7.54486280585449
5,35.0,-7.883289043507648
5,35.5,-8.254586830279122
5,36.0,-8.63080352039055
5,36.5,-9.0119964421532
5,37.0,-9.356433977753136
5,37.5,-9.621575636053054
5,38.0,-9.790925074476297
5,38.5,-9.833865518564636
5,39.0,-9.743029688194108
5,39.5,-9.536236319786042
5,40.0,-9.251868479193696
5,40.5,-8.90810964821644
5,41.0,-8.547500540572289
5,41.5,-8.198186432275396
5,42.0,-7.880374053264006
5,42.5,-7.615703082310065
5,43.0,-7.395683302485975
5,43.5,-7.232405681262789
5,44.0,-7.1299197271955626
5,44.5,-7.080479591132953
5,45.0,-7.08444957985855
5,45.5,-7.138980198852097
5,46.0,-7.238757591501119
5,46.5,-7.375417643113661
5,47.0,-7.554170222193106
5,47.5,-7.769020567975095
5,48.0,-8.021354170087832
5,48.5,-8.314219764546063
5,49.0,-8.64483051434763
5,49.5,-9.046009505376286
5,50.0,-9.52447065573236
5,50.5,-10.085591310524466
5,51.0,-10.7952062703991
5,51.5,-11.675963662880388
5,52.0,-12.787511362996304
5,52.5,-14.200008261232496
5,53.0,-15.951921954053114
5,53.5,-18.21103260894251
5,54.0,-20.56476905481635
5,54.5,-21.254348737748906
5,55.0,-19.20803020259004
5,55.5,-16.381960381032652
5,56.0,-13.807197801061273
5,56.5,-11.699787131669543
5,57.0,-10.0323474556153
5,57.5,-8.618718722942106
5,58.0,-7.452260446877458
5,58.5,-6.49570824447969
5,59.0,-5.71602576232402
5,59.5,-5.112199420848986
5,60.0,-4.6323589676390124
5,60.5,-4.285827721349233
5,61.0,-4.068917720519459
5,61.5,-3.975556820437372
5,62.0,-4.003862633911652
5,62.5,-4.156941212514622
5,63.0,-4.4376159759068745
5,63.5,-4.839663304003881
5,64.0,-5.39786323529426
5,64.5,-6.113113766127633
5,65.0,-7.007879366997615
5,65.5,-8.104218187506016
5,66.0,-9.395318369416236
5,66.5,-11.0039740350226
5,67.0,-12.927814337818353
5,67.5,-15.14501129194443
5,68.0,-17.323009566943618
5,68.5,-18.45752002735691
5,69.0,-17.827489120854565
5,69.5,-16.165557188425616
5,70.0,-14.505515571415478
5,70.5,-13.08224411524028
5,71.0,-11.977293697259478
5,71.5,-11.157679765339353
5,72.0,-10.573398886110684
5,72.5,-10.198476163537666
5,73.0,-9.97679457059802
5,73.5,-9.89057474892298
5,74.0,-9.911611416773097
5,74.5,-10.00427857728246
5,75.0,-10.127008902442318
5,75.5,-10.244830325568524
5,76.0,-10.31160729258727
5,76.5,-10.29283331690344
5,77.0,-10.167970382262608
5,77.5,-9.939602667446673
5,78.0,-9.62730239979205
5,78.5,-9.265138051450958
5,79.0,-8.898368206247447
5,79.5,-8.533820234684917
5,80.0,-8.20508883712095
5,80.5,-7.928331764904224
5,81.0,-7.711399771183691
5,81.5,-7.562905894303659
5,82.0,-7.473932995038546
5,82.5,-7.446708345594088
5,83.0,-7.47572313750156
5,83.5,-7.556221685401997
5,84.0,-7.679176641573974
5,84.5,-7.835507070823548
5,85.0,-8.013478037747394
5,85.5,-8.195451556095998
5,86.0,-8.379943707263253
5,86.5,-8.54833005624076
5,87.0,-8.687133018219715
5,87.5,-8.78490837319052
5,88.0,-8.829887659205509
5,88.5,-8.816626592642631
5,89.0,-8.73861364883188
5,89.5,-8.59885618604928
5,90.0,-8.39165831256929
5,90.5,-8.128867636691767
5,91.0,-7.821301110728467
5,91.5,-7.4847197555844
5,92.0,-7.146205079495765
5,92.5,-6.80197759092885
5,93.0,-6.479362257405674
5,93.5,-6.202789601998028
5,94.0,-5.969806810955715
5,94.5,-5.802597886735445
5,95.0,-5.7158054709448844
5,95.5,-5.720689685235071
5,96.0,-5.827129845507313
5,96.5,-6.056620166601329
5,97.0,-6.422965254144399
5,97.5,-6.950829019772364
5,98.0,-7.664390365467743
5,98.5,-8.570560090129476
5,99.0,-9.772010706935228
5,99.5,-11.291919003789356
5,100.0,-12.60912057236325
6,0.0,-12.884916126150122
6,0.5,-12.9022112800382
6,1.0,-12.952524374781232
6,1.5,-13.039808301998017
6,2.0,-13.1634881349035
6,2.5,-13.325327424415036
6,3.0,-13.525112585547092
6,3.5,-13.75516011950091
6,4.0,-14.027481911098294
6,4.5,-14.32969544965668
6,5.0,-14.65274444370499
6,5.5,-14.981174261028793
6,6.0,-15.284203158113003
6,6.5,-15.552686499405915
6,7.0,-15.745634639258018
6,7.5,-15.830536476474323
6,8.0,-15.791855886110408
6,8.5,-15.622247861061489
6,9.0,-15.33229989167766
6,9.5,-14.950902488196515
6,10.0,-14.52338649652588
6,10.5,-14.054419508652254
6,11.0,-13.583005571269384
6,11.5,-13.128647948744494
6,12.0,-12.70354639717342
6,12.5,-12.326307561398965
6,13.0,-11.975796831508164
6,13.5,-11.662761800631207
6,14.0,-11.39197944723853
6,14.5,-11.140707506826946
6,15.0,-10.910217698138142
6,15.5,-10.692620920280175
6,16.0,-10.47939758653818
6,16.5,-10.269662332257562
6,17.0,-10.04431923044894
6,17.5,-9.806295733701074
6,18.0,-9.554416598062016
6,18.5,-9.290943109035904
6,19.0,-9.02857894439892
6,19.5,-8.757486585682573
6,20.0,-8.493548861585317
6,20.5,-8.252480523192332
6,21.0,-8.027437029700012
6,21.5,-7.833560065906628
6,22.0,-7.678630137147548
6,22.5,-7.56807032450054
6,23.0,-7.509077333308215
6,23.5,-7.502726530446489
6,24.0,-7.555011732284534
6,24.5,-7.671005712731278
6,25.0,-7.852942927114516
6,25.5,-8.096491157698663
6,26.0,-8.420113384463566
6,26.5,-8.819372489701477
6,27.0,-9.282977366680909
6,27.5,-9.843181830017562
6,28.0,-10.488728907299905
6,28.5,-11.22461925293312
6,29.0,-12.051990719746623
6,29.5,-12.94532254561054
6,30.0,-13.961971470514078
6,30.5,-15.074081412364093
6,31.0,-16.28140886085683
6,31.5,-17.576732911459587
6,32.0,-18.90876981573602
6,32.5,-20.344149451629864
6,33.0,-21.812907301125207
6,33.5,-23.217808164022244
6,34.0,-24.536364405465548
6,34.5,-25.51770183349636
6,35.0,-25.85325795893373
6,35.5,-25.37009566362844
6,36.0,-24.240106399641668
6,36.5,-22.727684794269152
6,37.0,-21.13838513559345
6,37.5,-19.66298825769204
6,38.0,-18.27133026241506
6,38.5,-17.030480953728883
6,39.0,-15.947939653035052
6,39.5,-15.01856895704796
6,40.0,-14.262445596133755
6,40.5,-13.62915914253673
6,41.0,-13.14065720720992
6,41.5,-12.800227768050862
6,42.0,-12.607763431652476
6,42.5,-12.570307461587356
6,43.0,-12.69541106440086
6,43.5,-12.99904066553456
6,44.0,-13.487458220507293
6,44.5,-14.222530027237672
6,45.0,-15.232311867070024
6,45.5,-16.581394416035987
6,46.0,-18.31834437275112
6,46.5,-20.323826498158525
6,47.0,-22.09570559578341
6,47.5,-22.071432550329344
6,48.0,-20.013764138498946
6,48.5,-17.477002081673557
6,49.0,-15.29500944531548
6,49.5,-13.43420242655024
6,50.0,-11.912575715837097
6,50.5,-10.708329440116335
6,51.0,-9.69906976319905
6,51.5,-8.888946315611213
6,52.0,-8.257497091382856
6,52.5,-7.784390947267696
6,53.0,-7.468304957020039
6,53.5,-7.282218622268765
6,54.0,-7.232066814760692
6,54.5,-7.319255120884536
6,55.0,-7.541857283927641
6,55.5,-7.8912946673342415
6,56.0,-8.392278568676772
6,56.5,-9.035058186100288
6,57.0,-9.791002921578311
6,57.5,-10.686127774544516
6,58.0,-11.64167412072477
6,58.5,-12.538131642992331
6,59.0,-13.18296189798608
6,59.5,-13.366498727572573
6,60.0,-13.029263835509374
6,60.5,-12.295307263485329
6,61.0,-11.378360943261956
6,61.5,-10.454773626765723
6,62.0,-9.645237772311845
6,62.5,-8.943183028668269
6,63.0,-8.390309763075317
6,63.5,-8.003631662260483
6,64.0,-7.760139253121059
6,64.5,-7.673142384975983
6,65.0,-7.74936287459606
6,65.5,-7.992675681955157
6,66.0,-8.402448177677442
6,66.5,-9.024099901223996
6,67.0,-9.87531006188035
6,67.5,-11.010753324710626
6,68.0,-12.5055159442699
6,68.5,-14.440430546648168
6,69.0,-17.226796844190147
6,69.5,-21.524356714690917
6,70.0,-29.53744923055241
6,70.5,-30.87534309030206
6,71.0,-22.315334378372928
6,71.5,-18.020363155651257
6,72.0,-15.35631887381178
6,72.5,-13.588910934151931
6,73.0,-12.300708696616397
6,73.5,-11.402791598823695
6,74.0,-10.82329150966658
6,74.5,-10.512699151838415
6,75.0,-10.451044829995489
6,75.5,-10.626384403888782
6,76.0,-11.043055396034912
6,76.5,-11.690324280486756
6,77.0,-12.618436828553834
6,77.5,-13.795248686467929
6,78.0,-15.122376608352548
6,78.5,-16.258020025226703
6,79.0,-16.565507788529693
6,79.5,-15.698147430199516
6,80.0,-14.07539760208816
6,80.5,-12.304626256017375
6,81.0,-10.687390519287224
6,81.5,-9.343546961720476
6,82.0,-8.18940933923517
6,82.5,-7.247571446056923
6,83.0,-6.520042418050869
6,83.5,-5.94387554466764
6,84.0,-5.528951302975648
6,84.5,-5.269518728418904
6,85.0,-5.157427191023111
6,85.5,-5.190221904918024
6,86.0,-5.37209814931366
6,86.5,-5.707982163950398
6,87.0,-6.211855061854913
6,87.5,-6.89671582434399
6,88.0,-7.759150812920108
6,88.5,-8.887060087392184
6,89.0,-10.299485047427886
6,89.5,-11.999763612455576
6,90.0,-14.130850145439164
6,90.5,-16.486129404669352
6,91.0,-18.170479846505685
6,91.5,-17.81606955724194
6,92.0,-15.935160748803437
6,92.5,-13.812194471830368
6,93.0,-12.01890033697069
6,93.5,-10.641429798592
6,94.0,-9.541199430137697
6,94.5,-8.707961189614904
6,95.0,-8.104939665610045
6,95.5,-7.697901312494307
6,96.0,-7.4734952086376705
6,96.5,-7.403656158753805
6,97.0,-7.486552263896034
6,97.5,-7.720261305124484
6,98.0,-8.100287450628448
6,98.5,-8.612326297323989
6,99.0,-9.293345649105516
6,99.5,-10.135776873853205
6,100.0,-10.853175230562847
7,0.0,-13.728599056053806
7,0.5,-13.732546273539768
7,1.0,-13.741275030480388
7,1.5,-13.747210089639577
7,2.0,-13.738010996815875
7,2.5,-13.698882160455645
7,3.0,-13.617261060691458
7,3.5,-13.488455958141827
7,4.0,-13.30250240221015
7,4.5,-13.069317968402872
7,5.0,-12.801039417628502
7,5.5,-12.515579447004402
7,6.0,-12.239958400843928
7,6.5,-11.974710317141485
7,7.0,-11.743577722748183
7,7.5,-11.564366060097818
7,8.0,-11.435249878198617
7,8.5,-11.368367430037509
7,9.0,-11.36934786381588
7,9.5,-11.439062880264157
7,10.0,-11.573711199650422
7,10.5,-11.780425993371878
7,11.0,-12.052097153422237
7,11.5,-12.385342697049454
7,12.0,-12.772692964628105
7,12.5,-13.193461058346324
7,13.0,-13.66539883094127
7,13.5,-14.167020725508818
7,14.0,-14.67561646930361
7,14.5,-15.219504576513286
7,15.0,-15.784718558362492
7,15.5,-16.380862903284402
7,16.0,-17.024091108563518
7,16.5,-17.716620484827786
7,17.0,-18.531680364119502
7,17.5,-19.478586387783107
7,18.0,-20.58210243575974
7,18.5,-21.819747756664704
7,19.0,-23.01766414936121
7,19.5,-23.869810669802213
7,20.0,-23.80444831559415
7,20.5,-22.72011760443443
7,21.0,-21.02874880720409
7,21.5,-19.25657462042706
7,22.0,-17.63447354099184
7,22.5,-16.220356449254623
7,23.0,-15.050804110816264
7,23.5,-14.036459331029612
7,24.0,-13.195984848201425
7,24.5,-12.516626019820125
7,25.0,-11.982059629868164
7,25.5,-11.594043590756856
7,26.0,-11.319769552865372
7,26.5,-11.164188215058743
7,27.0,-11.121890740662325
7,27.5,-11.182825343847204
7,28.0,-11.339059319624408
7,28.5,-11.578863030773368
7,29.0,-11.88043474681259
7,29.5,-12.203975693164027
7,30.0,-12.526727758787167
7,30.5,-12.78395265629072
7,31.0,-12.91265306272942
7,31.5,-12.866273295299294
7,32.0,-12.633292892878412
7,32.5,-12.218202906995382
7,33.0,-11.675174310192224
7,33.5,-11.078919068183732
7,34.0,-10.442886950235629
7,34.5,-9.82283856156361
7,35.0,-9.244282576394742
7,35.5,-8.720888680312372
7,36.0,-8.273992972046287
7,36.5,-7.878694569291277
7,37.0,-7.549305722095248
7,37.5,-7.292720228987378
7,38.0,-7.090988556094832
7,38.5,-6.949943468447488
7,39.0,-6.8685466818362055
7,39.5,-6.843542747089084
7,40.0,-6.872276926210918
7,40.5,-6.955103437071345
7,41.0,-7.090062798620327
7,41.5,-7.277475334967165
7,42.0,-7.515859102343938
7,42.5,-7.796218927576064
7,43.0,-8.135872432125645
7,43.5,-8.52565446363046
7,44.0,-8.951331535518667
7,44.5,-9.437557458943411
7,45.0,-9.967513440962255
7,45.5,-10.53600585795332
7,46.0,-11.133036607516724
7,46.5,-11.726955659408617
7,47.0,-12.33715431209534
7,47.5,-12.923889733774065
7,48.0,-13.463296599943874
7,48.5,-13.936273282234062
7,49.0,-14.319225718899494
7,49.5,-14.63700967302901
7,50.0,-14.89237378485
7,50.5,-15.104670512434176
7,51.0,-15.320428434643
7,51.5,-15.568006920360071
7,52.0,-15.883738555875167
7,52.5,-16.300090795795356
7,53.0,-16.833905392754374
7,53.5,-17.55583481584983
7,54.0,-18.49394294522892
7,54.5,-19.715534292206183
7,55.0,-21.30671056833193
7,55.5,-23.348533353083745
7,56.0,-26.20589890031252
7,56.5,-29.98485293706282
7,57.0,-32.62572888476672
7,57.5,-30.22808915855876
7,58.0,-26.45180100220977
7,58.5,-23.60259231544685
7,59.0,-21.52232979868508
7,59.5,-20.022068357656952
7,60.0,-18.86095482194634
7,60.5,-17.998325317814434
7,61.0,-17.382624759283832
7,61.5,-16.97104893429288
7,62.0,-16.744215744451672
7,62.5,-16.667429270628485
7,63.0,-16.73079175311079
7,63.5,-16.912494932113123
7,64.0,-17.206311673498643
7,64.5,-17.58624084275544
7,65.0,-18.02851489263029
7,65.5,-18.50248038029318
7,66.0,-18.962832591028985
7,66.5,-19.410662451198597
7,67.0,-19.81596198505073
7,67.5,-20.18134835040126
7,68.0,-20.53315567545996
7,68.5,-20.903894754966043
7,69.0,-21.3747262464608
7,69.5,-21.999153163705717
7,70.0,-22.821435880143675
7,70.5,-23.96175309334816
7,71.0,-25.41946337018575
7,71.5,-26.98987345150153
7,72.0,-27.786676469358973
7,72.5,-26.736060541067683
7,73.0,-24.30451920046964
7,73.5,-21.702363813091587
7,74.0,-19.394601788524824
7,74.5,-17.425420975041764
7,75.0,-15.8032391808109
7,75.5,-14.377310491630166
7,76.0,-13.158540586334125
7,76.5,-12.147892001984212
7,77.0,-11.258501226812529
7,77.5,-10.503980750890376
7,78.0,-9.872509139213497
7,78.5,-9.350259119156622
7,79.0,-8.940965647367287
7,79.5,-8.611486452701234
7,80.0,-8.368392651133304
7,80.5,-8.207979848905756
7,81.0,-8.123972394775732
7,81.5,-8.11271960433898
7,82.0,-8.169854550965919
7,82.5,-8.292372331076834
7,83.0,-8.47141541724842
7,83.5,-8.714774777177476
7,84.0,-9.013195796095449
7,84.5,-9.36338343591635
7,85.0,-9.758983869344052
7,85.5,-10.180182225627831
7,86.0,-10.644625057227994
7,86.5,-11.128304418424817
7,87.0,-11.617864996868434
7,87.5,-12.097734112062314
7,88.0,-12.538380170991363
7,88.5,-12.953394218644087
7,89.0,-13.320679170117137
7,89.5,-13.630869368360038
7,90.0,-13.914746881581092
7,90.5,-14.184942783060617
7,91.0,-14.474371478329658
7,91.5,-14.823355246109244
7,92.0,-15.265923560586034
7,92.5,-15.889084777225792
7,93.0,-16.756274325113285
7,93.5,-17.94509933622246
7,94.0,-19.733257969844853
7,94.5,-22.5143110142662
7,95.0,-27.72929077744157
7,95.5,-42.14391277812541
7,96.0,-29.3805510495876
7,96.5,-21.77173958163949
7,97.0,-17.562203703628132
7,97.5,-14.604222148182076
7,98.0,-12.310055873929509
7,98.5,-10.505085367982534
7,99.0,-8.955308605808673
7,99.5,-7.647603131762447
7,100.0,-6.8194346626897655
8,0.0,-8.918561412007104
8,0.5,-8.792219992454335
8,1.0,-8.454259169689905
8,1.5,-7.95427612594971
8,2.0,-7.382586154253881
8,2.5,-6.806059635727831
8,3.0,-6.270930614371428
8,3.5,-5.819124618430967
8,4.0,-5.438311302540988
8,4.5,-5.150832130335335
8,5.0,-4.962808305057651
8,5.5,-4.874250862526408
8,6.0,-4.885916576114613
8,6.5,-4.9995901075358535
8,7.0,-5.216345428185379
8,7.5,-5.528590842022264
8,8.0,-5.959073757837565
8,8.5,-6.50252540436157
8,9.0,-7.167617891376381
8,9.5,-7.96031178884103
8,10.0,-8.863421073115095
8,10.5,-9.948362802929864
8,11.0,-11.206677525843787
8,11.5,-12.669356594042826
8,12.0,-14.367618671496263
8,12.5,-16.282899269940476
8,13.0,-18.562981590351058
8,13.5,-21.06410649902041
8,14.0,-23.220415059865427
8,14.5,-24.032329371202465
8,15.0,-22.978051630422943
8,15.5,-21.1051570551896
8,16.0,-19.285040195466937
8,16.5,-17.758959404494842
8,17.0,-16.414203858807383
8,17.5,-15.251619318871969
8,18.0,-14.235996776231929
8,18.5,-13.339996791016816
8,19.0,-12.574534356456526
8,19.5,-11.88638856856535
8,20.0,-11.299212816995858
8,20.5,-10.830531666737205
8,21.0,-10.456122476269812
8,21.5,-10.19729424729822
8,22.0,-10.06509692077485
8,22.5,-10.067750675086792
8,23.0,-10.214384659052438
8,23.5,-10.532795968127884
8,24.0,-11.043818755914131
8,24.5,-11.78929437559232
8,25.0,-12.820293319081834
8,25.5,-14.180732558883673
8,26.0,-16.100888157297483
8,26.5,-18.773618181829367
8,27.0,-22.2780812654328
8,27.5,-24.838658375099275
8,28.0,-22.242241296134218
8,28.5,-18.21762296075385
8,29.0,-15.124283208639635
8,29.5,-12.87496284653202
8,30.0,-11.083475840860247
8,30.5,-9.673407598260557
8,31.0,-8.561526622630947
8,31.5,-7.686297404705425
8,32.0,-7.032893885757703
8,32.5,-6.537078147943415
8,33.0,-6.2044713845620505
8,33.5,-6.0316436476372015
8,34.0,-6.003760445065069
8,34.5,-6.126607734497773
8,35.0,-6.408223035221679
8,35.5,-6.855390826144956
8,36.0,-7.465236161321626
8,36.5,-8.301382501680967
8,37.0,-9.383506441593848
8,37.5,-10.7305088031845
8,38.0,-12.530191322503953
8,38.5,-14.926092648563955
8,39.0,-18.326482402670347
8,39.5,-23.540719491342852
8,40.0,-28.21631356772049
8,40.5,-23.61272768556756
8,41.0,-18.81711803657545
8,41.5,-15.8336453866136
8,42.0,-13.820199744318296
8,42.5,-12.453873597591093
8,43.0,-11.47041392852415
8,43.5,-10.818880829872583
8,44.0,-10.458027554696766
8,44.5,-10.336701843211625
8,45.0,-10.45467889962888
8,45.5,-10.81918270181558
8,46.0,-11.441925885925444
8,46.5,-12.32942847485925
8,47.0,-13.599367759006036
8,47.5,-15.332085141757164
8,48.0,-17.74404659428057
8,48.5,-21.2100367316274
8,49.0,-25.90108419587925
8,49.5,-27.452773180108306
8,50.0,-22.91189866982367
8,50.5,-19.125758295349105
8,51.0,-16.475068027649836
8,51.5,-14.611622945980349
8,52.0,-13.287180018852002
8,52.5,-12.354114071835973
8,53.0,-11.756248574180264
8,53.5,-11.413514548397249
8,54.0,-11.323158107317326
8,54.5,-11.483775360840507
8,55.0,-11.897496355421122
8,55.5,-12.564774566829364
8,56.0,-13.566943493550667
8,56.5,-14.945534617359291
8,57.0,-16.732376730183542
8,57.5,-19.10674941625419
8,58.0,-21.694032899073385
8,58.5,-22.698803143234823
8,59.0,-20.85479918381737
8,59.5,-18.193496736909523
8,60.0,-15.84364845101082
8,60.5,-14.015021014862338
8,61.0,-12.628120108579806
8,61.5,-11.590000022304777
8,62.0,-10.866305707892645
8,62.5,-10.375256252685238
8,63.0,-10.119000176057527
8,63.5,-10.090147156420906
8,64.0,-10.289914592655158
8,64.5,-10.73448704494866
8,65.0,-11.461476341296883
8,65.5,-12.522616530096268
8,66.0,-13.973922409659025
8,66.5,-16.10580485367761
8,67.0,-19.32032578038553
8,67.5,-25.14294795748168
8,68.0,-34.85417360200792
8,68.5,-25.649917211841142
8,69.0,-19.28975462955224
8,69.5,-15.722123407459213
8,70.0,-13.3767181412699
8,70.5,-11.607519919921367
8,71.0,-10.27478041398858
8,71.5,-9.27192606860292
8,72.0,-8.526645103028047
8,72.5,-8.014924226252193
8,73.0,-7.678787953311792
8,73.5,-7.517764392180556
8,74.0,-7.524687632058599
8,74.5,-7.689880407296083
8,75.0,-7.999962487125581
8,75.5,-8.471211756044434
8,76.0,-9.088541254587444
8,76.5,-9.81615791859046
8,77.0,-10.668318402613616
8,77.5,-11.557723335308063
8,78.0,-12.364542016102344
8,78.5,-12.923850569732098
8,79.0,-13.082744015579788
8,79.5,-12.822192102629938
8,80.0,-12.25204505582166
8,80.5,-11.541246433948189
8,81.0,-10.831205405669245
8,81.5,-10.221933953975244
8,82.0,-9.715038220794174
8,82.5,-9.344096005082438
8,83.0,-9.11746044895506
8,83.5,-9.013811363570504
8,84.0,-9.025884777992264
8,84.5,-9.131675326414568
8,85.0,-9.292273522086145
8,85.5,-9.449410990879276
8,86.0,-9.541745359629262
8,86.5,-9.48833037643182
8,87.0,-9.22634726523566
8,87.5,-8.745808788589384
8,88.0,-8.102707409279306
8,88.5,-7.323983311504781
8,89.0,-6.4988776664653045
8,89.5,-5.7074699088057015
8,90.0,-4.938257148161976
8,90.5,-4.238357666653104
8,91.0,-3.621684501875085
8,91.5,-3.092316101106966
8,92.0,-2.665566534318113
8,92.5,-2.314813770916761
8,93.0,-2.052564628629743
8,93.5,-1.8830392018319704
8,94.0,-1.7946746269820006
8,94.5,-1.7921738151051505
8,95.0,-1.8772090583527592
8,95.5,-2.048604140876101
8,96.0,-2.299837143840965
8,96.5,-2.648879090140149
8,97.0,-3.091197069905933
8,97.5,-3.63350825367748
8,98.0,-4.280222817635221
8,98.5,-5.016782840574595
8,99.0,-5.900704127003529
8,99.5,-6.924139764336843
8,100.0,-7.763920967580276
9,0.0,-9.343650764583032
9,0.5,-9.152873073831604
9,1.0,-8.653748566960708
9,1.5,-7.941169965600444
9,2.0,-7.155710457641693
9,2.5,-6.386779877004191
9,3.0,-5.684765259012945
9,3.5,-5.092297705655322
9,4.0,-4.581859437357264
9,4.5,-4.173621533393912
9,5.0,-3.867488412808285
9,5.5,-3.657486404880375
9,6.0,-3.542500225463934
9,6.5,-3.510058292738072
9,7.0,-3.5580540472815576
9,7.5,-3.6764003923793194
9,8.0,-3.8649560301904473
9,8.5,-4.111150406373408
9,9.0,-4.405027755455433
9,9.5,-4.732516372159875
9,10.0,-5.068035501364893
9,10.5,-5.415579977008044
9,11.0,-5.74764264856258
9,11.5,-6.048168636545416
9,12.0,-6.306826288539792
9,12.5,-6.513027937000424
9,13.0,-6.683331265797411
9,13.5,-6.822132169847075
9,14.0,-6.941784364216519
9,14.5,-7.068971556968561
9,15.0,-7.2194404059527235
9,15.5,-7.412867803884678
9,16.0,-7.665552507826631
9,16.5,-7.982804118490449
9,17.0,-8.398572242331447
9,17.5,-8.916046740021738
9,18.0,-9.550532853075705
9,18.5,-10.31247375053406
9,19.0,-11.186336780454102
9,19.5,-12.23523567432201
9,20.0,-13.429653203889576
9,20.5,-14.700014835076644
9,21.0,-16.029896797679395
9,21.5,-17.170566807564825
9,22.0,-17.798590028879584
9,22.5,-17.718845935512746
9,23.0,-17.068241738432864
9,23.5,-16.115377497185083
9,24.0,-15.127361257884122
9,24.5,-14.232940205180736
9,25.0,-13.476597808022811
9,25.5,-12.885566455893365
9,26.0,-12.41735560762507
9,26.5,-12.080461593990588
9,27.0,-11.870829397434024
9,27.5,-11.765337712266158
9,28.0,-11.761791625583744
9,28.5,-11.854364980322542
9,29.0,-12.034360909817062
9,29.5,-12.287919703761029
9,30.0,-12.625321100430062
9,30.5,-13.03323331618579
9,31.0,-13.506999183735063
9,31.5,-14.038023698185391
9,32.0,-14.599129775345432
9,32.5,-15.211391206893095
9,33.0,-15.837341037949122
9,33.5,-16.430619689862468
9,34.0,-16.991637723440636
9,34.5,-17.46078186493424
9,35.0,-17.797600906740715
9,35.5,-17.98355382295855
9,36.0,-18.022945726460293
9,36.5,-17.95131123067537
9,37.0,-17.817900961279534
9,37.5,-17.683064290100887
9,38.0,-17.592576262016305
9,38.5,-17.59862089356365
9,39.0,-17.749288121395743
9,39.5,-18.088248227884893
9,40.0,-18.65221999416506
9,40.5,-19.55113047681792
9,41.0,-20.876693784465672
9,41.5,-22.809268207737905
9,42.0,-25.501773834779243
9,42.5,-28.107063191025173
9,43.0,-27.228660869511987
9,43.5,-23.3670501619674
9,44.0,-19.894341478425883
9,44.5,-17.064021765013013
9,45.0,-14.799282300822313
9,45.5,-12.951295055241063
9,46.0,-11.411464017073053
9,46.5,-10.155971399039686
9,47.0,-9.06404287392695
9,47.5,-8.14656044632072
9,48.0,-7.386685055246829
9,48.5,-6.76733433465519
9,49.0,-6.293927769663124
9,49.5,-5.93077110779111
9,50.0,-5.689440345331082
9,50.5,-5.572854414040094
9,51.0,-5.5755196497047645
9,51.5,-5.705533884708904
9,52.0,-5.973392495151343
9,52.5,-6.388165324081703
9,53.0,-6.949435181650249
9,53.5,-7.717755403110645
9,54.0,-8.71296493528416
9,54.5,-9.99956520461927
9,55.0,-11.66737475062879
9,55.5,-13.814399042040906
9,56.0,-16.895004021144274
9,56.5,-21.37845908600052
9,57.0,-25.3323985224645
9,57.5,-22.0261618316851
9,58.0,-17.411885549702824
9,58.5,-14.26684335883881
9,59.0,-12.036363207270789
9,59.5,-10.433465816360505
9,60.0,-9.180253912851464
9,60.5,-8.22889956881468
9,61.0,-7.524583158369213
9,61.5,-7.024843264434255
9,62.0,-6.715747495449935
9,62.5,-6.562943608514051
9,63.0,-6.567555652663577
9,63.5,-6.721015293578779
9,64.0,-7.033093306076355
9,64.5,-7.502475939656018
9,65.0,-8.138546342079687
9,65.5,-8.944730313625197
9,66.0,-9.894224849172726
9,66.5,-11.033727637852593
9,67.0,-12.278886114868628
9,67.5,-13.477721439766906
9,68.0,-14.33856101860482
9,68.5,-14.52871726176738
9,69.0,-13.993550427871051
9,69.5,-12.99946062708912
9,70.0,-11.90741800405348
9,70.5,-10.84837870558508
9,71.0,-9.937307087177764
9,71.5,-9.201423575888516
9,72.0,-8.638109772991292
9,72.5,-8.25349705778836
9,73.0,-8.01718785581263
9,73.5,-7.937034201245497
9,74.0,-8.015200647753174
9,74.5,-8.251471666126152
9,75.0,-8.641330646325041
9,75.5,-9.223199060250938
9,76.0,-10.007372671101544
9,76.5,-10.99828564230377
9,77.0,-12.31580416440001
9,77.5,-14.02553510151251
9,78.0,-16.32100673691629
9,78.5,-19.579279585071127
9,79.0,-24.663203482122224
9,79.5,-31.97918417552036
9,80.0,-26.8171168625194
9,80.5,-20.87185375335952
9,81.0,-17.40077828483988
9,81.5,-15.123295423560323
9,82.0,-13.40596069370625
9,82.5,-12.102854716151125
9,83.0,-11.127374656119004
9,83.5,-10.346997031186554
9,84.0,-9.74593409059676
9,84.5,-9.293931239400834
9,85.0,-8.962913803855223
9,85.5,-8.73999270701315
9,86.0,-8.594053323394451
9,86.5,-8.51689709105025
9,87.0,-8.495314621899603
9,87.5,-8.514633772368029
9,88.0,-8.560816933671425
9,88.5,-8.625041090475582
9,89.0,-8.695908990416594
9,89.5,-8.763516770372814
9,90.0,-8.826954814800468
9,90.5,-8.882096668039596
9,91.0,-8.92979838885391
9,91.5,-8.973855957015752
9,92.0,-9.01840101356188
9,92.5,-9.072975953254147
9,93.0,-9.143222591791284
9,93.5,-9.233123989383689
9,94.0,-9.354505606173513
9,94.5,-9.509720306100135
9,95.0,-9.703682383031357
9,95.5,-9.938601020663018
9,96.0,-10.207849607143102
9,96.5,-10.528890439932937
9,97.0,-10.892736897329126
9,97.5,-11.298349376624683
9,98.0,-11.741605327532827
9,98.5,-12.203290622342411
9,99.0,-12.705649920318985
9,99.5,-13.225887083542032
9,100.0,-13.609757647711085
10,0.0,-9.944264231463457
10,0.5,-10.062141692274222
10,1.0,-10.410723644710622
10,1.5,-11.037545100597432
10,2.0,-11.980365005643952
10,2.5,-13.33688826488574
10,3.0,-15.26383433958172
10,3.5,-17.99270204652126
10,4.0,-22.231657688604358
10,4.5,-25.93331886529089
10,5.0,-22.085344249857272
10,5.5,-17.132293876604148
10,6.0,-13.790167653348757
10,6.5,-11.25266965439742
10,7.0,-9.27860528587462
10,7.5,-7.737340893820964
10,8.0,-6.429972131580991
10,8.5,-5.342712950846094
10,9.0,-4.438070165807464
10,9.5,-3.6842219851677855
10,10.0,-3.0803995435797025
10,10.5,-2.574403494849754
10,11.0,-2.1746413223936294
10,11.5,-1.8752928007331169
10,12.0,-1.6686515438325682
10,12.5,-1.554343522442246
10,13.0,-1.5226235721510966
10,13.5,-1.575715452551784
10,14.0,-1.709207388958416
10,14.5,-1.932319065412349
10,15.0,-2.2428915433088585
10,15.5,-2.6461155347086107
10,16.0,-3.144987529951061
10,16.5,-3.727898608903653
10,17.0,-4.44038851065099
10,17.5,-5.276390209605417
10,18.0,-6.255658115211487
10,18.5,-7.3989210911430225
10,19.0,-8.699020071875811
10,19.5,-10.288422418026736
10,20.0,-12.207197521884222
10,20.5,-14.52271689390625
10,21.0,-17.660995881349738
10,21.5,-22.217722138309743
10,22.0,-29.858704745377047
10,22.5,-30.648254707300403
10,23.0,-23.84354009078149
10,23.5,-19.897829940958253
10,24.0,-17.457977715519018
10,24.5,-15.807650324608332
10,25.0,-14.630181558132415
10,25.5,-13.801040562622669
10,26.0,-13.177878280389708
10,26.5,-12.7271421738816
10,27.0,-12.414453550598358
10,27.5,-12.18408490120042
10,28.0,-12.01518675095368
10,28.5,-11.88098210033914
10,29.0,-11.75688028635108
10,29.5,-11.627733038130293
10,30.0,-11.47157540615846
10,30.5,-11.28507080510848
10,31.0,-11.066458323754876
10,31.5,-10.820591065832822
10,32.0,-10.56318460257414
10,32.5,-10.287555931323253
10,33.0,-10.010963035877165
10,33.5,-9.74963997959113
10,34.0,-9.493699667547002
10,34.5,-9.255817798661448
10,35.0,-9.03931136593312
10,35.5,-8.84529361530329
10,36.0,-8.679535681476185
10,36.5,-8.531758077374027
10,37.0,-8.407093263363333
10,37.5,-8.30877133149259
10,38.0,-8.231294352570817
10,38.5,-8.17905476869988
10,39.0,-8.154780958233289
10,39.5,-8.160979859736832
10,40.0,-8.200348983830631
10,40.5,-8.28025715576947
10,41.0,-8.405216422592986
10,41.5,-8.583076285986433
10,42.0,-8.820634413538802
10,42.5,-9.117603731016986
10,43.0,-9.50331953408687
10,43.5,-9.981315515518595
10,44.0,-10.549732196822024
10,44.5,-11.264918168613486
10,45.0,-12.136631117891314
10,45.5,-13.208156560259438
10,46.0,-14.533654677168457
10,46.5,-16.152483452831166
10,47.0,-18.319377047688885
10,47.5,-21.2481705501293
10,48.0,-25.273049987390017
10,48.5,-28.429686463052036
10,49.0,-25.7580153122963
10,49.5,-21.511888054237904
10,50.0,-18.34724116920646
10,50.5,-16.067290179891263
10,51.0,-14.239478510770295
10,51.5,-12.771905526055352
10,52.0,-11.572258721068131
10,52.5,-10.573755261765935
10,53.0,-9.761439450192588
10,53.5,-9.055790909906948
10,54.0,-8.461474907697308
10,54.5,-7.964456789005931
10,55.0,-7.550254659578403
10,55.5,-7.219235386053786
10,56.0,-6.94228843394078
10,56.5,-6.722678575065038
10,57.0,-6.559307909283443
10,57.5,-6.436326258811966
10,58.0,-6.353764214948495
10,58.5,-6.307556414978983
10,59.0,-6.292459098059654
10,59.5,-6.303886035100686
10,60.0,-6.338455452169413
10,60.5,-6.391974140095369
10,61.0,-6.461088212921629
10,61.5,-6.54209645120615
10,62.0,-6.629275999538198
10,62.5,-6.7254533133698695
10,63.0,-6.825818445512918
10,63.5,-6.925727705510994
10,64.0,-7.030522034856382
10,64.5,-7.136855690279115
10,65.0,-7.245229337333058
10,65.5,-7.356722386591188
10,66.0,-7.469512809118956
10,66.5,-7.592911165775266
10,67.0,-7.726054030357811
10,67.5,-7.872247949230418
10,68.0,-8.034528846972858
10,68.5,-8.210799772711795
10,69.0,-8.415639737748183
10,69.5,-8.647092490621294
10,70.0,-8.900790186814373
10,70.5,-9.19619031215944
10,71.0,-9.528885320794156
10,71.5,-9.903250576889109
10,72.0,-10.321956312480951
10,72.5,-10.774265660324572
10,73.0,-11.291811696410022
10,73.5,-11.863618303106792
10,74.0,-12.493775311404583
10,74.5,-13.183528495614896
10,75.0,-13.911632564581346
10,75.5,-14.723636741792935
10,76.0,-15.594452877501666
10,76.5,-16.4900833432209
10,77.0,-17.454797700540027
10,77.5,-18.44148824649464
10,78.0,-19.42129666920357
10,78.5,-20.35698666774432
10,79.0,-21.182592156140554
10,79.5,-21.9166553765836
10,80.0,-22.521827593654628
10,80.5,-23.01398229683717
10,81.0,-23.440888313199405
10,81.5,-23.850852555420698
10,82.0,-24.33679549329541
10,82.5,-24.95157851635017
10,83.0,-25.735344253624284
10,83.5,-26.80181284671475
10,84.0,-28.175844529539784
10,84.5,-29.815043994078927
10,85.0,-31.26779808650322
10,85.5,-31.39875724189721
10,86.0,-29.687798798537354
10,86.5,-27.182134299306547
10,87.0,-24.76195505292481
10,87.5,-22.651139511622773
10,88.0,-20.8983818168881
10,88.5,-19.346970459462657
10,89.0,-18.007776014110743
10,89.5,-16.88114288746935
10,90.0,-15.86958503534753
10,90.5,-14.987897570887638
10,91.0,-14.22230347911816
10,91.5,-13.55774517526236
10,92.0,-13.001469608734602
10,92.5,-12.510182479873588
10,93.0,-12.094115286498855
10,93.5,-11.757483356637394
10,94.0,-11.47340057738426
10,94.5,-11.246907399370585
10,95.0,-11.073539217244036
10,95.5,-10.946522704826933
10,96.0,-10.862480896904104
10,96.5,-10.809508079703496
10,97.0,-10.783008522671643
10,97.5,-10.775307117323948
10,98.0,-10.777339331745347
10,98.5,-10.780079199364955
10,99.0,-10.774669540091224
10,99.5,-10.752786608019097
10,100.0,-10.723073443813211
11,0.0,-9.539128905173076
11,0.5,-9.603683651120086
11,1.0,-9.791588935477687
11,1.5,-10.11825073259586
11,2.0,-10.583561982246673
11,2.5,-11.199343855989587
11,3.0,-11.975081618195093
11,3.5,-12.898935634676906
11,4.0,-14.052474424693312
11,4.5,-15.439306129507845
11,5.0,-17.11116125109918
11,5.5,-19.12631564923271
11,6.0,-21.49294557030788
11,6.5,-24.42892241821013
11,7.0,-27.688932811344102
11,7.5,-30.009880245695697
11,8.0,-29.79863220140928
11,8.5,-28.21566234940901
11,9.0,-26.924200669501825
11,9.5,-26.233089873553315
11,10.0,-26.080927564402277
11,10.5,-26.28595534038984
11,11.0,-26.50845183328442
11,11.5,-26.16020184935744
11,12.0,-24.845796201296444
11,12.5,-22.876491106827014
11,13.0,-20.66851237472217
11,13.5,-18.59941812230185
11,14.0,-16.825153707054046
11,14.5,-15.242243020507203
11,15.0,-13.885934827417795
11,15.5,-12.735480155348052
11,16.0,-11.7642880027291
11,16.5,-10.97852653053352
11,17.0,-10.314030523112873
11,17.5,-9.783521667550788
11,18.0,-9.379961878628931
11,18.5,-9.09315246687614
11,19.0,-8.922328635485949
11,19.5,-8.851668233109747
11,20.0,-8.882076706777351
11,20.5,-9.005456276029339
11,21.0,-9.224850980835711
11,21.5,-9.530732306110634
11,22.0,-9.916844288702992
11,22.5,-10.37028418430496
11,23.0,-10.859614148327218
11,23.5,-11.392157902899047
11,24.0,-11.921855490440516
11,24.5,-12.409556665808363
11,25.0,-12.815360068977231
11,25.5,-13.096677970148209
11,26.0,-13.253667149653651
11,26.5,-13.283032961781474
11,27.0,-13.212597939058291
11,27.5,-13.0754663666271
11,28.0,-12.911946611310372
11,28.5,-12.755072189773982
11,29.0,-12.6291612121089
11,29.5,-12.552528460793988
11,30.0,-12.529634386716475
11,30.5,-12.56665663354748
11,31.0,-12.664466700224382
11,31.5,-12.818162818929853
11,32.0,-13.015207726797229
11,32.5,-13.259052184122952
11,33.0,-13.532866985152513
11,33.5,-13.81579985620092
11,34.0,-14.112862738687738
11,34.5,-14.403479760599716
11,35.0,-14.677613258342763
11,35.5,-14.929424576592226
11,36.0,-15.150267834025724
11,36.5,-15.356645756397796
11,37.0,-15.54798381249266
11,37.5,-15.727330320312008
11,38.0,-15.915520503020687
11,38.5,-16.11585453774829
11,39.0,-16.336060152257293
11,39.5,-16.580583066091464
11,40.0,-16.843020689281257
11,40.5,-17.138189437842726
11,41.0,-17.45262650911574
11,41.5,-17.777111448157964
11,42.0,-18.097735376641797
11,42.5,-18.38783278167466
11,43.0,-18.64432441226864
11,43.5,-18.835849577768727
11,44.0,-18.9385589062588
11,44.5,-18.94354717883369
11,45.0,-18.84151428944548
11,45.5,-18.634977191062323
11,46.0,-18.34038119683236
11,46.5,-17.98929534078583
11,47.0,-17.583258911638133
11,47.5,-17.15558081833107
11,48.0,-16.725921626229287
11,48.5,-16.310021869964697
11,49.0,-15.93097971858646
11,49.5,-15.572310945298572
11,50.0,-15.248898022192646
11,50.5,-14.968520356790076
11,51.0,-14.708388953352788
11,51.5,-14.467711134243329
11,52.0,-14.23250371737315
11,52.5,-13.984797648171924
11,53.0,-13.713368782996945
11,53.5,-13.381962952918345
11,54.0,-12.98442998628818
11,54.5,-12.512389016891332
11,55.0,-11.970249813516412
11,55.5,-11.388098550748085
11,56.0,-10.74793620533647
11,56.5,-10.088653696614667
11,57.0,-9.45034592645388
11,57.5,-8.810999350521376
11,58.0,-8.204816275853657
11,58.5,-7.643777415556116
11,59.0,-7.135108995990414
11,59.5,-6.698152434640395
11,60.0,-6.309600706117787
11,60.5,-5.985787578601612
11,61.0,-5.7298958678936405
11,61.5,-5.541779545046195
11,62.0,-5.425852122153128
11,62.5,-5.375392931308254
11,63.0,-5.394342168675797
11,63.5,-5.480158090319989
11,64.0,-5.63813238121222
11,64.5,-5.865207179220938
11,65.0,-6.1619062243210285
11,65.5,-6.525190090298487
11,66.0,-6.939288740920524
11,66.5,-7.425304870106214
11,67.0,-7.962757105891819
11,67.5,-8.540574956752259
11,68.0,-9.140209948604856
11,68.5,-9.718708278587425
11,69.0,-10.278595871698691
11,69.5,-10.761833377021466
11,70.0,-11.11579335320286
11,70.5,-11.328079643764855
11,71.0,-11.371191712584062
11,71.5,-11.24817682203702
11,72.0,-10.98852559807696
11,72.5,-10.639262428960237
11,73.0,-10.21597211424469
11,73.5,-9.761217014757676
11,74.0,-9.299733406407825
11,74.5,-8.849858021132457
11,75.0,-8.43738348478297
11,75.5,-8.046166790765149
11,76.0,-7.696451197648146
11,76.5,-7.403519686539566
11,77.0,-7.154630612923789
11,77.5,-6.964144042862535
11,78.0,-6.838607656994929
11,78.5,-6.782093749731123
11,79.0,-6.799584310296323
11,79.5,-6.898122509314717
11,80.0,-7.083417443142156
11,80.5,-7.364132194840154
11,81.0,-7.745377469177345
11,81.5,-8.219073911873812
11,82.0,-8.820311517383978
11,82.5,-9.535832618276904
11,83.0,-10.33316959718951
11,83.5,-11.234406906885456
11,84.0,-12.14955233927286
11,84.5,-12.950761241759311
11,85.0,-13.459963047903118
11,85.5,-13.518769835544246
11,86.0,-13.112717424715498
11,86.5,-12.37774382449492
11,87.0,-11.49896245410554
11,87.5,-10.6222117395186
11,88.0,-9.85130637128211
11,88.5,-9.176193590004504
11,89.0,-8.635930205556532
11,89.5,-8.24737398177419
11,90.0,-7.986973028848274
11,90.5,-7.866717151584344
11,91.0,-7.889895292913924
11,91.5,-8.05515025842899
11,92.0,-8.355512690511135
11,92.5,-8.812136018293545
11,93.0,-9.415326109392636
11,93.5,-10.133902949588585
11,94.0,-10.982587976683105
11,94.5,-11.865038053979989
11,95.0,-12.62831104779398
11,95.5,-13.050300986030257
11,96.0,-12.943521087390138
11,96.5,-12.300603503004066
11,97.0,-11.314063773920024
11,97.5,-10.203799900564654
11,98.0,-9.120500007169587
11,98.5,-8.16547718315924
11,99.0,-7.306624869018345
11,99.5,-6.579714193169041
11,100.0,-6.130052415037288
12,0.0,-8.255826404180699
12,0.5,-8.284366906441864
12,1.0,-8.366584586211095
12,1.5,-8.50644172715507
12,2.0,-8.699050514432482
12,2.5,-8.941783614568836
12,3.0,-9.228411971282648
12,3.5,-9.542038210652338
12,4.0,-9.89269882761382
12,4.5,-10.258607326762446
12,5.0,-10.62508564218854
12,5.5,-10.975597202180452
12,6.0,-11.283895563130129
12,6.5,-11.554375436621482
12,7.0,-11.767413017777685
12,7.5,-11.915264520414386
12,8.0,-12.01206473721453
12,8.5,-12.065231988161615
12,9.0,-12.091600460425928
12,9.5,-12.111522648793278
12,10.0,-12.143605048638074
12,10.5,-12.20830370019086
12,11.0,-12.320649947784782
12,11.5,-12.495872278939911
12,12.0,-12.744461419087008
12,12.5,-13.06572129379982
12,13.0,-13.486377810702455
12,13.5,-13.998468506714786
12,14.0,-14.577866229257168
12,14.5,-15.23897506749347
12,15.0,-15.914713189053623
12,15.5,-16.511113319042153
12,16.0,-16.892871922016948
12,16.5,-16.919640786077093
12,17.0,-16.53008140014752
12,17.5,-15.78630171592488
12,18.0,-14.82612541466777
12,18.5,-13.791850134508165
12,19.0,-12.806715062534831
12,19.5,-11.860897220290097
12,20.0,-11.009173927471648
12,20.5,-10.283695703237514
12,21.0,-9.64149258851289
12,21.5,-9.104556300598947
12,22.0,-8.673439421788187
12,22.5,-8.344691581813036
12,23.0,-8.124676649184716
12,23.5,-8.000287926696059
12,24.0,-7.980437935401947
12,24.5,-8.071108498965106
12,25.0,-8.275909953635392
12,25.5,-8.593162704061305
12,26.0,-9.05430980777068
12,26.5,-9.665086182366558
12,27.0,-10.42302575315991
12,27.5,-11.404704789440428
12,28.0,-12.624710508159753
12,28.5,-14.136720077076626
12,29.0,-15.975122168824758
12,29.5,-18.020551108223927
12,30.0,-19.92065830815817
12,30.5,-20.42409063259371
12,31.0,-19.027655205475345
12,31.5,-16.911611374200422
12,32.0,-14.982974653227911
12,32.5,-13.323042362230549
12,33.0,-11.979854608844205
12,33.5,-10.940188998982435
12,34.0,-10.0975984141785
12,34.5,-9.454011099152028
12,35.0,-8.991219550171975
12,35.5,-8.691077643325368
12,36.0,-8.549443934312782
12,36.5,-8.553706654877654
12,37.0,-8.709098694063767
12,37.5,-9.011567544197195
12,38.0,-9.490929449742287
12,38.5,-10.155262428503216
12,39.0,-11.036230456260643
12,39.5,-12.170879097480771
12,40.0,-13.577330345741712
12,40.5,-15.439926043559652
12,41.0,-17.84926593680435
12,41.5,-20.88773507239068
12,42.0,-23.63521324265704
12,42.5,-23.231412720224625
12,43.0,-20.29561392639297
12,43.5,-17.478006505176538
12,44.0,-15.353389230939442
12,44.5,-13.672014098016795
12,45.0,-12.370556463658136
12,45.5,-11.36320656922688
12,46.0,-10.581505015031167
12,46.5,-9.99946853562199
12,47.0,-9.546024789354634
12,47.5,-9.210460379941711
12,48.0,-8.967417421352327
12,48.5,-8.787946606284759
12,49.0,-8.648898275490268
12,49.5,-8.513248959754797
12,50.0,-8.358957635230416
12,50.5,-8.170231038730147
12,51.0,-7.921736451229484
12,51.5,-7.616830244397279
12,52.0,-7.262900257451878
12,52.5,-6.877702021389029
12,53.0,-6.494200473785955
12,53.5,-6.11055018813391
12,54.0,-5.758886872889746
12,54.5,-5.457905644592246
12,55.0,-5.221434843827495
12,55.5,-5.066676548695835
12,56.0,-4.995077527261418
12,56.5,-5.021947642717436
12,57.0,-5.154152418574807
12,57.5,-5.412808464635454
12,58.0,-5.809512470321532
12,58.5,-6.3686074197864935
12,59.0,-7.116134738776237
12,59.5,-8.064443807408395
12,60.0,-9.338271331773802
12,60.5,-11.01322618548615
12,61.0,-13.289118567765176
12,61.5,-16.496060106502142
12,62.0,-20.7853466627804
12,62.5,-22.66536122059023
12,63.0,-18.4549066054258
12,63.5,-14.433910201517582
12,64.0,-11.460438854349963
12,64.5,-9.240073750579258
12,65.0,-7.518212760085312
12,65.5,-6.138773480072984
12,66.0,-5.050900059548541
12,66.5,-4.132101543271724
12,67.0,-3.380538995670867
12,67.5,-2.773723111353533
12,68.0,-2.290473829579101
12,68.5,-1.9288099096423363
12,69.0,-1.6560097186223883
12,69.5,-1.4758457461418564
12,70.0,-1.3854510215585625
12,70.5,-1.3749004354533554
12,71.0,-1.4440470090543152
12,71.5,-1.5925672163775029
12,72.0,-1.8179961612799949
12,72.5,-2.1113109942863715
12,73.0,-2.4920608288568324
12,73.5,-2.9534385249554798
12,74.0,-3.5009098885683483
12,74.5,-4.13808210175781
12,75.0,-4.849822035392844
12,75.5,-5.690083187414957
12,76.0,-6.6485033319334
12,76.5,-7.706509817005812
12,77.0,-8.946763916151241
12,77.5,-10.35053320170826
12,78.0,-11.921111889842049
12,78.5,-13.605020437588143
12,79.0,-15.174437392538351
12,79.5,-16.322144535825746
12,80.0,-16.54749155262417
12,80.5,-15.835963925678136
12,81.0,-14.668342142562214
12,81.5,-13.483871649206698
12,82.0,-12.393438193235976
12,82.5,-11.487213106108072
12,83.0,-10.791936658357008
12,83.5,-10.255123682437103
12,84.0,-9.888169586199982
12,84.5,-9.686537682996171
12,85.0,-9.642894395578397
12,85.5,-9.753876077248144
12,86.0,-10.030825587696915
12,86.5,-10.479058409358064
12,87.0,-11.115931114331817
12,87.5,-11.95537432361349
12,88.0,-12.983475138781191
12,88.5,-14.27078208615072
12,89.0,-15.73806646467145
12,89.5,-17.135066662201957
12,90.0,-18.03243356799334
12,90.5,-17.820068383892032
12,91.0,-16.578699803602703
12,91.5,-14.950386462584556
12,92.0,-13.412866381450742
12,92.5,-12.02332486700829
12,93.0,-10.85393282198463
12,93.5,-9.91963488331438
12,94.0,-9.139396944887428
12,94.5,-8.521056738956327
12,95.0,-8.048740078017417
12,95.5,-7.703388061791155
12,96.0,-7.4779664668141
12,96.5,-7.344997404855839
12,97.0,-7.298336396546018
12,97.5,-7.325216349943424
12,98.0,-7.408410817530828
12,98.5,-7.526856392047481
12,99.0,-7.668669616095
12,99.5,-7.810561844041573
12,100.0,-7.903910725604088
13,0.0,-10.424440732869378
13,0.5,-10.501840244078528
13,1.0,-10.72733431911017
13,1.5,-11.11995601522258
13,2.0,-11.680101837382422
13,2.5,-12.42153963098695
13,3.0,-13.351775781157183
13,3.5,-14.44375475492096
13,4.0,-15.754790848379113
13,4.5,-17.187056962202245
13,5.0,-18.549033792001044
13,5.5,-19.4729323465134
13,6.0,-19.59433790804874
13,6.5,-18.95488032494433
13,7.0,-17.936692592210086
13,7.5,-16.91880073246112
13,8.0,-16.01083960371891
13,8.5,-15.301334623767804
13,9.0,-14.803116026365856
13,9.5,-14.502594903026129
13,10.0,-14.386845560978353
13,10.5,-14.4251409388663
13,11.0,-14.586541939894328
13,11.5,-14.816650136426254
13,12.0,-15.02780916762229
13,12.5,-15.10263932324892
13,13.0,-14.926562882541106
13,13.5,-14.43298841061245
13,14.0,-13.672911383656068
13,14.5,-12.698179100512368
13,15.0,-11.643582937129764
13,15.5,-10.595648017659006
13,16.0,-9.606952561904942
13,16.5,-8.731538762284094
13,17.0,-7.92613468423001
13,17.5,-7.220955723968524
13,18.0,-6.616713433909243
13,18.5,-6.108251063570448
13,19.0,-5.704544047229188
13,19.5,-5.3767746364251465
13,20.0,-5.13446750266628
13,20.5,-4.979960516319062
13,21.0,-4.901774082388258
13,21.5,-4.903683461966286
13,22.0,-4.987032135197903
13,22.5,-5.150708162707248
13,23.0,-5.388580085232025
13,23.5,-5.717611773613103
13,24.0,-6.133096413916992
13,24.5,-6.640046095191765
13,25.0,-7.239664802805705
13,25.5,-7.912614968612512
13,26.0,-8.699001390499893
13,26.5,-9.567840863493652
13,27.0,-10.465431370418631
13,27.5,-11.393345436850623
13,28.0,-12.22911976588731
13,28.5,-12.834145270051287
13,29.0,-13.086033754783914
13,29.5,-12.947188275570255
13,30.0,-12.484529150847251
13,30.5,-11.84059150726384
13,31.0,-11.144519821408686
13,31.5,-10.485407180621175
13,32.0,-9.929398527429424
13,32.5,-9.466498481425726
13,33.0,-9.125058583649636
13,33.5,-8.915907133847048
13,34.0,-8.826860529995525
13,34.5,-8.863125379936317
13,35.0,-9.023177171672092
13,35.5,-9.29580819540975
13,36.0,-9.65241233772518
13,36.5,-10.081322558786626
13,37.0,-10.512570832734063
13,37.5,-10.845234870410737
13,38.0,-10.985428198923556
13,38.5,-10.827209558637907
13,39.0,-10.339538443810754
13,39.5,-9.59273034061925
13,40.0,-8.72288481604686
13,40.5,-7.779823233025162
13,41.0,-6.862826624905109
13,41.5,-6.016211355402281
13,42.0,-5.260479658322894
13,42.5,-4.624880367687631
13,43.0,-4.0726652592347605
13,43.5,-3.623501931409063
13,44.0,-3.2864619300934006
13,44.5,-3.03869326720494
13,45.0,-2.8891803183510403
13,45.5,-2.838813697100137
13,46.0,-2.8851152110306493
13,46.5,-3.0238816809781754
13,47.0,-3.264522464266112
13,47.5,-3.603915669896104
13,48.0,-4.045616994127371
13,48.5,-4.588946514314471
13,49.0,-5.21478032291589
13,49.5,-5.960299362069577
13,50.0,-6.799187924226253
13,50.5,-7.687921030476408
13,51.0,-8.650178635698012
13,51.5,-9.603220791630042
13,52.0,-10.46103226007489
13,52.5,-11.124500104154349
13,53.0,-11.501794388352328
13,53.5,-11.60054899580244
13,54.0,-11.468441294717124
13,54.5,-11.203642151772597
13,55.0,-10.905372612572709
13,55.5,-10.65066281836816
13,56.0,-10.466382687918813
13,56.5,-10.382692587677884
13,57.0,-10.407970600805957
13,57.5,-10.543894164150831
13,58.0,-10.782191133695829
13,58.5,-11.108621241723778
13,59.0,-11.494657005800043
13,59.5,-11.88818927836553
13,60.0,-12.258853509733054
13,60.5,-12.53138511439336
13,61.0,-12.645370535833996
13,61.5,-12.574752734041232
13,62.0,-12.338724047807249
13,62.5,-11.969487868477067
13,63.0,-11.535263174631249
13,63.5,-11.106325467737824
13,64.0,-10.700325038026415
13,64.5,-10.360459751140352
13,65.0,-10.107415527247907
13,65.5,-9.950573799978308
13,66.0,-9.897558626806848
13,66.5,-9.947895787468962
13,67.0,-10.103834799992557
13,67.5,-10.366156111938992
13,68.0,-10.729101250189224
13,68.5,-11.172055297409656
13,69.0,-11.71092925509554
13,69.5,-12.313253548688047
13,70.0,-12.931833612977336
13,70.5,-13.566477309226096
13,71.0,-14.151952127018228
13,71.5,-14.641453719857992
13,72.0,-15.008908188943863
13,72.5,-15.249393507655885
13,73.0,-15.41408084999286
13,73.5,-15.554531900468016
13,74.0,-15.741580010414816
13,74.5,-16.04555083932972
13,75.0,-16.52326414090544
13,75.5,-17.288234619770243
13,76.0,-18.438410945003703
13,76.5,-20.10612803237183
13,77.0,-22.760510946095184
13,77.5,-27.08495606521293
13,78.0,-31.19354901488893
13,78.5,-26.47752654613888
13,79.0,-21.188275619942445
13,79.5,-17.465998788583676
13,80.0,-14.71563055177899
13,80.5,-12.566166312094085
13,81.0,-10.81596514237739
13,81.5,-9.405340218554343
13,82.0,-8.181847830944257
13,82.5,-7.148356286434893
13,83.0,-6.302989290956692
13,83.5,-5.572596512744288
13,84.0,-4.969131257251818
13,84.5,-4.484214845350634
13,85.0,-4.10761609174849
13,85.5,-3.8420690648040954
13,86.0,-3.6670888656156726
13,86.5,-3.588585932390082
13,87.0,-3.607348889666941
13,87.5,-3.7214126863556407
13,88.0,-3.925414670821228
13,88.5,-4.234102217182433
13,89.0,-4.643916023732613
13,89.5,-5.142724657260113
13,90.0,-5.765439851578697
13,90.5,-6.499469679041164
13,91.0,-7.347507114930804
13,91.5,-8.301191746929048
13,92.0,-9.309382323445307
13,92.5,-10.38850702305088
13,93.0,-11.418503351825532
13,93.5,-12.236106998527914
13,94.0,-12.736881660621876
13,94.5,-12.813592177253756
13,95.0,-12.513492596004296
13,95.5,-11.993524302422644
13,96.0,-11.420401613715017
13,96.5,-10.861980542111786
13,97.0,-10.392412398920053
13,97.5,-10.04118611758349
13,98.0,-9.817007585238716
13,98.5,-9.726155084170331
13,99.0,-9.763415478358429
13,99.5,-9.931311066336072
13,100.0,-10.13284599941352
14,0.0,-11.669536966293348
14,0.5,-11.560610676950777
14,1.0,-11.268015164963916
14,1.5,-10.832484434129835
14,2.0,-10.332155278905676
14,2.5,-9.827530891752728
14,3.0,-9.36254919677752
14,3.5,-8.977107057195774
14,4.0,-8.663980932500584
14,4.5,-8.444519899512132
14,5.0,-8.325736498588112
14,5.5,-8.30807032719714
14,6.0,-8.38997794538464
14,6.5,-8.576767048513068
14,7.0,-8.865395962819186
14,7.5,-9.242748260421424
14,8.0,-9.729631863998732
14,8.5,-10.309080123369348
14,9.0,-10.973363744247305
14,9.5,-11.704748529379774
14,10.0,-12.454484499454065
14,10.5,-13.231238685372873
14,11.0,-13.9615770855046
14,11.5,-14.586506565633693
14,12.0,-15.060265658927133
14,12.5,-15.353856723966407
14,13.0,-15.503021308275406
14,13.5,-15.545165975245766
14,14.0,-15.538201491462326
14,14.5,-15.535266978673937
14,15.0,-15.576530822936633
14,15.5,-15.689883698147632
14,16.0,-15.888065269079537
14,16.5,-16.166284831437917
14,17.0,-16.536774411108667
14,17.5,-16.97675460650979
14,18.0,-17.463013716726884
14,18.5,-17.960373972940886
14,19.0,-18.41276083558784
14,19.5,-18.803094511150924
14,20.0,-19.07867389564058
14,20.5,-19.21115562700132
14,21.0,-19.201296941247307
14,21.5,-19.04817156223497
14,22.0,-18.75244194538306
14,22.5,-18.313951255863035
14,23.0,-17.742916946315084
14,23.5,-17.000487501735346
14,24.0,-16.115723212229433
14,24.5,-15.115475801159482
14,25.0,-14.043468447927488
14,25.5,-12.97643546979496
14,26.0,-11.886453215436706
14,26.5,-10.836280933009588
14,27.0,-9.876538147390354
14,27.5,-8.96075139677419
14,28.0,-8.126863175574679
14,28.5,-7.381048049474976
14,29.0,-6.723642406156131
14,29.5,-6.172591404646191
14,30.0,-5.693487185894947
14,30.5,-5.303321861070665
14,31.0,-5.003712354653502
14,31.5,-4.792902581807253
14,32.0,-4.675037888805227
14,32.5,-4.643781008319159
14,33.0,-4.70452698111975
14,33.5,-4.855140940479165
14,34.0,-5.108760086052532
14,34.5,-5.46575321084118
14,35.0,-5.935420815656602
14,35.5,-6.525141383029372
14,36.0,-7.226099319102475
14,36.5,-8.100809069673685
14,37.0,-9.154024291656144
14,37.5,-10.38714778645754
14,38.0,-11.941742974568774
14,38.5,-13.888155591744413
14,39.0,-16.45184202114286
14,39.5,-20.11616439379984
14,40.0,-26.36915617390289
14,40.5,-37.65612912503022
14,41.0,-26.16550466817394
14,41.5,-20.091604296330072
14,42.0,-16.626514289926064
14,42.5,-14.271654082319484
14,43.0,-12.402646428415306
14,43.5,-10.88741202348622
14,44.0,-9.6557343182638
14,44.5,-8.566796557372948
14,45.0,-7.620777194110459
14,45.5,-6.795805504721854
14,46.0,-6.074349415403602
14,46.5,-5.466456273508928
14,47.0,-4.92911751570634
14,47.5,-4.479203940038826
14,48.0,-4.118432214253398
14,48.5,-3.84660802968649
14,49.0,-3.672170965771331
14,49.5,-3.5886851002254696
14,50.0,-3.6075695591005545
14,50.5,-3.7327714106151273
14,51.0,-3.982638469253138
14,51.5,-4.367052989050419
14,52.0,-4.908157060300431
14,52.5,-5.629271203320378
14,53.0,-6.539404203847421
14,53.5,-7.752478190818365
14,54.0,-9.328559065573184
14,54.5,-11.427693136091392
14,55.0,-14.289761239130954
14,55.5,-18.013570661119406
14,56.0,-20.706442463723143
14,56.5,-18.0231980830577
14,57.0,-14.157245527079647
14,57.5,-11.145310521129778
14,58.0,-8.909389472468103
14,58.5,-7.207460542754935
14,59.0,-5.878113008943196
14,59.5,-4.864716466315176
14,60.0,-4.047969432734016
14,60.5,-3.4237721157074663
14,61.0,-2.971379086375167
14,61.5,-2.671195116431919
14,62.0,-2.5176599306757343
14,62.5,-2.4948783878716303
14,63.0,-2.6047838442477067
14,63.5,-2.8400004122203244
14,64.0,-3.217878510119867
14,64.5,-3.736191493675708
14,65.0,-4.405575315056095
14,65.5,-5.2325909424798365
14,66.0,-6.197081673969123
14,66.5,-7.365913825629051
14,67.0,-8.70134687524746
14,67.5,-10.157473309243748
14,68.0,-11.59150376709912
14,68.5,-12.68904256583622
14,69.0,-13.178707753669544
14,69.5,-12.937387863000415
14,70.0,-12.250859375060353
14,70.5,-11.42388944662996
14,71.0,-10.692299828110444
14,71.5,-10.1574176552752
14,72.0,-9.853807905502965
14,72.5,-9.801883359693226
14,73.0,-10.017984202086936
14,73.5,-10.535055795935584
14,74.0,-11.416594052148788
14,74.5,-12.756438995748642
14,75.0,-14.681607359772707
14,75.5,-17.69216163634659
14,76.0,-22.23994878557993
14,76.5,-24.47107975302566
14,77.0,-19.57161891236704
14,77.5,-14.986430401197916
14,78.0,-11.7943294642799
14,78.5,-9.418689652556944
14,79.0,-7.623411122662087
14,79.5,-6.139190298896674
14,80.0,-4.932562385213384
14,80.5,-3.9510911136752496
14,81.0,-3.152561801372297
14,81.5,-2.5307677425842057
14,82.0,-2.028317617125132
14,82.5,-1.6514209368792423
14,83.0,-1.3983039704560798
14,83.5,-1.246027287725079
14,84.0,-1.1975757561062912
14,84.5,-1.251737038551502
14,85.0,-1.4047006133452835
14,85.5,-1.648484085768601
14,86.0,-1.9993236622426775
14,86.5,-2.4520080377731426
14,87.0,-3.0127773262583664
14,87.5,-3.68551417117218
14,88.0,-4.45460605990564
14,88.5,-5.380057135686184
14,89.0,-6.454309937985012
14,89.5,-7.663025686699106
14,90.0,-9.116836216250764
14,90.5,-10.83124839851215
14,91.0,-12.9024093413721
14,91.5,-15.482982252162245
14,92.0,-18.789385193269997
14,92.5,-23.80425230995517
14,93.0,-30.660371743977645
14,93.5,-28.13408729186333
14,94.0,-22.416815010250676
14,94.5,-18.95694378095006
14,95.0,-16.637277671910365
14,95.5,-14.918120187231803
14,96.0,-13.608361678679596
14,96.5,-12.501389096060407
14,97.0,-11.567146130724092
14,97.5,-10.76468123423166
14,98.0,-10.064808528885647
14,98.5,-9.470533358881074
14,99.0,-8.935793876002004
14,99.5,-8.474719261227541
14,100.0,-8.183177805608228
15,0.0,-18.61367485091845
15,0.5,-18.59964919034219
15,1.0,-18.567984543243472
15,1.5,-18.541546304082097
15,2.0,-18.553765716545836
15,2.5,-18.63932691336109
15,3.0,-18.824112358326364
15,3.5,-19.114024527844972
15,4.0,-19.519533296878844
15,4.5,-19.98131994726227
15,5.0,-20.37147707723231
15,5.5,-20.47473812400261
15,6.0,-20.08146123158517
15,6.5,-19.11777634687656
15,7.0,-17.772056871448296
15,7.5,-16.327535415834355
15,8.0,-14.863068604463804
15,8.5,-13.506895781991393
15,9.0,-12.2946424966418
15,9.5,-11.231335037918848
15,10.0,-10.342359112279736
15,10.5,-9.566246365300607
15,11.0,-8.92446545808152
15,11.5,-8.413982524433267
15,12.0,-8.027736654088521
15,12.5,-7.770746072418131
15,13.0,-7.625289305638565
15,13.5,-7.599106633701087
15,14.0,-7.690316804391785
15,14.5,-7.9067623280723165
15,15.0,-8.248553357913645
15,15.5,-8.721529249974418
15,16.0,-9.325069584946617
15,16.5,-10.034802194013324
15,17.0,-10.882349373416812
15,17.5,-11.810920588693357
15,18.0,-12.7436577270256
15,18.5,-13.543078884547151
15,19.0,-14.01414875456376
15,19.5,-14.047092749729345
15,20.0,-13.63974342675473
15,20.5,-12.96388226226432
15,21.0,-12.1581136767227
15,21.5,-11.371342155763614
15,22.0,-10.676286120848228
15,22.5,-10.103082198404705
15,23.0,-9.676252824548348
15,23.5,-9.370937982578248
15,24.0,-9.198383358152476
15,24.5,-9.1578047629486
15,25.0,-9.242909404399349
15,25.5,-9.443852992798345
15,26.0,-9.769357243774753
15,26.5,-10.208487977268025
15,27.0,-10.738063833694303
15,27.5,-11.38067061444219
15,28.0,-12.103292955395192
15,28.5,-12.88115534875941
15,29.0,-13.675662421573424
15,29.5,-14.415668005803514
15,30.0,-15.094049019775143
15,30.5,-15.644735260791148
15,31.0,-16.04799374073376
15,31.5,-16.324686388011298
15,32.0,-16.512899872549912
15,32.5,-16.67736017656453
15,33.0,-16.855456615693438
15,33.5,-17.06426795633502
15,34.0,-17.313991252308444
15,34.5,-17.564212265312392
15,35.0,-17.746623868768822
15,35.5,-17.774592595286006
15,36.0,-17.578605635872346
15,36.5,-17.122534361982293
15,37.0,-16.456450968907898
15,37.5,-15.689746555093633
15,38.0,-14.863508451493557
15,38.5,-14.067787021559344
15,39.0,-13.34505176841595
15,39.5,-12.71397595434876
15,40.0,-12.196225239361508
15,40.5,-11.75495666948888
15,41.0,-11.394439716619672
15,41.5,-11.097373981608005
15,42.0,-10.838175223913415
15,42.5,-10.596117844380307
15,43.0,-10.325852386046684
15,43.5,-10.00842088309764
15,44.0,-9.637687962100502
15,44.5,-9.185984714458016
15,45.0,-8.674601514498502
15,45.5,-8.123693577868332
15,46.0,-7.560590320584344
15,46.5,-7.0284341037919855
15,47.0,-6.517873541694377
15,47.5,-6.064808098458756
15,48.0,-5.686023919376954
15,48.5,-5.391834952194183
15,49.0,-5.197419691588974
15,49.5,-5.098176399004146
15,50.0,-5.106571679649003
15,50.5,-5.224602046816717
15,51.0,-5.464597384916675
15,51.5,-5.826165770298124
15,52.0,-6.31144545053593
15,52.5,-6.90952560149396
15,53.0,-7.5749279819516495
15,53.5,-8.293048829677671
15,54.0,-8.940150557503191
15,54.5,-9.357786125426436
15,55.0,-9.398366007010525
15,55.5,-9.021252508118732
15,56.0,-8.292179873685408
15,56.5,-7.382578317147657
15,57.0,-6.462629485514356
15,57.5,-5.565816939495418
15,58.0,-4.767058305127754
15,58.5,-4.089183842696956
15,59.0,-3.5366058467315167
15,59.5,-3.122909739072177
15,60.0,-2.8206349555089902
15,60.5,-2.640778460556084
15,61.0,-2.584451190447756
15,61.5,-2.648914827113089
15,62.0,-2.8296296336757885
15,62.5,-3.140652726509627
15,63.0,-3.580944936211047
15,63.5,-4.139877703342024
15,64.0,-4.86217088306862
15,64.5,-5.743613590995819
15,65.0,-6.806270657387092
15,65.5,-8.072016198998504
15,66.0,-9.530766847413124
15,66.5,-11.326619856130424
15,67.0,-13.494711464574854
15,67.5,-16.183108810571486
15,68.0,-19.640746339228173
15,68.5,-24.289448152215503
15,69.0,-31.609947502391304
15,69.5,-34.297859195011775
15,70.0,-28.79273911780792
15,70.5,-25.41108402853901
15,71.0,-23.377216381163088
15,71.5,-21.768281438537738
15,72.0,-20.0953857792776
15,72.5,-18.26662946267348
15,73.0,-16.25709787841292
15,73.5,-14.276112843878671
15,74.0,-12.433871717165324
15,74.5,-10.776097883705988
15,75.0,-9.358912099920683
15,75.5,-8.088944617132984
15,76.0,-6.999796119828837
15,76.5,-6.107669325977593
15,77.0,-5.346047463984852
15,77.5,-4.734074710860108
15,78.0,-4.267923272862999
15,78.5,-3.9400817259051033
15,79.0,-3.753940179789656
15,79.5,-3.69753427884826
15,80.0,-3.7785126706095618
15,80.5,-4.003917846290144
15,81.0,-4.377415264520411
15,81.5,-4.891714556873639
15,82.0,-5.589647125195015
15,82.5,-6.465232611820281
15,83.0,-7.489679354830877
15,83.5,-8.705161760174455
15,84.0,-9.990952967262729
15,84.5,-11.110534355156418
15,85.0,-11.67566930177922
15,85.5,-11.409313739804468
15,86.0,-10.44237167232915
15,86.5,-9.178984115786935
15,87.0,-7.917092643766762
15,87.5,-6.788277667621154
15,88.0,-5.859100712962524
15,88.5,-5.072413744402409
15,89.0,-4.44628209091635
15,89.5,-3.98181041601211
15,90.0,-3.637047922974973
15,90.5,-3.415292991656301
15,91.0,-3.3089675484344423
15,91.5,-3.307053793981383
15,92.0,-3.398851007596185
15,92.5,-3.58245086431054
15,93.0,-3.8473077712165433
15,93.5,-4.17491896901968
15,94.0,-4.576330265715546
15,94.5,-5.030628991048523
15,95.0,-5.5261599857717165
15,95.5,-6.047996247229873
15,96.0,-6.5648660471279445
15,96.5,-7.093260789845726
15,97.0,-7.602077417301562
15,97.5,-8.077210932748418
15,98.0,-8.508331834714038
15,98.5,-8.875397698573453
15,99.0,-9.193951573506991
15,99.5,-9.445147371803342
15,100.0,-9.582423304641477
16,0.0,-5.163685115199864
16,0.5,-5.160680370600818
16,1.0,-5.152721978226109
16,1.5,-5.141562609380045
16,2.0,-5.130951304770217
16,2.5,-5.125541703149875
16,3.0,-5.1304334815178105
16,3.5,-5.150444996750223
16,4.0,-5.192376961923678
16,4.5,-5.260850130091067
16,5.0,-5.361408266543825
16,5.5,-5.497717909724804
16,6.0,-5.667949831457705
16,6.5,-5.885316688602913
16,7.0,-6.14579585186994
16,7.5,-6.4398676974049245
16,8.0,-6.783302477195733
16,8.5,-7.1612823513710335
16,9.0,-7.564420614653119
16,9.5,-7.976989781320442
16,10.0,-8.365720310670772
16,10.5,-8.727379235163967
16,11.0,-9.018888596170916
16,11.5,-9.208003369827363
16,12.0,-9.274970118725738
16,12.5,-9.21492186092726
16,13.0,-9.03455734845952
16,13.5,-8.759756174763414
16,14.0,-8.431521564844468
16,14.5,-8.060537754719027
16,15.0,-7.683326152608041
16,15.5,-7.320553621604342
16,16.0,-6.9861558018802565
16,16.5,-6.698052429695878
16,17.0,-6.443289268048578
16,17.5,-6.232907055012482
16,18.0,-6.067678547903715
16,18.5,-5.944922060813974
16,19.0,-5.864154205477523
16,19.5,-5.816247149561788
16,20.0,-5.798865055122409
16,20.5,-5.806219140549538
16,21.0,-5.83254214758824
16,21.5,-5.871061473536855
16,22.0,-5.915044027071365
16,22.5,-5.957612957258956
16,23.0,-5.991443762221748
16,23.5,-6.013054170255877
16,24.0,-6.01697736176548
16,24.5,-5.999732007502905
16,25.0,-5.960298381783914
16,25.5,-5.900770914761244
16,26.0,-5.819279374296699
16,26.5,-5.720911460947321
16,27.0,-5.613391409897922
16,27.5,-5.49530921755808
16,28.0,-5.37584349661374
16,28.5,-5.261357023764222
16,29.0,-5.158179925564425
16,29.5,-5.075270069704923
16,30.0,-5.013867275156548
16,30.5,-4.982814469421169
16,31.0,-4.989143706263387
16,31.5,-5.038371208712424
16,32.0,-5.133740088669142
16,32.5,-5.28769192770323
16,33.0,-5.503924219611484
16,33.5,-5.780921052882372
16,34.0,-6.143942660430042
16,34.5,-6.593120340354932
16,35.0,-7.140673311244596
16,35.5,-7.796647017220998
16,36.0,-8.551518114939551
16,36.5,-9.469534394608974
16,37.0,-10.546895214708094
16,37.5,-11.76728072167692
16,38.0,-13.226225487826344
16,38.5,-14.88456470487127
16,39.0,-16.670683411790463
16,39.5,-18.317043817626928
16,40.0,-19.26390337252554
16,40.5,-19.14351525614138
16,41.0,-18.181457449549065
16,41.5,-16.95401423055332
16,42.0,-15.820863398661784
16,42.5,-14.928307825428048
16,43.0,-14.241252630163997
16,43.5,-13.778324308210198
16,44.0,-13.532394329768834
16,44.5,-13.47419954194416
16,45.0,-13.599575386852065
16,45.5,-13.899716689385135
16,46.0,-14.353876546543374
16,46.5,-14.91430819091585
16,47.0,-15.557881181436752
16,47.5,-16.166137011390507
16,48.0,-16.58519321745582
16,48.5,-16.664881766062695
16,49.0,-16.349383521606626
16,49.5,-15.690052313708076
16,50.0,-14.845859450032473
16,50.5,-13.98352793525071
16,51.0,-13.141817029260435
16,51.5,-12.39468925748351
16,52.0,-11.763564370768195
16,52.5,-11.2492144185426
16,53.0,-10.858232297595649
16,53.5,-10.55506722699968
16,54.0,-10.33682657312567
16,54.5,-10.18536400101974
16,55.0,-10.075552892430911
16,55.5,-9.982955979444847
16,56.0,-9.871775933068088
16,56.5,-9.716635585810955
16,57.0,-9.5021741178069
16,57.5,-9.20390489824643
16,58.0,-8.831186295981833
16,58.5,-8.397856739063197
16,59.0,-7.928022990719834
16,59.5,-7.461279664880629
16,60.0,-6.992137488677721
16,60.5,-6.554627233295803
16,61.0,-6.16492791404547
16,61.5,-5.833181839636621
16,62.0,-5.575105038371845
16,62.5,-5.379845819266139
16,63.0,-5.258920983190113
16,63.5,-5.215936354006202
16,64.0,-5.249676848432
16,64.5,-5.36237397637829
16,65.0,-5.556134468575216
16,65.5,-5.829458853853077
16,66.0,-6.171395621939491
16,66.5,-6.602541561219833
16,67.0,-7.11075965724506
16,67.5,-7.695109241079492
16,68.0,-8.350239051756098
16,68.5,-9.048761079832968
16,69.0,-9.826385027919024
16,69.5,-10.650780415648397
16,70.0,-11.482607724569151
16,70.5,-12.357542136261738
16,71.0,-13.231335209308044
16,71.5,-14.08342773373485
16,72.0,-14.892403343648263
16,72.5,-15.610591120560205
16,73.0,-16.248927580914607
16,73.5,-16.73830583971181
16,74.0,-17.014273373851015
16,74.5,-17.022860585674202
16,75.0,-16.745207130002903
16,75.5,-16.18890410744783
16,76.0,-15.433577429277411
16,76.5,-14.594017637633293
16,77.0,-13.698370728427545
16,77.5,-12.831441300792006
16,78.0,-12.033567397150897
16,78.5,-11.327200946893145
16,79.0,-10.744540455363136
16,79.5,-10.25793711940735
16,80.0,-9.89165506125368
16,80.5,-9.653700602644234
16,81.0,-9.547600731286638
16,81.5,-9.58011539051739
16,82.0,-9.764198822214508
16,82.5,-10.114116546914682
16,83.0,-10.635607615447851
16,83.5,-11.394497103361402
16,84.0,-12.424882866294652
16,84.5,-13.817395379043244
16,85.0,-15.712040573885158
16,85.5,-18.31619160798249
16,86.0,-22.497185372555887
16,86.5,-29.4313312886708
16,87.0,-28.416057407935384
16,87.5,-21.56160911436991
16,88.0,-17.569501692225966
16,88.5,-14.817721271186135
16,89.0,-12.814266806588869
16,89.5,-11.339148595884298
16,90.0,-10.162894550505028
16,90.5,-9.254794530639987
16,91.0,-8.571702656872397
16,91.5,-8.078950117448382
16,92.0,-7.767433106472546
16,92.5,-7.6061738010531315
16,93.0,-7.599324813437239
16,93.5,-7.741732638055143
16,94.0,-8.046486806627147
16,94.5,-8.518634877956496
16,95.0,-9.178444649793148
16,95.5,-10.048279173157214
16,96.0,-11.134440593441632
16,96.5,-12.570737784924091
16,97.0,-14.434712775878374
16,97.5,-16.95700146324041
16,98.0,-20.629029049618385
16,98.5,-26.986128506515797
16,99.0,-39.78091713472787
16,99.5,-26.94359915098293
16,100.0,-22.169793948768387
17,0.0,-9.063877943123789
17,0.5,-8.97731837242904
17,1.0,-8.740590309168851
17,1.5,-8.37625517840766
17,2.0,-7.938802088538031
17,2.5,-7.473193785752269
17,3.0,-7.016787226115601
17,3.5,-6.608754664025643
17,4.0,-6.242013110510418
17,4.5,-5.941458776785312
17,5.0,-5.717006178636825
17,5.5,-5.573235891891216
17,6.0,-5.516852211601631
17,6.5,-5.549154848782298
17,7.0,-5.677141652221597
17,7.5,-5.900151608841615
17,8.0,-6.240268545293544
17,8.5,-6.701034473790661
17,9.0,-7.299507304541783
17,9.5,-8.052525729066003
17,10.0,-8.958909479460242
17,10.5,-10.115516136036437
17,11.0,-11.554525503534952
17,11.5,-13.38388753055421
17,12.0,-15.773067881327552
17,12.5,-18.96328263429991
17,13.0,-23.790150713595697
17,13.5,-28.03886304470316
17,14.0,-24.353282327601526
17,14.5,-19.752705210529037
17,15.0,-16.700281922025418
17,15.5,-14.589482593472765
17,16.0,-13.047779985316096
17,16.5,-11.931857733534892
17,17.0,-11.068758543509595
17,17.5,-10.429092860827897
17,18.0,-9.97062272538642
17,18.5,-9.653591142942194
17,19.0,-9.4525452696998
17,19.5,-9.322770866964914
17,20.0,-9.23673516413603
17,20.5,-9.160482769719444
17,21.0,-9.051933309777269
17,21.5,-8.88123769317185
17,22.0,-8.625185254133154
17,22.5,-8.280301226380608
17,23.0,-7.870941957809053
17,23.5,-7.395738883459336
17,24.0,-6.896833173991649
17,24.5,-6.403561050203419
17,25.0,-5.940875671502522
17,25.5,-5.540743081091937
17,26.0,-5.193016105900462
17,26.5,-4.921065186542355
17,27.0,-4.738888369434356
17,27.5,-4.641984922704949
17,28.0,-4.642209679515904
17,28.5,-4.748102754585589
17,29.0,-4.964883788776408
17,29.5,-5.291234025587318
17,30.0,-5.75920686340823
17,30.5,-6.373967044411458
17,31.0,-7.16048653737238
17,31.5,-8.146031237516405
17,32.0,-9.338157275974096
17,32.5,-10.882461773033302
17,33.0,-12.858674667629826
17,33.5,-15.399515065769414
17,34.0,-19.094604971817997
17,34.5,-24.397249012825288
17,35.0,-26.29991757300242
17,35.5,-21.36717354522749
17,36.0,-17.486877115599015
17,36.5,-14.822095313081372
17,37.0,-12.9448440817422
17,37.5,-11.619014566809394
17,38.0,-10.614690392042458
17,38.5,-9.89080033832482
17,39.0,-9.401023566464172
17,39.5,-9.108535488246082
17,40.0,-8.996843242588431
17,40.5,-9.04678038850524
17,41.0,-9.255875445932942
17,41.5,-9.626475235519155
17,42.0,-10.159397898248
17,42.5,-10.842500036800088
17,43.0,-11.734144552096964
17,43.5,-12.8364277478918
17,44.0,-14.14255180381758
17,44.5,-15.782750219056284
17,45.0,-17.77729430370356
17,45.5,-20.179847872667004
17,46.0,-22.830735679675545
17,46.5,-24.744148940618064
17,47.0,-24.535360611054852
17,47.5,-22.69086343777916
17,48.0,-20.69874985832772
17,48.5,-19.064684759718357
17,49.0,-17.84362514439043
17,49.5,-16.89307405508174
17,50.0,-16.18890124148378
17,50.5,-15.697156546792923
17,51.0,-15.3476476880713
17,51.5,-15.123485732228303
17,52.0,-14.997247641549778
17,52.5,-14.938328271507514
17,53.0,-14.917860052574104
17,53.5,-14.901991472322074
17,54.0,-14.856726274665878
17,54.5,-14.745027325399157
17,55.0,-14.536432015371624
17,55.5,-14.219310657583142
17,56.0,-13.767068398501642
17,56.5,-13.199199653882312
17,57.0,-12.558238905221536
17,57.5,-11.834104396700104
17,58.0,-11.077342469143558
17,58.5,-10.315675129101
17,59.0,-9.572068315738235
17,59.5,-8.885491521836654
17,60.0,-8.226463816511043
17,60.5,-7.626352379491941
17,61.0,-7.094172879542002
17,61.5,-6.634614251950155
17,62.0,-6.264254773726967
17,62.5,-5.964578574791216
17,63.0,-5.751693237547786
17,63.5,-5.634142744642125
17,64.0,-5.610231419754936
17,64.5,-5.6902711401558905
17,65.0,-5.884828348428038
17,65.5,-6.201954510338366
17,66.0,-6.640791873182812
17,66.5,-7.245272941220916
17,67.0,-8.021936568089098
17,67.5,-8.999062536994836
17,68.0,-10.1964099612229
17,68.5,-11.576502805012469
17,69.0,-13.153063873969955
17,69.5,-14.58471323615407
17,70.0,-15.206011255549786
17,70.5,-14.562463946906789
17,71.0,-13.02204899490368
17,71.5,-11.26441930597622
17,72.0,-9.641426363026977
17,72.5,-8.285114682133507
17,73.0,-7.110746671204419
17,73.5,-6.138642233864881
17,74.0,-5.348579738771084
17,74.5,-4.716717124653338
17,75.0,-4.242233279261431
17,75.5,-3.883395041205574
17,76.0,-3.646241139030871
17,76.5,-3.5281916470865187
17,77.0,-3.517676766264794
17,77.5,-3.616122317451433
17,78.0,-3.825174805504212
17,78.5,-4.143739123190674
17,79.0,-4.561573063069573
17,79.5,-5.1095704592910565
17,80.0,-5.781595723354662
17,80.5,-6.590195586701676
17,81.0,-7.546077350831728
17,81.5,-8.633357361592601
17,82.0,-9.945415080576488
17,82.5,-11.483674947546149
17,83.0,-13.244506252916414
17,83.5,-15.417044914579323
17,84.0,-18.068312784573703
17,84.5,-21.400499402339832
17,85.0,-25.531799590637483
17,85.5,-29.044008095659205
17,86.0,-28.489603105064667
17,86.5,-25.839419398193144
17,87.0,-23.827118176410444
17,87.5,-22.581998955837022
17,88.0,-21.909739972814663
17,88.5,-21.58037866658201
17,89.0,-21.438797265410127
17,89.5,-21.28973794452145
17,90.0,-20.912615154450577
17,90.5,-20.181411565960577
17,91.0,-19.114404600870177
17,91.5,-17.860612241635145
17,92.0,-16.609421240679662
17,92.5,-15.385614205082977
17,93.0,-14.28035147089279
17,93.5,-13.343952243653495
17,94.0,-12.522815879698276
17,94.5,-11.84385816888064
17,95.0,-11.30497444654914
17,95.5,-10.89824049079782
17,96.0,-10.627946052490405
17,96.5,-10.47445276551724
17,97.0,-10.445306904688676
17,97.5,-10.544325326500353
17,98.0,-10.772799180411155
17,98.5,-11.126673874631567
17,99.0,-11.639492712375247
17,99.5,-12.317394160952048
17,100.0,-12.924069931405931
18,0.0,-30.58567888264749
18,0.5,-29.217882019623648
18,1.0,-26.92578036625777
18,1.5,-24.72256908210248
18,2.0,-22.7962565923324
18,2.5,-21.122301735717265
18,3.0,-19.657411354648158
18,3.5,-18.41123006423537
18,4.0,-17.28471084713167
18,4.5,-16.30231069529932
18,5.0,-15.456638623568477
18,5.5,-14.738156693764909
18,6.0,-14.160711589127148
18,6.5,-13.686058741426464
18,7.0,-13.332029953320257
18,7.5,-13.107347276122354
18,8.0,-13.001881715325226
18,8.5,-13.029100233881998
18,9.0,-13.201840110459257
18,9.5,-13.531711256070666
18,10.0,-14.024098456368158
18,10.5,-14.740835130884228
18,11.0,-15.71284498138959
18,11.5,-17.02137801695065
18,12.0,-18.785066284569844
18,12.5,-21.15268018279008
18,13.0,-24.680552930237184
18,13.5,-29.16923389569784
18,14.0,-29.01842487629833
18,14.5,-24.23560855143747
18,15.0,-20.395924325297948
18,15.5,-17.653019337081325
18,16.0,-15.580504714585
18,16.5,-14.00510994515705
18,17.0,-12.70233764883725
18,17.5,-11.6469037689326
18,18.0,-10.794228497189536
18,18.5,-10.107303168216443
18,19.0,-9.579658850401628
18,19.5,-9.161182230030034
18,20.0,-8.855528129742357
18,20.5,-8.658706287304367
18,21.0,-8.549976036498338
18,21.5,-8.528350312843514
18,22.0,-8.588884584953096
18,22.5,-8.723563082953444
18,23.0,-8.919788688622624
18,23.5,-9.182678967077068
18,24.0,-9.498128614445926
18,24.5,-9.857637931568972
18,25.0,-10.24940532008518
18,25.5,-10.64856870628672
18,26.0,-11.065936798409473
18,26.5,-11.47393532493056
18,27.0,-11.845324360348446
18,27.5,-12.187728142382383
18,28.0,-12.475311538971535
18,28.5,-12.694067261483
18,29.0,-12.834960605757365
18,29.5,-12.88847489773824
18,30.0,-12.852739896796898
18,30.5,-12.724231120907112
18,31.0,-12.50337082287984
18,31.5,-12.199092180666971
18,32.0,-11.834557224052045
18,32.5,-11.402962925763571
18,33.0,-10.93387926084202
18,33.5,-10.460912331940293
18,34.0,-9.972702980163106
18,34.5,-9.500002071259384
18,35.0,-9.057133429754742
18,35.5,-8.654686988800005
18,36.0,-8.31211032754785
18,36.5,-8.014925722143872
18,37.0,-7.779145657552822
18,37.5,-7.61409132835118
18,38.0,-7.512815442926954
18,38.5,-7.483204754831984
18,39.0,-7.529146129148966
18,39.5,-7.651260806507808
18,40.0,-7.845445629492823
18,40.5,-8.125758657132973
18,41.0,-8.487971437257995
18,41.5,-8.935570875984881
18,42.0,-9.468432258131807
18,42.5,-10.068940176442814
18,43.0,-10.77497114249673
18,43.5,-11.566575622964098
18,44.0,-12.41335928343179
18,44.5,-13.359162501384446
18,45.0,-14.359703504865015
18,45.5,-15.381805931536448
18,46.0,-16.366784235964904
18,46.5,-17.198599436286333
18,47.0,-17.808339305987186
18,47.5,-18.054493896457263
18,48.0,-17.87331075872011
18,48.5,-17.313722440219205
18,49.0,-16.50668621846872
18,49.5,-15.51833963580661
18,50.0,-14.463443121684923
18,50.5,-13.433534271875114
18,51.0,-12.4011030502851
18,51.5,-11.420025207031935
18,52.0,-10.504886506429052
18,52.5,-9.66248622509266
18,53.0,-8.920969510489842
18,53.5,-8.237194623897341
18,54.0,-7.636401255867819
18,54.5,-7.121797712305988
18,55.0,-6.692871020508801
18,55.5,-6.361165120971196
18,56.0,-6.107342013696474
18,56.5,-5.943517863052888
18,57.0,-5.874159048710966
18,57.5,-5.898022094077255
18,58.0,-6.021282213280021
18,58.5,-6.251401590134746
18,59.0,-6.593175421767223
18,59.5,-7.041462492368979
18,60.0,-7.635985445625145
18,60.5,-8.3777326954658
18,61.0,-9.289899792611322
18,61.5,-10.39445522700903
18,62.0,-11.681742274569784
18,62.5,-13.264088049600396
18,63.0,-15.109759268912867
18,63.5,-17.056361234945907
18,64.0,-18.77562204193656
18,64.5,-19.347156543420564
18,65.0,-18.443648834178788
18,65.5,-16.86848370396602
18,66.0,-15.355204716238324
18,66.5,-14.045167549381258
18,67.0,-13.01557400165513
18,67.5,-12.250514665693393
18,68.0,-11.7180998806164
18,68.5,-11.407584739037404
18,69.0,-11.286601163547722
18,69.5,-11.359797219111613
18,70.0,-11.621729915962884
18,70.5,-12.100684267069184
18,71.0,-12.811901425364097
18,71.5,-13.80244671080413
18,72.0,-15.13799494403956
18,72.5,-16.890249094171285
18,73.0,-19.4282930070289
18,73.5,-23.336843449319957
18,74.0,-31.580760689682588
18,74.5,-38.44455461959464
18,75.0,-25.86098946293676
18,75.5,-20.741437384279376
18,76.0,-17.64073010539849
18,76.5,-15.531150932318493
18,77.0,-13.901877772750236
18,77.5,-12.645361195877175
18,78.0,-11.670432828100186
18,78.5,-10.912615346469254
18,79.0,-10.351610704627698
18,79.5,-9.92580513353546
18,80.0,-9.633748200181444
18,80.5,-9.463089480188897
18,81.0,-9.399256744354773
18,81.5,-9.430473019153665
18,82.0,-9.54753773608802
18,82.5,-9.73691826295549
18,83.0,-9.97550903626446
18,83.5,-10.25748209476167
18,84.0,-10.548814045942285
18,84.5,-10.815577319531434
18,85.0,-11.020628364271666
18,85.5,-11.125190519111204
18,86.0,-11.109999551105725
18,86.5,-10.964192332288889
18,87.0,-10.698185593540387
18,87.5,-10.343110416216271
18,88.0,-9.946799783648288
18,88.5,-9.519669058446114
18,89.0,-9.103358232603505
18,89.5,-8.732045681393226
18,90.0,-8.399208121882207
18,90.5,-8.128130355327194
18,91.0,-7.928786521296341
18,91.5,-7.806233020457959
18,92.0,-7.76705812293016
18,92.5,-7.814010952828676
18,93.0,-7.953827987048917
18,93.5,-8.185739766965199
18,94.0,-8.532432488275779
18,94.5,-8.997050533073851
18,95.0,-9.5961916742882
18,95.5,-10.345823609289411
18,96.0,-11.242962964908472
18,96.5,-12.378867079567838
18,97.0,-13.773520688390407
18,97.5,-15.49824717630546
18,98.0,-17.61227468727697
18,98.5,-19.99201888984036
18,99.0,-22.101199401858032
18,99.5,-22.215498376801943
18,100.0,-20.88373502844278
19,0.0,-22.4030270485608
19,0.5,-21.970568877763995
19,1.0,-20.92476689766809
19,1.5,-19.585992222449
19,2.0,-18.240242710752845
19,2.5,-16.99762785921613
19,3.0,-15.886283465678405
19,3.5,-14.935233120807728
19,4.0,-14.07426121535336
19,4.5,-13.320265285077411
19,5.0,-12.662598161914584
19,5.5,-12.087917716490203
19,6.0,-11.601342834568497
19,6.5,-11.163203449624424
19,7.0,-10.78035472195046
19,7.5,-10.455219694163262
19,8.0,-10.160193908184972
19,8.5,-9.898861379904476
19,9.0,-9.665839812890788
19,9.5,-9.455527660727926
19,10.0,-9.26987595969354
19,10.5,-9.094691949400628
19,11.0,-8.934651847732994
19,11.5,-8.79039707908208
19,12.0,-8.663304352659289
19,12.5,-8.559414793134266
19,13.0,-8.475901144872243
19,13.5,-8.420067355397837
19,14.0,-8.39674033455719
19,14.5,-8.408237450396356
19,15.0,-8.458180966873535
19,15.5,-8.548982724978895
19,16.0,-8.679493326514331
19,16.5,-8.841730785873926
19,17.0,-9.039423963140385
19,17.5,-9.256939175467426
19,18.0,-9.478642422266624
19,18.5,-9.683740228215589
19,19.0,-9.843244226938303
19,19.5,-9.942398426943084
19,20.0,-9.95653590920688
19,20.5,-9.878330828860785
19,21.0,-9.70652937138058
19,21.5,-9.459993864207714
19,22.0,-9.163302160549083
19,22.5,-8.846493447515062
19,23.0,-8.5464721954199
19,23.5,-8.268780458753739
19,24.0,-8.042416213632979
19,24.5,-7.884764394221978
19,25.0,-7.807532865579128
19,25.5,-7.821401493905279
19,26.0,-7.937850899318242
19,26.5,-8.167312070812024
19,27.0,-8.511413762027738
19,27.5,-9.007143524834255
19,28.0,-9.663639379360433
19,28.5,-10.512390351099995
19,29.0,-11.589042104281196
19,29.5,-12.91037759331053
19,30.0,-14.651567430556142
19,30.5,-16.92059618581302
19,31.0,-19.97064791494904
19,31.5,-23.843727695326336
19,32.0,-25.934881440196914
19,32.5,-23.162797620153484
19,33.0,-19.59070333122874
19,33.5,-16.999438338816972
19,34.0,-15.045894769985736
19,34.5,-13.594728103307103
19,35.0,-12.519423040120204
19,35.5,-11.731942686484883
19,36.0,-11.1999720851214
19,36.5,-10.85915187136475
19,37.0,-10.707440179900782
19,37.5,-10.733824837825695
19,38.0,-10.936586683405451
19,38.5,-11.317816301859196
19,39.0,-11.8908470268562
19,39.5,-12.668887402934873
19,40.0,-13.647391454746886
19,40.5,-14.92575358190314
19,41.0,-16.52337402820521
19,41.5,-18.49740217221886
19,42.0,-20.80111262437137
19,42.5,-22.8904182980249
19,43.0,-23.552891030282844
19,43.5,-22.199893457737
19,44.0,-20.17786907150733
19,44.5,-18.277882698736352
19,45.0,-16.745586580595536
19,45.5,-15.560653406105963
19,46.0,-14.660908436902552
19,46.5,-14.020391793565338
19,47.0,-13.564338248223576
19,47.5,-13.288059094710324
19,48.0,-13.176842965629502
19,48.5,-13.21445297205874
19,49.0,-13.386281146560153
19,49.5,-13.69591788661084
19,50.0,-14.131758568634517
19,50.5,-14.669632571304124
19,51.0,-15.331280067053516
19,51.5,-16.0783589704409
19,52.0,-16.870675919961307
19,52.5,-17.634693166102192
19,53.0,-18.24073111523818
19,53.5,-18.590188841788404
19,54.0,-18.561996727952284
19,54.5,-18.14319766404115
19,55.0,-17.436447352050642
19,55.5,-16.597021675720153
19,56.0,-15.68106565378445
19,56.5,-14.782984207761162
19,57.0,-13.96565023572204
19,57.5,-13.19644361782628
19,58.0,-12.50895022844409
19,58.5,-11.90828235313851
19,59.0,-11.394224860843094
19,59.5,-10.98086226013807
19,60.0,-10.643985452108437
19,60.5,-10.398958941052712
19,61.0,-10.251356660793284
19,61.5,-10.204267964627704
19,62.0,-10.262569543341426
19,62.5,-10.438991989355207
19,63.0,-10.74369700837702
19,63.5,-11.17927341897611
19,64.0,-11.795784387174084
19,64.5,-12.611859684368364
19,65.0,-13.681688411789224
19,65.5,-15.078407504774187
19,66.0,-16.879088475908087
19,66.5,-19.463273266214664
19,67.0,-23.41142713539359
19,67.5,-30.90676539992851
19,68.0,-33.443902245002015
19,68.5,-24.906098136169295
19,69.0,-20.17058912824687
19,69.5,-17.17156953396369
19,70.0,-15.095703614912274
19,70.5,-13.476558400495756
19,71.0,-12.219548921063732
19,71.5,-11.239998117748238
19,72.0,-10.477296491361502
19,72.5,-9.91382201135699
19,73.0,-9.490010336444255
19,73.5,-9.206615366526988
19,74.0,-9.053896973423198
19,74.5,-9.020107032780762
19,75.0,-9.095995847346485
19,75.5,-9.280633130256572
19,76.0,-9.566603594010092
19,76.5,-9.937027995486863
19,77.0,-10.408402142546564
19,77.5,-10.960061280448258
19,78.0,-11.579867073533624
19,78.5,-12.246709601986783
19,79.0,-12.912416474573908
19,79.5,-13.58230908143786
19,80.0,-14.194239477893335
19,80.5,-14.706281415347094
19,81.0,-15.093992304896766
19,81.5,-15.346434565155915
19,82.0,-15.501405024050952
19,82.5,-15.589878386209207
19,83.0,-15.654211194843883
19,83.5,-15.739594874165707
19,84.0,-15.876022097403313
19,84.5,-16.087691127938665
19,85.0,-16.38635515313417
19,85.5,-16.764017818632
19,86.0,-17.23728545854976
19,86.5,-17.77320609664644
19,87.0,-18.33065112713726
19,87.5,-18.84283868920255
19,88.0,-19.211999536455853
19,88.5,-19.37458215141932
19,89.0,-19.272053601147014
19,89.5,-18.93195760981061
19,90.0,-18.40457418310615
19,90.5,-17.78783157953731
19,91.0,-17.156370269893273
19,91.5,-16.561380425244394
19,92.0,-16.04806259298762
19,92.5,-15.599244028616718
19,93.0,-15.23681007799869
19,93.5,-14.970019772702528
19,94.0,-14.780468929531406
19,94.5,-14.67351926659262
19,95.0,-14.647191540590782
19,95.5,-14.69597542318832
19,96.0,-14.811999048642452
19,96.5,-14.9972592458514
19,97.0,-15.240959920616328
19,97.5,-15.532864386058426
19,98.0,-15.853968890723614
19,98.5,-16.16613613285731
19,99.0,-16.44524356091955
19,99.5,-16.623001209352786
19,100.0,-16.654759150423732
20,0.0,-20.447096669009447
20,0.5,-20.27567309192894
20,1.0,-19.812568691840607
20,1.5,-19.11191541918217
20,2.0,-18.27999978247708
20,2.5,-17.391318768914658
20,3.0,-16.49877495108462
20,3.5,-15.660301878537965
20,4.0,-14.84265640302707
20,4.5,-14.083106332701137
20,5.0,-13.389695093298052
20,5.5,-12.765346285760192
20,6.0,-12.229728757007146
20,6.5,-11.751786673354657
20,7.0,-11.350517968434769
20,7.5,-11.0380953346842
20,8.0,-10.79779818909815
20,8.5,-10.642673484663408
20,9.0,-10.578567919374208
20,9.5,-10.608544172701158
20,10.0,-10.73448853078872
20,10.5,-10.971380267192089
20,11.0,-11.323568592635787
20,11.5,-11.80323682275796
20,12.0,-12.418080731278549
20,12.5,-13.153888000503358
20,13.0,-14.05894328236377
20,13.5,-15.093299993072554
20,14.0,-16.1602181700624
20,14.5,-17.166644139181958
20,15.0,-17.802182099413166
20,15.5,-17.774600179833335
20,16.0,-17.078997922275473
20,16.5,-16.01122930060655
20,17.0,-14.799366103831307
20,17.5,-13.649942482309324
20,18.0,-12.640398375196702
20,18.5,-11.790810158405108
20,19.0,-11.123727901726877
20,19.5,-10.592239298995876
20,20.0,-10.210840810013512
20,20.5,-9.981243547131498
20,21.0,-9.885072906758753
20,21.5,-9.926942696025344
20,22.0,-10.107850495881658
20,22.5,-10.422797667523184
20,23.0,-10.85336077873607
20,23.5,-11.414015443106074
20,24.0,-12.06379577118908
20,24.5,-12.74704107547655
20,25.0,-13.364406271022649
20,25.5,-13.765830064293487
20,26.0,-13.8412747737708
20,26.5,-13.529927798406655
20,27.0,-12.923228752588248
20,27.5,-12.12613368299849
20,28.0,-11.28923924415675
20,28.5,-10.503517709036876
20,29.0,-9.818228446281717
20,29.5,-9.27509803085303
20,30.0,-8.85221083490687
20,30.5,-8.57276088862654
20,31.0,-8.444638140830623
20,31.5,-8.470703994005412
20,32.0,-8.653725155461494
20,32.5,-9.0180196855699
20,33.0,-9.576447533334076
20,33.5,-10.331900725329133
20,34.0,-11.369040990826434
20,34.5,-12.711936811837615
20,35.0,-14.413521111722927
20,35.5,-16.42748216894708
20,36.0,-18.254964459035183
20,36.5,-18.75751895791873
20,37.0,-17.28252011979575
20,37.5,-15.068676401388874
20,38.0,-12.92067733132422
20,38.5,-11.119933699563711
20,39.0,-9.65652920483592
20,39.5,-8.471655713820308
20,40.0,-7.549055274531109
20,40.5,-6.796590474665802
20,41.0,-6.218541007844951
20,41.5,-5.800401696966048
20,42.0,-5.526724212221402
20,42.5,-5.393778284546721
20,43.0,-5.388713047922373
20,43.5,-5.514187618729522
20,44.0,-5.763668227606444
20,44.5,-6.156881651929188
20,45.0,-6.693095737192544
20,45.5,-7.38595346209033
20,46.0,-8.24639281117145
20,46.5,-9.25971576192767
20,47.0,-10.506845467694356
20,47.5,-11.963582080474708
20,48.0,-13.597792815660082
20,48.5,-15.24061496513938
20,49.0,-16.436136843791125
20,49.5,-16.70097225136606
20,50.0,-15.934008768069244
20,50.5,-14.686857342498003
20,51.0,-13.356854136831831
20,51.5,-12.183538606870089
20,52.0,-11.222095627432916
20,52.5,-10.465350261750842
20,53.0,-9.914080699197592
20,53.5,-9.516567678017523
20,54.0,-9.276086528704996
20,54.5,-9.1852962483731
20,55.0,-9.234614828827738
20,55.5,-9.415387111179545
20,56.0,-9.739252264268588
20,56.5,-10.204158136382343
20,57.0,-10.798180595004466
20,57.5,-11.5675170486508
20,58.0,-12.502117956144147
20,58.5,-13.60506639850908
20,59.0,-14.840526897003176
20,59.5,-16.052685198807175
20,60.0,-17.024016484125188
20,60.5,-17.28537067974672
20,61.0,-16.60638502815693
20,61.5,-15.283707657892412
20,62.0,-13.786107093660387
20,62.5,-12.27870853491745
20,63.0,-10.904646002524348
20,63.5,-9.722983022506256
20,64.0,-8.654973550858719
20,64.5,-7.725396134551059
20,65.0,-6.924124886352852
20,65.5,-6.237677853820131
20,66.0,-5.675059922288513
20,66.5,-5.194470583190219
20,67.0,-4.8087283521741
20,67.5,-4.51638983420407
20,68.0,-4.313578859171834
20,68.5,-4.202893190818193
20,69.0,-4.177552081936206
20,69.5,-4.2420650722075
20,70.0,-4.393596130457163
20,70.5,-4.644364294890318
20,71.0,-4.99306918644368
20,71.5,-5.445853257021192
20,72.0,-6.004902193347768
20,72.5,-6.653581474746167
20,73.0,-7.433909912895245
20,73.5,-8.321670412367393
20,74.0,-9.30292367950957
20,74.5,-10.337310740652804
20,75.0,-11.319007600533254
20,75.5,-12.18537778445898
20,76.0,-12.758702461629309
20,76.5,-12.934108526295676
20,77.0,-12.744861822028874
20,77.5,-12.313660645682416
20,78.0,-11.791481643267309
20,78.5,-11.296224262663207
20,79.0,-10.909387514869458
20,79.5,-10.645615076671069
20,80.0,-10.538650785293948
20,80.5,-10.607470149260124
20,81.0,-10.86401393880458
20,81.5,-11.314232847454344
20,82.0,-12.016628152078937
20,82.5,-13.004417442362437
20,83.0,-14.315006725905592
20,83.5,-16.173841373467614
20,84.0,-18.829187990931405
20,84.5,-23.07658534725579
20,85.0,-31.87249716808192
20,85.5,-32.56561070702285
20,86.0,-23.25858487605464
20,86.5,-18.73997593526736
20,87.0,-15.892386828770851
20,87.5,-13.860356232549044
20,88.0,-12.383245779166607
20,88.5,-11.216373568079218
20,89.0,-10.321603353295826
20,89.5,-9.667138858312896
20,90.0,-9.177161275663494
20,90.5,-8.848231642426484
20,91.0,-8.665381964608358
20,91.5,-8.611395501996356
20,92.0,-8.671684273764113
20,92.5,-8.83632985791193
20,93.0,-9.08671667591726
20,93.5,-9.39038237164452
20,94.0,-9.733024614586528
20,94.5,-10.059788906649867
20,95.0,-10.311086118186616
20,95.5,-10.426671625462117
20,96.0,-10.360954211793144
20,96.5,-10.093474416900056
20,97.0,-9.648026852641117
20,97.5,-9.071138854362918
20,98.0,-8.42219204222131
20,98.5,-7.770192303058687
20,99.0,-7.110436448892565
20,99.5,-6.486183664438188
20,100.0,-6.061285573138877
21,0.0,-30.00359368087861
21,0.5,-28.354931645648207
21,1.0,-25.570867835979872
21,1.5,-23.12580759602544
21,2.0,-21.25352621538006
21,2.5,-19.857272037941463
21,3.0,-18.832946329440027
21,3.5,-18.1411425380714
21,4.0,-17.70203380486046
21,4.5,-17.51994518946796
21,5.0,-17.598588904385075
21,5.5,-17.947711950557697
21,6.0,-18.582784825956203
21,6.5,-19.61181928525425
21,7.0,-21.141124108512106
21,7.5,-23.355677047643287
21,8.0,-27.02188281271768
21,8.5,-33.860364720874855
21,9.0,-35.34493848534275
21,9.5,-27.3824717596236
21,10.0,-22.785900672341302
21,10.5,-19.661514033927357
21,11.0,-17.37829198389928
21,11.5,-15.63054793849609
21,12.0,-14.252191163255064
21,12.5,-13.191121756532093
21,13.0,-12.328701880098052
21,13.5,-11.66558761984088
21,14.0,-11.195608107514584
21,14.5,-10.876309364506133
21,15.0,-10.715369923224516
21,15.5,-10.71363837531431
21,16.0,-10.869762658414306
21,16.5,-11.179647424972991
21,17.0,-11.671820247978827
21,17.5,-12.348058208539276
21,18.0,-13.223091093082475
21,18.5,-14.29275948737031
21,19.0,-15.4817563093007
21,19.5,-16.721628098136023
21,20.0,-17.643819675755946
21,20.5,-17.797485718474604
21,21.0,-17.056167712081336
21,21.5,-15.769075580926582
21,22.0,-14.360662252433327
21,22.5,-13.063542407537248
21,23.0,-11.99018843957373
21,23.5,-11.089526082019882
21,24.0,-10.390420294884152
21,24.5,-9.888312797460756
21,25.0,-9.573008933457386
21,25.5,-9.446702117156006
21,26.0,-9.505357173314884
21,26.5,-9.76345291587726
21,27.0,-10.225498047598013
21,27.5,-10.9511684651348
21,28.0,-11.971899992911004
21,28.5,-13.36136848896096
21,29.0,-15.187954322030446
21,29.5,-17.361501115641794
21,30.0,-19.346445559957093
21,30.5,-19.259472998336
21,31.0,-16.90495978756285
21,31.5,-14.17124422843368
21,32.0,-11.894255700439452
21,32.5,-9.978865658776035
21,33.0,-8.419848945371049
21,33.5,-7.1850024360604365
21,34.0,-6.144498104527036
21,34.5,-5.300384907818148
21,35.0,-4.63000235023882
21,35.5,-4.111433547050935
21,36.0,-3.743462323937809
21,36.5,-3.494304021582881
21,37.0,-3.3699942768398428
21,37.5,-3.3677500862659877
21,38.0,-3.4868890918539903
21,38.5,-3.729087020512605
21,39.0,-4.100629662385511
21,39.5,-4.604566552080687
21,40.0,-5.228502695458685
21,40.5,-6.019132973974886
21,41.0,-6.962128747653846
21,41.5,-8.055722833903976
21,42.0,-9.26432283517494
21,42.5,-10.455490901303198
21,43.0,-11.49320762098408
21,43.5,-12.035249741195592
21,44.0,-11.880057289191717
21,44.5,-11.125778304895292
21,45.0,-10.07847444319837
21,45.5,-8.989722812149285
21,46.0,-7.989786661172419
21,46.5,-7.151953098268787
21,47.0,-6.433872398373162
21,47.5,-5.857104190649456
21,48.0,-5.415114195158201
21,48.5,-5.09542729876472
21,49.0,-4.8955511619125245
21,49.5,-4.7954633807685445
21,50.0,-4.795363462680851
21,50.5,-4.887603001652501
21,51.0,-5.074346085882903
21,51.5,-5.35033731687076
21,52.0,-5.716178575399197
21,52.5,-6.170194726528974
21,53.0,-6.697532271257467
21,53.5,-7.3346873528496515
21,54.0,-8.071067184034966
21,54.5,-8.918159494314015
21,55.0,-9.887625872640848
21,55.5,-10.965987976144843
21,56.0,-12.2512512980902
21,56.5,-13.755568326528577
21,57.0,-15.49641087368671
21,57.5,-17.70353629523347
21,58.0,-20.530025199744077
21,58.5,-24.33591579394714
21,59.0,-28.761119263824423
21,59.5,-28.85083906304412
21,60.0,-24.80387194751317
21,60.5,-21.450864903118507
21,61.0,-19.07991278106741
21,61.5,-17.337425468173336
21,62.0,-16.06319733577471
21,62.5,-15.061552500450809
21,63.0,-14.30323660455636
21,63.5,-13.760403841238578
21,64.0,-13.36774533063254
21,64.5,-13.119201023181963
21,65.0,-12.99809232512554
21,65.5,-12.984113013214264
21,66.0,-13.056898549508244
21,66.5,-13.200388121418513
21,67.0,-13.38885998514385
21,67.5,-13.59591054921169
21,68.0,-13.793512843978672
21,68.5,-13.952765073340547
21,69.0,-14.068377404056708
21,69.5,-14.134069541752712
21,70.0,-14.162850776902138
21,70.5,-14.18400309045907
21,71.0,-14.232237098295087
21,71.5,-14.349248368020064
21,72.0,-14.57587951141887
21,72.5,-14.944684819203696
21,73.0,-15.529757042349727
21,73.5,-16.383274834101208
21,74.0,-17.60397308898606
21,74.5,-19.324236010401584
21,75.0,-21.675078769071845
21,75.5,-24.8647802381092
21,76.0,-26.832742558323368
21,76.5,-24.328737549445485
21,77.0,-20.44117747936201
21,77.5,-17.313723519809464
21,78.0,-14.914462517666475
21,78.5,-13.023960424964848
21,79.0,-11.554666668353049
21,79.5,-10.330707332738218
21,80.0,-9.345378984849855
21,80.5,-8.567847420751088
21,81.0,-7.970759963763258
21,81.5,-7.552267580809346
21,82.0,-7.276949542679773
21,82.5,-7.153415390474308
21,83.0,-7.180442646383732
21,83.5,-7.363531877597468
21,84.0,-7.710219522933642
21,84.5,-8.238531602073346
21,85.0,-8.967318736820982
21,85.5,-9.901476206574063
21,86.0,-11.153929812597887
21,86.5,-12.784539366994537
21,87.0,-14.96846607332686
21,87.5,-18.037960842852065
21,88.0,-22.754829583933915
21,88.5,-32.0529366347514
21,89.0,-28.908263250757443
21,89.5,-21.5968261584514
21,90.0,-17.75170475914794
21,90.5,-15.318554462111432
21,91.0,-13.656098554499223
21,91.5,-12.482550290612812
21,92.0,-11.691429935193902
21,92.5,-11.157295644308563
21,93.0,-10.857966723365683
21,93.5,-10.76372479186188
21,94.0,-10.84205799096728
21,94.5,-11.069924302111444
21,95.0,-11.417127865922495
21,95.5,-11.835524817763185
21,96.0,-12.248334014400047
21,96.5,-12.598294304601987
21,97.0,-12.78895690909388
21,97.5,-12.762306821223197
21,98.0,-12.528264512447876
21,98.5,-12.159319050358963
21,99.0,-11.71924981850429
21,99.5,-11.29921093326979
21,100.0,-11.039206669564813
