Canal,Frecuencia,Magnitud
0,0.0,-4.506609381930791
0,0.5,-4.708378159512735
0,1.0,-5.290217170684632
0,1.5,-6.281048634755329
0,2.0,-7.632767258064428
0,2.5,-9.195529525294155
0,3.0,-10.335822546431473
0,3.5,-9.741973852503564
0,4.0,-7.938618253219873
0,4.5,-6.34680439197014
0,5.0,-5.222458516217283
0,5.5,-4.5667055543896895
0,6.0,-4.359279870888091
0,6.5,-4.566429523598014
0,7.0,-5.188766836703556
0,7.5,-6.20211602493533
0,8.0,-7.683054898788149
0,8.5,-9.589312704085472
0,9.0,-11.774056049635888
0,9.5,-13.654814159784184
0,10.0,-14.402805185058128
0,10.5,-13.922037744726806
0,11.0,-13.178137471525812
0,11.5,-12.880854337309271
0,12.0,-12.998763857772458
0,12.5,-13.17898176586237
0,13.0,-13.377456825099989
0,13.5,-13.612331933034117
0,14.0,-13.724935850221003
0,14.5,-13.134950358845868
0,15.0,-11.935903338421587
0,15.5,-10.735883326915102
0,16.0,-9.781787406497235
0,16.5,-9.258725359268553
0,17.0,-9.15898717121158
0,17.5,-9.478404271906554
0,18.0,-10.184425268865416
0,18.5,-11.10620409418574
0,19.0,-11.634800004331446
0,19.5,-11.556323271709305
0,20.0,-11.392835617212528
0,20.5,-11.37907363050442
0,21.0,-11.655038825246908
0,21.5,-12.374126298388305
0,22.0,-13.747518445589376
0,22.5,-16.08799209892448
0,23.0,-19.875342762504932
0,23.5,-24.17651808982948
0,24.0,-20.226363527277627
0,24.5,-15.289600066148346
0,25.0,-12.017167439335571
0,25.5,-9.858474715378872
0,26.0,-8.33029299206139
0,26.5,-7.326151461936156
0,27.0,-6.768851654841794
0,27.5,-6.570247457263432
0,28.0,-6.71957936740916
0,28.5,-7.209044966090343
0,29.0,-8.019497706247648
0,29.5,-9.083169861663094
0,30.0,-10.360661807495667
0,30.5,-11.63921342443751
0,31.0,-12.591404191488252
0,31.5,-12.835422356153988
0,32.0,-12.633531685177214
0,32.5,-12.081848065182283
0,33.0,-11.402790029873936
0,33.5,-10.818693838974465
0,34.0,-10.384209369800669
0,34.5,-10.117103300767718
0,35.0,-9.95088016398308
0,35.5,-9.755417359658969
0,36.0,-9.432562368593258
0,36.5,-8.982035640793363
0,37.0,-8.49604442263578
0,37.5,-8.044861222318183
0,38.0,-7.632036347083664
0,38.5,-7.2950680103696275
0,39.0,-7.059287585071153
0,39.5,-6.946934128077965
0,40.0,-6.981227017947397
0,40.5,-7.188509067471448
0,41.0,-7.589921379611395
0,41.5,-8.207738666874764
0,42.0,-9.043041368214038
0,42.5,-10.040158348779569
0,43.0,-11.17919452726293
0,43.5,-12.27731236411494
0,44.0,-13.113109047587082
0,44.5,-13.5850358836732
0,45.0,-13.607797882925638
0,45.5,-13.220638574611176
0,46.0,-12.636914935954476
0,46.5,-12.165994039709537
0,47.0,-11.938912759709426
0,47.5,-11.967534231700576
0,48.0,-12.163547920112004
0,48.5,-12.338469432827576
0,49.0,-12.182233775912596
0,49.5,-11.53536977904143
0,50.0,-10.687426990163768
0,50.5,-9.949258409651272
0,51.0,-9.328118149099502
0,51.5,-8.401190979891796
0,52.0,-7.356023755627798
0,52.5,-6.582624048101467
0,53.0,-6.09036800873451
0,53.5,-5.823437389930246
0,54.0,-5.77777438625902
0,54.5,-5.9425098110978425
0,55.0,-6.299317938742037
0,55.5,-6.806999294812339
0,56.0,-7.401231604967229
0,56.5,-7.919448769902418
0,57.0,-8.388288696144404
0,57.5,-8.828881482129717
0,58.0,-9.152496897592602
0,58.5,-9.28415684109008
0,59.0,-9.188325286952878
0,59.5,-8.89967601048152
0,60.0,-8.47709449633184
0,60.5,-8.009707586741355
0,61.0,-7.563146235718725
0,61.5,-7.200520542855765
0,62.0,-6.990669190636767
0,62.5,-6.96364727969145
0,63.0,-7.145946691266672
0,63.5,-7.531557835048821
0,64.0,-8.141302695788184
0,64.5,-8.949868327451492
0,65.0,-9.931485937985991
0,65.5,-11.024830126624394
0,66.0,-12.089330980467874
0,66.5,-12.96858807130548
0,67.0,-13.12761302416732
0,67.5,-12.231041864623547
0,68.0,-11.081746532211795
0,68.5,-10.16744907100807
0,69.0,-9.452359575634349
0,69.5,-8.936958204973124
0,70.0,-8.602381817256674
0,70.5,-8.40241036851559
0,71.0,-8.329872932233659
0,71.5,-8.380149806276519
0,72.0,-8.553563126096801
0,72.5,-8.846309623215433
0,73.0,-9.274734964080036
0,73.5,-9.809898797989018
0,74.0,-10.408312412504657
0,74.5,-11.018932063110936
0,75.0,-11.609940751492347
0,75.5,-12.23618012920968
0,76.0,-12.891509585879616
0,76.5,-13.553288459714866
0,77.0,-14.23734797343692
0,77.5,-14.889108245545136
0,78.0,-15.46800794544226
0,78.5,-15.736740238274788
0,79.0,-15.743362464292316
0,79.5,-15.37284882907871
0,80.0,-14.93054457696493
0,80.5,-14.513365248941264
0,81.0,-14.128302835296914
0,81.5,-13.988096501760513
0,82.0,-14.188683909895277
0,82.5,-14.71368196682161
0,83.0,-14.630576468930574
0,83.5,-14.267703079118588
0,84.0,-13.952048837810116
0,84.5,-13.607159043593777
0,85.0,-13.215281839245874
0,85.5,-12.798270366897658
0,86.0,-12.354147399190367
0,86.5,-11.960183577749053
0,87.0,-11.72405344856662
0,87.5,-11.748591264122624
0,88.0,-12.1084415832743
0,88.5,-12.896722065169328
0,89.0,-14.132614235737766
0,89.5,-15.621256216943666
0,90.0,-16.839735086127657
0,90.5,-16.99710129384205
0,91.0,-15.628915238157534
0,91.5,-13.013535717651417
0,92.0,-10.642020514270763
0,92.5,-8.754798588348176
0,93.0,-7.359581079577943
0,93.5,-6.411951413334135
0,94.0,-5.807638496484239
0,94.5,-5.557899701597808
0,95.0,-5.674578828164849
0,95.5,-6.179705517499266
0,96.0,-7.106537077263703
0,96.5,-8.633353617462985
0,97.0,-10.961523556732717
0,97.5,-14.56673017679624
0,98.0,-18.877394643459123
0,98.5,-19.42706411146308
0,99.0,-15.107763424801549
0,99.5,-11.546939559516735
0,100.0,-9.788522670143768
1,0.0,-32.6467021371795
1,0.5,-22.706779378937505
1,1.0,-16.87112238951021
1,1.5,-13.534478853920357
1,2.0,-11.358255742029776
1,2.5,-9.891036029711907
1,3.0,-8.924304312389015
1,3.5,-8.384659230817057
1,4.0,-8.19579987754658
1,4.5,-8.360648963883486
1,5.0,-8.890920538087158
1,5.5,-9.793909054161134
1,6.0,-11.03512335297522
1,6.5,-12.612608639849288
1,7.0,-14.13238706967661
1,7.5,-14.864958221534518
1,8.0,-14.502850776541331
1,8.5,-13.47030972152409
1,9.0,-12.327254969074335
1,9.5,-11.426458792020371
1,10.0,-10.936702636658906
1,10.5,-10.86915625738692
1,11.0,-11.254192153059975
1,11.5,-12.12704823699043
1,12.0,-13.521424399869217
1,12.5,-15.40726127988128
1,13.0,-17.60420040747929
1,13.5,-18.824800635928785
1,14.0,-18.67797164696105
1,14.5,-18.005741390201965
1,15.0,-17.127398335894497
1,15.5,-15.797154958369678
1,16.0,-14.981037826288013
1,16.5,-14.71179307176773
1,17.0,-14.867359421247835
1,17.5,-15.342786095461488
1,18.0,-15.881382240481985
1,18.5,-15.614050415972034
1,19.0,-14.877115920764094
1,19.5,-14.04939295538865
1,20.0,-13.356793983141086
1,20.5,-12.946505306600772
1,21.0,-12.861913543298629
1,21.5,-13.146213116707871
1,22.0,-13.813798388616368
1,22.5,-14.818266988071535
1,23.0,-15.949458399032848
1,23.5,-16.783803079575492
1,24.0,-16.692079984064737
1,24.5,-15.765151027392774
1,25.0,-14.569737868195292
1,25.5,-13.479090835555953
1,26.0,-12.532752977082918
1,26.5,-11.770281544647668
1,27.0,-11.187271160789484
1,27.5,-10.72281581659341
1,28.0,-10.378765997215863
1,28.5,-10.15031973451535
1,29.0,-10.033240020961196
1,29.5,-10.0226715691428
1,30.0,-10.100621514647004
1,30.5,-10.230119828938896
1,31.0,-10.336479793656386
1,31.5,-10.2894726148627
1,32.0,-9.959344934233313
1,32.5,-9.365253343497397
1,33.0,-8.706194188993825
1,33.5,-8.038288129937868
1,34.0,-7.044710184170322
1,34.5,-6.025665973375754
1,35.0,-5.27779363677262
1,35.5,-4.823907803949322
1,36.0,-4.665555937878271
1,36.5,-4.79020523837089
1,37.0,-5.199555257173151
1,37.5,-5.821862786341702
1,38.0,-6.355407589168264
1,38.5,-6.62990445686903
1,39.0,-6.684517803584751
1,39.5,-6.589059285660111
1,40.0,-6.578046670884425
1,40.5,-6.726113821090937
1,41.0,-7.007338107857678
1,41.5,-7.350116076864009
1,42.0,-7.70853690967596
1,42.5,-8.086047419915047
1,43.0,-8.645396761878924
1,43.5,-9.590265895664675
1,44.0,-11.087852934484392
1,44.5,-13.55024220219891
1,45.0,-17.330098921708114
1,45.5,-19.171689268836698
1,46.0,-17.149316591313173
1,46.5,-13.570763869921874
1,47.0,-10.2608455000275
1,47.5,-7.840695879073118
1,48.0,-6.089557943821164
1,48.5,-4.818181316148494
1,49.0,-3.958098286566772
1,49.5,-3.404322537457095
1,50.0,-3.160521712445906
1,50.5,-3.219229658198935
1,51.0,-3.59026214883013
1,51.5,-4.282787387670786
1,52.0,-5.3049037657358005
1,52.5,-6.604308851263292
1,53.0,-7.972429873699875
1,53.5,-9.149764453473807
1,54.0,-9.602980909839737
1,54.5,-8.545808089791814
1,55.0,-7.051633695889493
1,55.5,-5.890868017244276
1,56.0,-5.100945371084849
1,56.5,-4.725272460478166
1,57.0,-4.749614839906501
1,57.5,-5.157960791097377
1,58.0,-5.920829678842548
1,58.5,-6.978465211140648
1,59.0,-8.19110180208272
1,59.5,-9.288206124181208
1,60.0,-9.780890303440966
1,60.5,-9.29779666453377
1,61.0,-8.494583819926897
1,61.5,-7.714910526980175
1,62.0,-7.213920053413777
1,62.5,-7.104782254144546
1,63.0,-7.407158994635548
1,63.5,-7.988297398466534
1,64.0,-8.589808792167027
1,64.5,-8.895423325729512
1,65.0,-8.826961374885567
1,65.5,-8.448204676701751
1,66.0,-7.948569244588017
1,66.5,-7.216826617801322
1,67.0,-5.879213249606784
1,67.5,-4.833483587739918
1,68.0,-4.200563630482879
1,68.5,-3.939953332533897
1,69.0,-3.9787596450232634
1,69.5,-4.25356431110368
1,70.0,-4.644191541840356
1,70.5,-5.013600513402031
1,71.0,-5.172714881953157
1,71.5,-5.027620954095224
1,72.0,-4.671594474497837
1,72.5,-4.292062255635484
1,73.0,-4.009652974974236
1,73.5,-3.921699846959887
1,74.0,-4.085296282554914
1,74.5,-4.531548458941625
1,75.0,-5.264898341919321
1,75.5,-6.34515157145865
1,76.0,-7.718575081686251
1,76.5,-9.18424536486176
1,77.0,-10.46638734613884
1,77.5,-11.054969240382176
1,78.0,-10.557125643668028
1,78.5,-9.506062956002369
1,79.0,-8.560876952646746
1,79.5,-7.88778096126645
1,80.0,-7.588171793426039
1,80.5,-7.690684818429394
1,81.0,-8.201192272865605
1,81.5,-9.118944967259678
1,82.0,-10.5578001853923
1,82.5,-12.587923591820696
1,83.0,-15.276668702120656
1,83.5,-17.64632585949577
1,84.0,-18.766363377264263
1,84.5,-18.3289214141345
1,85.0,-17.009824112008776
1,85.5,-15.635952018827076
1,86.0,-14.76870174320162
1,86.5,-14.49231815116161
1,87.0,-14.787091657322469
1,87.5,-15.647579722006771
1,88.0,-17.082752163389447
1,88.5,-19.24037429283212
1,89.0,-21.765655867240724
1,89.5,-23.16118763206944
1,90.0,-22.443656761532207
1,90.5,-20.857443142483756
1,91.0,-19.19986754708455
1,91.5,-17.672358880438388
1,92.0,-16.618444203437857
1,92.5,-16.0089956438184
1,93.0,-15.822713379473036
1,93.5,-16.000097956247366
1,94.0,-16.49302495773338
1,94.5,-17.198252290453794
1,95.0,-17.920836101960234
1,95.5,-18.34468621462402
1,96.0,-18.166454278117072
1,96.5,-17.32949230275027
1,97.0,-16.11172583332653
1,97.5,-14.843379664996
1,98.0,-13.72838767506852
1,98.5,-12.878790647661948
1,99.0,-12.271747255604202
1,99.5,-11.943776254463868
1,100.0,-11.878105313218034
2,0.0,-14.523789189924514
2,0.5,-14.12172151172338
2,1.0,-13.128430863037153
2,1.5,-11.802784619293403
2,2.0,-10.409318282313112
2,2.5,-9.078650365250011
2,3.0,-7.869571394008057
2,3.5,-6.837370390701522
2,4.0,-5.925481291428429
2,4.5,-5.171247067609659
2,5.0,-4.587180955217315
2,5.5,-4.1848440499110655
2,6.0,-3.98999753152264
2,6.5,-4.014384091853622
2,7.0,-4.291865534076553
2,7.5,-4.8391013924189865
2,8.0,-5.733300703523118
2,8.5,-7.008372930197873
2,9.0,-8.716085514044146
2,9.5,-10.785566828651367
2,10.0,-12.68437602892452
2,10.5,-13.33775245799957
2,11.0,-12.244958102235987
2,11.5,-10.611056002899195
2,12.0,-9.208241179681368
2,12.5,-8.269205894571504
2,13.0,-7.770554860525311
2,13.5,-7.731649763956025
2,14.0,-8.128781622024178
2,14.5,-8.972140347884089
2,15.0,-10.200529875311624
2,15.5,-11.72735684374345
2,16.0,-13.429596613189542
2,16.5,-14.57289942596375
2,17.0,-13.943985628212827
2,17.5,-11.950584858130624
2,18.0,-9.996924824552098
2,18.5,-8.656534879563253
2,19.0,-7.874371765972318
2,19.5,-7.515411919103498
2,20.0,-7.552309353346468
2,20.5,-7.944316415367866
2,21.0,-8.702624757651092
2,21.5,-9.810837630818662
2,22.0,-11.275516629111417
2,22.5,-13.093454861500527
2,23.0,-15.223348441594489
2,23.5,-17.82768310897985
2,24.0,-19.129225796483027
2,24.5,-18.635721360018927
2,25.0,-18.194417909822583
2,25.5,-18.0238387868393
2,26.0,-18.101320851256716
2,26.5,-18.347039193840885
2,27.0,-18.65659125250631
2,27.5,-18.95113671839564
2,28.0,-18.996413238801686
2,28.5,-18.607095618400287
2,29.0,-17.768534756327025
2,29.5,-16.598818168540674
2,30.0,-15.203607477371406
2,30.5,-13.74581873594239
2,31.0,-12.309891779088003
2,31.5,-10.974754878986092
2,32.0,-9.838978174288258
2,32.5,-8.858704104840985
2,33.0,-8.014756686795979
2,33.5,-7.191563471190565
2,34.0,-6.417688035507875
2,34.5,-5.836285294460286
2,35.0,-5.468705985024732
2,35.5,-5.300884503372296
2,36.0,-5.315026995999133
2,36.5,-5.487324403154501
2,37.0,-5.781802865377201
2,37.5,-6.133580068471477
2,38.0,-6.492352246359327
2,38.5,-6.7988020070903135
2,39.0,-7.059122335931572
2,39.5,-7.29649640496717
2,40.0,-7.516617290966635
2,40.5,-7.744393854107321
2,41.0,-7.984515757878756
2,41.5,-8.246726112786511
2,42.0,-8.537526767517665
2,42.5,-8.854939119385698
2,43.0,-9.234582808343626
2,43.5,-9.696564812953222
2,44.0,-10.268138070726485
2,44.5,-11.031016793056684
2,45.0,-11.655268913061226
2,45.5,-11.804140970894434
2,46.0,-11.93107889982718
2,46.5,-12.018563334065549
2,47.0,-12.155832842194595
2,47.5,-12.434560126302332
2,48.0,-12.808110290893254
2,48.5,-13.103658897754242
2,49.0,-12.618094685479626
2,49.5,-11.267577998474174
2,50.0,-10.33179252868742
2,50.5,-9.877474869513795
2,51.0,-9.855573301435472
2,51.5,-10.28150975480018
2,52.0,-11.17065105873533
2,52.5,-12.303093446676115
2,53.0,-12.500545220588412
2,53.5,-12.015051301904762
2,54.0,-11.292726049591865
2,54.5,-10.626920067074268
2,55.0,-10.050058364760805
2,55.5,-9.457628890536649
2,56.0,-8.601943622204727
2,56.5,-7.871886408630391
2,57.0,-7.476424252193264
2,57.5,-7.390600445252408
2,58.0,-7.594486169108043
2,58.5,-8.041493096153602
2,59.0,-8.661171386704314
2,59.5,-9.373394756176566
2,60.0,-10.186151803695576
2,60.5,-11.046927399504217
2,61.0,-11.890229908141524
2,61.5,-12.62866607188152
2,62.0,-13.270726924149772
2,62.5,-13.820357120251948
2,63.0,-14.002419874395414
2,63.5,-14.260160078851904
2,64.0,-14.803000633425558
2,64.5,-15.619008000076263
2,65.0,-16.1711156444332
2,65.5,-16.41459548982159
2,66.0,-16.348001834330702
2,66.5,-15.18712858041454
2,67.0,-13.459667097265733
2,67.5,-12.038083759955454
2,68.0,-11.084776350523484
2,68.5,-10.593577919278472
2,69.0,-10.502599375554356
2,69.5,-10.806785287989804
2,70.0,-11.46898407316312
2,70.5,-12.503440191594509
2,71.0,-13.844757465844731
2,71.5,-15.437759901308455
2,72.0,-17.155066793391487
2,72.5,-18.546968007887717
2,73.0,-18.737199295405546
2,73.5,-17.825527261002637
2,74.0,-17.005663440981294
2,74.5,-16.75393788569777
2,75.0,-17.174187481317432
2,75.5,-18.3694281686566
2,76.0,-20.30546435877353
2,76.5,-22.00521297681364
2,77.0,-22.08064977469977
2,77.5,-19.398298575482123
2,78.0,-16.236151789183204
2,78.5,-13.824456413506727
2,79.0,-12.157827711806092
2,79.5,-10.977675388644435
2,80.0,-10.2380664535795
2,80.5,-9.884537095261148
2,81.0,-9.867627170424516
2,81.5,-10.144781603617345
2,82.0,-10.69274211605489
2,82.5,-11.442502272026882
2,83.0,-12.27729945734601
2,83.5,-13.1241777927524
2,84.0,-13.806200866138818
2,84.5,-14.179828457314228
2,85.0,-14.236031771545244
2,85.5,-14.117388949753447
2,86.0,-14.00284292032289
2,86.5,-14.032834810184784
2,87.0,-14.284464314853992
2,87.5,-14.76901515236328
2,88.0,-15.437653828846056
2,88.5,-16.274133057088967
2,89.0,-17.168853308939504
2,89.5,-17.150047696003714
2,90.0,-16.791792873545305
2,90.5,-16.772986118477373
2,91.0,-17.26802637546689
2,91.5,-18.50168597134064
2,92.0,-20.76309207570599
2,92.5,-23.981440215531453
2,93.0,-24.70663029086158
2,93.5,-20.61900811964441
2,94.0,-16.189903948632164
2,94.5,-13.101992873241432
2,95.0,-10.94089609833209
2,95.5,-9.437885372283151
2,96.0,-8.498966241073624
2,96.5,-8.008093974930075
2,97.0,-7.98318519183552
2,97.5,-8.464965218549173
2,98.0,-9.528345400802095
2,98.5,-11.290583027089294
2,99.0,-14.191520705372454
2,99.5,-18.37206747346168
2,100.0,-20.552640036972807
3,0.0,-11.45656794579841
3,0.5,-10.94152278798412
3,1.0,-10.02985874771622
3,1.5,-9.074883633780258
3,2.0,-8.219723396906584
3,2.5,-7.521517959434615
3,3.0,-7.004873560815062
3,3.5,-6.6939433594458055
3,4.0,-6.578221375108638
3,4.5,-6.674681060031108
3,5.0,-6.995944758016612
3,5.5,-7.547169114872766
3,6.0,-8.313605888377914
3,6.5,-9.342408712775004
3,7.0,-10.568334671776444
3,7.5,-11.830008541690386
3,8.0,-13.02835508624037
3,8.5,-13.9120677389123
3,9.0,-14.249508844453862
3,9.5,-13.964284111991468
3,10.0,-13.440120271294552
3,10.5,-13.031855537471372
3,11.0,-12.887367654014914
3,11.5,-13.06247934744695
3,12.0,-13.541888164396576
3,12.5,-14.188731043167538
3,13.0,-14.794714754086916
3,13.5,-15.096124415819368
3,14.0,-14.881047943606092
3,14.5,-13.914277159783625
3,15.0,-12.394105179924342
3,15.5,-10.89894834413315
3,16.0,-9.760498398561468
3,16.5,-9.054937216033712
3,17.0,-8.729299017897304
3,17.5,-8.797179183604813
3,18.0,-9.268341424676295
3,18.5,-10.13951253312443
3,19.0,-11.347547047201914
3,19.5,-12.834015738561748
3,20.0,-14.292554166136028
3,20.5,-15.272558688833945
3,21.0,-15.249908020554104
3,21.5,-14.240372640617933
3,22.0,-12.935386798165666
3,22.5,-11.855920619606014
3,23.0,-11.189450235342187
3,23.5,-10.898463879976346
3,24.0,-10.967216960097542
3,24.5,-11.352117265868268
3,25.0,-11.974783475977704
3,25.5,-12.69824007558934
3,26.0,-13.406619522537806
3,26.5,-13.688825435725802
3,27.0,-13.01815435825362
3,27.5,-12.241261606133838
3,28.0,-11.496323159441497
3,28.5,-10.789945289448749
3,29.0,-10.081929137692809
3,29.5,-9.29846103304374
3,30.0,-8.389576358569178
3,30.5,-7.528658405599331
3,31.0,-6.811456771321495
3,31.5,-6.2480317351138
3,32.0,-5.8178876081298405
3,32.5,-5.505078497322756
3,33.0,-5.396873078376645
3,33.5,-5.538233575179109
3,34.0,-5.964786993395946
3,34.5,-6.695959007844893
3,35.0,-7.769628508858261
3,35.5,-9.221159682754095
3,36.0,-11.02378146207256
3,36.5,-13.01209761820472
3,37.0,-14.984201965210696
3,37.5,-17.177783603911923
3,38.0,-18.494011059336447
3,38.5,-19.33512869681122
3,39.0,-19.43047306257351
3,39.5,-18.03082463941609
3,40.0,-16.276244702680955
3,40.5,-14.615067982904966
3,41.0,-13.116513145489709
3,41.5,-11.79340179119552
3,42.0,-10.684419671680397
3,42.5,-9.80094686776676
3,43.0,-8.978932024903983
3,43.5,-8.348581213121868
3,44.0,-8.018388890220564
3,44.5,-7.983303811935758
3,45.0,-8.259815711920087
3,45.5,-8.864397984771053
3,46.0,-9.801122588951657
3,46.5,-11.00836299457612
3,47.0,-11.79996974846614
3,47.5,-11.616466148286136
3,48.0,-10.95857144156155
3,48.5,-10.00407116494636
3,49.0,-9.250698610942516
3,49.5,-8.882847966494307
3,50.0,-8.935190326015347
3,50.5,-9.263282056403154
3,51.0,-9.642919312811037
3,51.5,-10.193109606290005
3,52.0,-10.946064593031402
3,52.5,-11.756157385267814
3,53.0,-11.937071758868314
3,53.5,-11.308659570135507
3,54.0,-10.386957674251942
3,54.5,-8.806110299428187
3,55.0,-7.291862375470989
3,55.5,-6.160129942677864
3,56.0,-5.285643609204263
3,56.5,-4.654424073291149
3,57.0,-4.239284689998354
3,57.5,-3.980496652353063
3,58.0,-3.8620562418048254
3,58.5,-3.860653348919873
3,59.0,-3.9565965100073073
3,59.5,-4.144722775673263
3,60.0,-4.461652061365807
3,60.5,-4.944897022687529
3,61.0,-5.655322805831609
3,61.5,-6.658356727749677
3,62.0,-8.004435322071274
3,62.5,-9.912662529594716
3,63.0,-12.522348207693833
3,63.5,-15.534468778290874
3,64.0,-15.396289183173812
3,64.5,-12.352128870341456
3,65.0,-9.713670864522005
3,65.5,-7.700809171356023
3,66.0,-6.286495030623663
3,66.5,-5.308384159191654
3,67.0,-4.765670195108886
3,67.5,-4.652284594388467
3,68.0,-4.9773996443315
3,68.5,-5.773762866993099
3,69.0,-7.214358274046498
3,69.5,-9.514953097412
3,70.0,-12.961726608117866
3,70.5,-16.652716810757028
3,71.0,-14.852159649297548
3,71.5,-10.546117312957612
3,72.0,-7.415109726036456
3,72.5,-5.349144399766277
3,73.0,-3.926994342409869
3,73.5,-3.050858912056817
3,74.0,-2.6441305478871437
3,74.5,-2.658759506774715
3,75.0,-3.0769426015808685
3,75.5,-3.951498030922128
3,76.0,-5.333790561967456
3,76.5,-7.284204231617987
3,77.0,-10.1357949197215
3,77.5,-13.934576238399758
3,78.0,-16.08967555941335
3,78.5,-13.735872722521474
3,79.0,-11.328247300328526
3,79.5,-9.82766275680168
3,80.0,-9.146367938184389
3,80.5,-9.22166205312281
3,81.0,-10.070442874959252
3,81.5,-11.80682435724493
3,82.0,-14.8134150276862
3,82.5,-18.604488315289835
3,83.0,-20.343292306859325
3,83.5,-15.688411589405796
3,84.0,-11.50279606267081
3,84.5,-8.930626014720996
3,85.0,-7.30689172030077
3,85.5,-6.378077302758192
3,86.0,-5.950608307659912
3,86.5,-5.991570453776077
3,87.0,-6.490756465666369
3,87.5,-7.453561062133565
3,88.0,-8.882038277307167
3,88.5,-10.94271604934337
3,89.0,-13.648139457293096
3,89.5,-16.660441592347787
3,90.0,-17.991402015354243
3,90.5,-15.970665669604756
3,91.0,-13.645099442385908
3,91.5,-11.882584704777068
3,92.0,-10.672954621599605
3,92.5,-9.78378800888021
3,93.0,-9.120404469072945
3,93.5,-8.60422815649047
3,94.0,-8.150084798256716
3,94.5,-7.763053244797447
3,95.0,-7.46543616018348
3,95.5,-7.293748923239131
3,96.0,-7.291978658716294
3,96.5,-7.505324620347382
3,97.0,-7.9795255675406995
3,97.5,-8.773782099777776
3,98.0,-9.95164203551362
3,98.5,-11.56896048152518
3,99.0,-13.921807035263392
3,99.5,-17.377270805070623
3,100.0,-21.096832558346108
4,0.0,-14.860377358793272
4,0.5,-15.034193910121976
4,1.0,-15.538457935811632
4,1.5,-16.40101535355534
4,2.0,-17.571542467921457
4,2.5,-18.942275581018016
4,3.0,-20.273897200321034
4,3.5,-21.205997215635136
4,4.0,-21.535832478663668
4,4.5,-21.39703524997656
4,5.0,-21.249606979144737
4,5.5,-21.34298818213777
4,6.0,-21.675136487804117
4,6.5,-21.8137679353672
4,7.0,-20.81524258355009
4,7.5,-18.9175632225614
4,8.0,-16.870127401270363
4,8.5,-14.952720042360948
4,9.0,-13.276605223124106
4,9.5,-11.988785230423584
4,10.0,-11.097895730416305
4,10.5,-10.504244834299207
4,11.0,-10.199804435040631
4,11.5,-10.159643090272064
4,12.0,-10.347662993024116
4,12.5,-10.70967444497082
4,13.0,-11.194164738675882
4,13.5,-11.690978791759257
4,14.0,-12.134864173364052
4,14.5,-12.604757958695483
4,15.0,-13.18460512355056
4,15.5,-13.974553564410568
4,16.0,-15.051197664657227
4,16.5,-16.434958468252507
4,17.0,-18.025514235091737
4,17.5,-17.986422809262873
4,18.0,-16.943116973224242
4,18.5,-15.925440674067897
4,19.0,-15.0458214623757
4,19.5,-14.346070418535737
4,20.0,-13.956414093969844
4,20.5,-13.938846735944203
4,21.0,-14.320928982135795
4,21.5,-15.099229036251472
4,22.0,-16.14702328598662
4,22.5,-17.173801956407974
4,23.0,-18.068139535246665
4,23.5,-18.61163458999338
4,24.0,-18.252426295056264
4,24.5,-17.381748332103854
4,25.0,-16.597268563598124
4,25.5,-16.143887274362186
4,26.0,-15.936135621343276
4,26.5,-15.540287452183808
4,27.0,-14.857373153983962
4,27.5,-14.113086326101056
4,28.0,-13.33567030687112
4,28.5,-12.41143607927647
4,29.0,-11.23818800401865
4,29.5,-9.905228902276331
4,30.0,-8.669664908899094
4,30.5,-7.750391816552235
4,31.0,-7.174752338188992
4,31.5,-6.927414818652336
4,32.0,-6.999147938799475
4,32.5,-7.39140739505122
4,33.0,-8.0946513163557
4,33.5,-9.042371570576767
4,34.0,-10.1870879186802
4,34.5,-11.30301488945566
4,35.0,-11.980318011405297
4,35.5,-11.716390362124615
4,36.0,-10.776898565998954
4,36.5,-9.75311297937604
4,37.0,-8.947397874577891
4,37.5,-8.448937541977953
4,38.0,-8.24692933331971
4,38.5,-8.366077610790883
4,39.0,-8.823838199539459
4,39.5,-9.625750514124244
4,40.0,-10.73416837250581
4,40.5,-12.1171308697278
4,41.0,-13.247465846612776
4,41.5,-13.5296306136438
4,42.0,-13.124921360812012
4,42.5,-12.18197296526487
4,43.0,-10.825283465788608
4,43.5,-9.442453328331332
4,44.0,-8.312813317044416
4,44.5,-7.434297490439004
4,45.0,-6.838119547176944
4,45.5,-6.5077815579448455
4,46.0,-6.412190019240166
4,46.5,-6.5206197973190765
4,47.0,-6.814072305474282
4,47.5,-7.274903021675632
4,48.0,-7.9058905019919905
4,48.5,-8.700709826706765
4,49.0,-9.594529512137582
4,49.5,-10.513188002029633
4,50.0,-11.12049748666726
4,50.5,-11.070136927921611
4,51.0,-10.498947588801824
4,51.5,-9.81878690946903
4,52.0,-9.270800684106216
4,52.5,-8.926447674024104
4,53.0,-8.783926475391684
4,53.5,-8.787004493610658
4,54.0,-8.887338783258752
4,54.5,-9.06676327420698
4,55.0,-9.327350960191463
4,55.5,-9.640631116876616
4,56.0,-9.972563484185388
4,56.5,-10.27124551457779
4,57.0,-10.54229428541604
4,57.5,-10.8493506498716
4,58.0,-11.21815787356394
4,58.5,-11.641586680570605
4,59.0,-12.028410458886755
4,59.5,-12.170642501550091
4,60.0,-11.825416327403143
4,60.5,-10.93978454232713
4,61.0,-9.738677952934223
4,61.5,-8.50197828868569
4,62.0,-7.431400932470702
4,62.5,-6.541198499241186
4,63.0,-5.897600754767284
4,63.5,-5.524841154722078
4,64.0,-5.404999303439372
4,64.5,-5.553274599653026
4,65.0,-5.978118807434669
4,65.5,-6.673095490963605
4,66.0,-7.595084047838801
4,66.5,-8.752152583131533
4,67.0,-10.002309868503524
4,67.5,-11.159965037040104
4,68.0,-12.052331322214236
4,68.5,-12.605665405797746
4,69.0,-12.923202507165152
4,69.5,-13.104095121980365
4,70.0,-13.24557775854855
4,70.5,-13.38659251188964
4,71.0,-13.439246106117343
4,71.5,-13.221585550582718
4,72.0,-12.585360612243512
4,72.5,-11.572134307371812
4,73.0,-10.303488481081668
4,73.5,-9.036106173577393
4,74.0,-7.933898412704195
4,74.5,-7.073331223175039
4,75.0,-6.501445390068448
4,75.5,-6.189530771467832
4,76.0,-6.15486254987645
4,76.5,-6.388750286616694
4,77.0,-6.906145350603325
4,77.5,-7.70148112480483
4,78.0,-8.77875374139151
4,78.5,-10.10995766303676
4,79.0,-11.553497845436462
4,79.5,-12.868812343830498
4,80.0,-13.300812990907618
4,80.5,-12.565658436876834
4,81.0,-11.20577225276716
4,81.5,-9.713679028497872
4,82.0,-8.250207932517299
4,82.5,-6.972025749106255
4,83.0,-5.949699853249504
4,83.5,-5.13068841624739
4,84.0,-4.551146755915361
4,84.5,-4.221305280802398
4,85.0,-4.145439448325592
4,85.5,-4.33237384908673
4,86.0,-4.815614451024466
4,86.5,-5.618607284621751
4,87.0,-6.784920143492625
4,87.5,-8.337433433797957
4,88.0,-10.181891026117825
4,88.5,-12.099390721105474
4,89.0,-13.10631210586915
4,89.5,-12.50986538817569
4,90.0,-11.066433489117337
4,90.5,-9.717878059261327
4,91.0,-8.766279826294186
4,91.5,-8.238862304951232
4,92.0,-8.118529652515006
4,92.5,-8.373119221500005
4,93.0,-8.988099206753695
4,93.5,-9.920023994081545
4,94.0,-11.209310628853798
4,94.5,-12.792055504320029
4,95.0,-14.593917581804522
4,95.5,-16.46306570927188
4,96.0,-18.163004628815244
4,96.5,-19.45377096275469
4,97.0,-19.79459202977344
4,97.5,-19.256528591718848
4,98.0,-17.908421911248585
4,98.5,-16.140980187897668
4,99.0,-14.258754990498286
4,99.5,-12.589696092741498
4,100.0,-11.572943603565191
5,0.0,-8.535757782364243
5,0.5,-8.645160626428686
5,1.0,-8.961489748792804
5,1.5,-9.503293599321577
5,2.0,-10.255730902588695
5,2.5,-11.21092683452911
5,3.0,-12.338607264480665
5,3.5,-13.51977344297408
5,4.0,-14.479721361106773
5,4.5,-15.047793625687982
5,5.0,-15.394083698744844
5,5.5,-15.546398442399363
5,6.0,-15.48124556777569
5,6.5,-15.18228787189765
5,7.0,-14.709134765721698
5,7.5,-14.15045142182426
5,8.0,-13.497348293760185
5,8.5,-12.821405244038404
5,9.0,-12.248300277258576
5,9.5,-11.87192388593346
5,10.0,-11.737547448489645
5,10.5,-11.847627730067543
5,11.0,-12.19503183972757
5,11.5,-12.734119769533612
5,12.0,-13.33303335378587
5,12.5,-13.800809762790715
5,13.0,-14.107203313887972
5,13.5,-14.2799603822355
5,14.0,-14.367105172169188
5,14.5,-14.435247074760715
5,15.0,-14.542046528624642
5,15.5,-14.722565188731364
5,16.0,-14.960371971893586
5,16.5,-15.18069386334685
5,17.0,-15.27986617185686
5,17.5,-15.086050561910602
5,18.0,-14.46069346241529
5,18.5,-13.568106361936849
5,19.0,-12.675642237409704
5,19.5,-11.867024837186133
5,20.0,-11.245121749820276
5,20.5,-10.864580698382238
5,21.0,-10.727415992621674
5,21.5,-10.864514890545983
5,22.0,-11.30257995364792
5,22.5,-12.061108554502056
5,23.0,-13.125083921671443
5,23.5,-14.423866854911616
5,24.0,-15.299595103214244
5,24.5,-15.489122043407011
5,25.0,-14.938335190120773
5,25.5,-13.803986953457
5,26.0,-12.23305759854817
5,26.5,-10.49197526301776
5,27.0,-8.978647368202003
5,27.5,-7.7245488095254755
5,28.0,-6.779215881850061
5,28.5,-6.136839374424658
5,29.0,-5.78748300804513
5,29.5,-5.741152890210482
5,30.0,-6.019379046571796
5,30.5,-6.669280956623542
5,31.0,-7.782383503533587
5,31.5,-9.499480523090131
5,32.0,-12.025222067203789
5,32.5,-15.336514545693106
5,33.0,-18.76576109067514
5,33.5,-19.09810112526812
5,34.0,-14.861123722723926
5,34.5,-11.504266144476894
5,35.0,-9.411551836774183
5,35.5,-8.150861365870318
5,36.0,-7.54419765696512
5,36.5,-7.472411879025227
5,37.0,-7.947678599894097
5,37.5,-8.997601317556608
5,38.0,-10.841118321784611
5,38.5,-12.961171390406513
5,39.0,-14.482392467317116
5,39.5,-13.794937395058914
5,40.0,-11.361742468455
5,40.5,-9.053335951729942
5,41.0,-7.282194079298194
5,41.5,-6.002336553079504
5,42.0,-5.146822174139097
5,42.5,-4.68551797250335
5,43.0,-4.557661923433889
5,43.5,-4.758096325741274
5,44.0,-5.260801268662915
5,44.5,-6.093327550089018
5,45.0,-7.240341620162647
5,45.5,-8.712627705725783
5,46.0,-10.5080392688086
5,46.5,-12.525013504482542
5,47.0,-14.603662401689958
5,47.5,-15.182614273265033
5,48.0,-14.13658576252982
5,48.5,-13.057469607995891
5,49.0,-12.172863147814924
5,49.5,-11.414028779449788
5,50.0,-10.820617793513842
5,50.5,-10.348586452205232
5,51.0,-9.891527586815815
5,51.5,-9.42422370208044
5,52.0,-8.961790714322728
5,52.5,-8.5519341706806
5,53.0,-8.248995263976944
5,53.5,-8.055865729771433
5,54.0,-7.968087687539878
5,54.5,-7.938851921177623
5,55.0,-7.928921903256296
5,55.5,-7.936596610810674
5,56.0,-7.9575918434889825
5,56.5,-7.979896493453092
5,57.0,-8.019440104064556
5,57.5,-8.121673302022284
5,58.0,-8.320028699552001
5,58.5,-8.632036952640204
5,59.0,-9.05333311647089
5,59.5,-9.547124506386952
5,60.0,-10.089319693548154
5,60.5,-10.6094511489686
5,61.0,-11.12751587908069
5,61.5,-11.67287490015216
5,62.0,-12.188335255360926
5,62.5,-12.634236118273366
5,63.0,-12.96655900156741
5,63.5,-12.534342690607875
5,64.0,-11.598762195576084
5,64.5,-10.736559472880195
5,65.0,-10.156675538577744
5,65.5,-9.859696977637787
5,66.0,-9.839198988261904
5,66.5,-10.092281760378626
5,67.0,-10.62707264264001
5,67.5,-11.469711032962335
5,68.0,-12.650506797517926
5,68.5,-14.178037088542377
5,69.0,-16.227002503998555
5,69.5,-18.835834694346847
5,70.0,-21.508872323164468
5,70.5,-21.875344064914845
5,71.0,-19.81975830531061
5,71.5,-16.724931089599643
5,72.0,-14.353930313379704
5,72.5,-12.66905644429368
5,73.0,-11.378995747642222
5,73.5,-10.426282446217234
5,74.0,-9.749235326072249
5,74.5,-9.302681573683516
5,75.0,-9.073371187622604
5,75.5,-9.04068769100455
5,76.0,-9.217485645272342
5,76.5,-9.607774071373557
5,77.0,-10.262401204200074
5,77.5,-11.2024198020749
5,78.0,-12.458414489979685
5,78.5,-13.95209132853972
5,79.0,-15.316666134067017
5,79.5,-16.344627267075783
5,80.0,-16.663660366352783
5,80.5,-15.115658385947883
5,81.0,-13.066670972214023
5,81.5,-11.399228072466956
5,82.0,-10.05767976553132
5,82.5,-9.06370904275112
5,83.0,-8.400254804431187
5,83.5,-7.995154420225426
5,84.0,-7.848389987794777
5,84.5,-7.952573113002671
5,85.0,-8.29782949311582
5,85.5,-8.868321977517745
5,86.0,-9.7083717968944
5,86.5,-10.815195065546662
5,87.0,-12.2158572122455
5,87.5,-13.926684668514527
5,88.0,-15.88363916575492
5,88.5,-18.073885864838
5,89.0,-20.177512975680614
5,89.5,-22.155944795405485
5,90.0,-24.203375240002163
5,90.5,-25.776589461867903
5,91.0,-25.95167575183656
5,91.5,-25.79715019398855
5,92.0,-24.486349872392555
5,92.5,-22.52143649863736
5,93.0,-21.06580280070689
5,93.5,-20.14843762433201
5,94.0,-19.68253267515538
5,94.5,-19.68190011315461
5,95.0,-20.16469960338636
5,95.5,-21.1213763947924
5,96.0,-22.04878364577284
5,96.5,-23.2578774199184
5,97.0,-24.749266567611063
5,97.5,-25.456293728007807
5,98.0,-23.50138332700492
5,98.5,-20.96656240459999
5,99.0,-19.028463163214195
5,99.5,-17.73495569650399
5,100.0,-17.132517753295343
6,0.0,-18.537188951983516
6,0.5,-18.03092493530066
6,1.0,-17.077168126156597
6,1.5,-16.01410270974176
6,2.0,-15.043594059066914
6,2.5,-14.269579545026916
6,3.0,-13.743333448433535
6,3.5,-13.502090811601702
6,4.0,-13.544883373057564
6,4.5,-13.86942644521858
6,5.0,-14.3898430483817
6,5.5,-14.767789296498416
6,6.0,-14.727226194659169
6,6.5,-14.454299542193558
6,7.0,-14.057156943887067
6,7.5,-13.542751254458556
6,8.0,-12.946398979491972
6,8.5,-12.437709987665
6,9.0,-12.12172471724928
6,9.5,-12.031619577094364
6,10.0,-12.154960263635848
6,10.5,-12.422261850468333
6,11.0,-12.661209186310533
6,11.5,-12.769701330780608
6,12.0,-12.763064895673224
6,12.5,-12.68024790557149
6,13.0,-12.58345740707853
6,13.5,-12.55432249493256
6,14.0,-12.647923144728018
6,14.5,-12.834052875279404
6,15.0,-13.146950776385788
6,15.5,-13.820957664324824
6,16.0,-14.824128829737136
6,16.5,-15.724645402066804
6,17.0,-16.862503787013807
6,17.5,-17.82313965998603
6,18.0,-17.55918170571741
6,18.5,-16.42992048397822
6,19.0,-15.120540460842555
6,19.5,-14.185184706709094
6,20.0,-13.801205079401058
6,20.5,-13.90102254689577
6,21.0,-14.345116601540814
6,21.5,-15.027949643658928
6,22.0,-15.693267298739904
6,22.5,-15.35871368206027
6,23.0,-13.851627075885494
6,23.5,-11.916127027670456
6,24.0,-10.108862399202572
6,24.5,-8.651970260598116
6,25.0,-7.5712062873806225
6,25.5,-6.864366519022239
6,26.0,-6.455803196630444
6,26.5,-6.342321049152132
6,27.0,-6.5017144494826775
6,27.5,-6.934899864942581
6,28.0,-7.634643713033766
6,28.5,-8.604273595106736
6,29.0,-9.818502733402482
6,29.5,-11.155893685027491
6,30.0,-12.482305554276127
6,30.5,-13.391899684662784
6,31.0,-13.577081433597968
6,31.5,-12.97517822991882
6,32.0,-11.917936358218231
6,32.5,-10.9136227524166
6,33.0,-10.186120131369144
6,33.5,-9.78579458160497
6,34.0,-9.691674778755552
6,34.5,-9.908747115374103
6,35.0,-10.41407738382632
6,35.5,-11.109301907999944
6,36.0,-11.750759301591923
6,36.5,-12.05451620058785
6,37.0,-11.801421110839817
6,37.5,-11.013324726217416
6,38.0,-9.807344085041386
6,38.5,-8.482409696026966
6,39.0,-7.260849126403486
6,39.5,-6.240689428585994
6,40.0,-5.476745145316412
6,40.5,-4.92813543402843
6,41.0,-4.619584342603222
6,41.5,-4.55764781881383
6,42.0,-4.742359101516969
6,42.5,-5.170064962316022
6,43.0,-5.883948223133426
6,43.5,-6.895590618756053
6,44.0,-8.200614982042058
6,44.5,-9.93067353153859
6,45.0,-12.089520067478386
6,45.5,-14.500728688186433
6,46.0,-15.96078502845266
6,46.5,-15.523244343062595
6,47.0,-14.137745733093531
6,47.5,-12.765498534983506
6,48.0,-11.73389158539593
6,48.5,-11.105181403091445
6,49.0,-10.87557145735449
6,49.5,-11.010928051678537
6,50.0,-11.50744285771803
6,50.5,-12.340078850584169
6,51.0,-13.576454237099869
6,51.5,-15.208229989589451
6,52.0,-17.20290607008306
6,52.5,-17.410862714561308
6,53.0,-14.59359959313592
6,53.5,-12.177303079344023
6,54.0,-10.331198243251716
6,54.5,-8.982631582438634
6,55.0,-8.060748165761707
6,55.5,-7.545374177013995
6,56.0,-7.388135184306502
6,56.5,-7.608077368801617
6,57.0,-8.209283966631679
6,57.5,-9.277498767799903
6,58.0,-10.87116521391052
6,58.5,-13.095390066654865
6,59.0,-15.831990595827175
6,59.5,-17.8461226577614
6,60.0,-17.382663323621095
6,60.5,-15.920368229213048
6,61.0,-14.10764085476746
6,61.5,-12.545401537036277
6,62.0,-11.629781574308442
6,62.5,-11.18419090926088
6,63.0,-11.130139500694067
6,63.5,-11.357831636179458
6,64.0,-11.76532091586956
6,64.5,-12.217869825542724
6,65.0,-12.587832085476917
6,65.5,-12.801337170044302
6,66.0,-12.905576202661374
6,66.5,-13.049289460434052
6,67.0,-13.314672868387389
6,67.5,-13.650905918510867
6,68.0,-13.91122293843191
6,68.5,-13.985104507839909
6,69.0,-13.745770107231063
6,69.5,-13.050116566649663
6,70.0,-12.065303402459124
6,70.5,-11.043609176165573
6,71.0,-10.207659361117951
6,71.5,-9.65355192113462
6,72.0,-9.41168452191633
6,72.5,-9.486577230432736
6,73.0,-9.866086250967705
6,73.5,-10.499575780317652
6,74.0,-11.306288761988226
6,74.5,-12.17117474595541
6,75.0,-12.89830682768054
6,75.5,-13.260563665396877
6,76.0,-13.04436341366182
6,76.5,-12.361593768699477
6,77.0,-11.589517021334665
6,77.5,-11.084403019713545
6,78.0,-10.960172774584844
6,78.5,-11.226820498476949
6,79.0,-11.8467178178518
6,79.5,-12.779564573276309
6,80.0,-13.740336990699475
6,80.5,-14.058632200919888
6,81.0,-13.49833909122417
6,81.5,-12.59477912356323
6,82.0,-11.65131602191377
6,82.5,-10.879119972601474
6,83.0,-10.389084610714356
6,83.5,-10.191225588149864
6,84.0,-10.308181517453072
6,84.5,-10.729654712010856
6,85.0,-11.40204643073596
6,85.5,-12.200100493639026
6,86.0,-12.995157873827049
6,86.5,-13.547678990317408
6,87.0,-13.72628460988577
6,87.5,-13.610598481004802
6,88.0,-13.410781142308698
6,88.5,-13.316695509436704
6,89.0,-13.460742938559072
6,89.5,-13.880579099944624
6,90.0,-14.568814175177208
6,90.5,-15.335340289233075
6,91.0,-15.746947402234111
6,91.5,-15.349823976647516
6,92.0,-14.303866079783624
6,92.5,-12.986762211304708
6,93.0,-11.715838186681932
6,93.5,-10.6560386835729
6,94.0,-9.78177590985278
6,94.5,-9.119255813059604
6,95.0,-8.644387754727498
6,95.5,-8.318376903288389
6,96.0,-8.113646558546588
6,96.5,-7.989014281772739
6,97.0,-7.932734271552302
6,97.5,-7.939151160559303
6,98.0,-8.010635982163583
6,98.5,-8.153918424136961
6,99.0,-8.393524040624815
6,99.5,-8.741023604518828
6,100.0,-9.066923602418782
7,0.0,-27.1412184011743
7,0.5,-25.071108946633892
7,1.0,-21.663394060231305
7,1.5,-18.16283008627569
7,2.0,-15.078646054577202
7,2.5,-12.560643190702066
7,3.0,-10.5430098393949
7,3.5,-8.999741266450867
7,4.0,-7.778338162882555
7,4.5,-6.890936516890048
7,5.0,-6.322537044825265
7,5.5,-6.057667426771615
7,6.0,-6.096715007464759
7,6.5,-6.453852159077212
7,7.0,-7.148452169432503
7,7.5,-8.173102152428193
7,8.0,-9.60177397011158
7,8.5,-11.360866315540544
7,9.0,-13.355832560944949
7,9.5,-15.399873892431671
7,10.0,-15.981392844896574
7,10.5,-14.506896931338828
7,11.0,-12.53064037050626
7,11.5,-11.015939341716884
7,12.0,-10.087120389553936
7,12.5,-9.64877692376111
7,13.0,-9.58313456180996
7,13.5,-9.834555712165349
7,14.0,-10.33367463094195
7,14.5,-11.071462246071324
7,15.0,-11.995243034549713
7,15.5,-13.056769378990216
7,16.0,-14.192432117088094
7,16.5,-15.35158329067495
7,17.0,-16.704082502129115
7,17.5,-18.402072638504016
7,18.0,-20.7129349162814
7,18.5,-23.08048774630824
7,19.0,-22.274284571884944
7,19.5,-20.148370925512857
7,20.0,-17.83004352674442
7,20.5,-15.833406920134127
7,21.0,-14.189588538994007
7,21.5,-12.993340791654427
7,22.0,-12.25991296789718
7,22.5,-11.981181774022389
7,23.0,-12.15669998299238
7,23.5,-12.800216332267045
7,24.0,-13.85333328097809
7,24.5,-14.978653728712716
7,25.0,-15.204376467623346
7,25.5,-13.827684726177743
7,26.0,-11.66090381360264
7,26.5,-9.661183795834235
7,27.0,-8.10495542906243
7,27.5,-6.899522670140414
7,28.0,-6.058844259671087
7,28.5,-5.5548078487048125
7,29.0,-5.352115298082385
7,29.5,-5.424681929426172
7,30.0,-5.753303151425171
7,30.5,-6.309283497096153
7,31.0,-7.065965586201798
7,31.5,-7.987487753920384
7,32.0,-9.011277372671117
7,32.5,-10.16845933043529
7,33.0,-11.387413234482697
7,33.5,-12.562683600277833
7,34.0,-13.455242001640205
7,34.5,-13.47082101896508
7,35.0,-13.329236454882093
7,35.5,-13.577400483745825
7,36.0,-14.253820412817268
7,36.5,-15.384053487690906
7,37.0,-16.520359527710916
7,37.5,-16.623338515318938
7,38.0,-15.940554047893851
7,38.5,-15.05265019989088
7,39.0,-14.149957200171148
7,39.5,-13.244681295970024
7,40.0,-12.544706489969805
7,40.5,-12.1392069466094
7,41.0,-12.040102439165372
7,41.5,-12.180209977010843
7,42.0,-12.444552919186846
7,42.5,-12.674969047490796
7,43.0,-12.44590279250532
7,43.5,-10.907379888588364
7,44.0,-9.262301080978071
7,44.5,-7.791535867984453
7,45.0,-6.584868586036145
7,45.5,-5.650282984290573
7,46.0,-4.972374687593606
7,46.5,-4.552089331644904
7,47.0,-4.352591627032565
7,47.5,-4.379858103195583
7,48.0,-4.634801080053365
7,48.5,-5.112444420655426
7,49.0,-5.792720378829992
7,49.5,-6.716143087204758
7,50.0,-7.842553428822304
7,50.5,-9.06166923732656
7,51.0,-10.25973852583119
7,51.5,-11.155555786666184
7,52.0,-11.63558793699247
7,52.5,-11.626279100593882
7,53.0,-11.070329078407369
7,53.5,-10.13492095111255
7,54.0,-9.146535553124425
7,54.5,-8.310114124501881
7,55.0,-7.700162921344298
7,55.5,-7.349189585396159
7,56.0,-7.24367681895092
7,56.5,-7.404206002832275
7,57.0,-7.833489957764254
7,57.5,-8.583906204018216
7,58.0,-9.675848311590403
7,58.5,-11.14631217655446
7,59.0,-12.912747408954978
7,59.5,-14.299726875877589
7,60.0,-14.833967806490431
7,60.5,-14.548004105595238
7,61.0,-13.601741889646448
7,61.5,-12.379454780597436
7,62.0,-11.286445320847342
7,62.5,-10.449200410826132
7,63.0,-9.947208890652917
7,63.5,-9.778854549893824
7,64.0,-9.914030652363309
7,64.5,-10.33415804876425
7,65.0,-11.010099275275609
7,65.5,-11.881096795627146
7,66.0,-12.827542234998544
7,66.5,-13.754627789944044
7,67.0,-14.376722513766367
7,67.5,-14.335731311348113
7,68.0,-13.649457114994242
7,68.5,-12.950325242703403
7,69.0,-12.490565503187174
7,69.5,-12.363277968308443
7,70.0,-12.59649146335934
7,70.5,-13.244351520229907
7,71.0,-14.355900141753985
7,71.5,-16.015807362079162
7,72.0,-18.236417709845384
7,72.5,-20.57306477674807
7,73.0,-21.17000693137914
7,73.5,-18.74295128186744
7,74.0,-16.108095457971228
7,74.5,-14.029049217824028
7,75.0,-12.548468077572764
7,75.5,-11.485335160195682
7,76.0,-10.817228530958138
7,76.5,-10.510303473976522
7,77.0,-10.521367743085026
7,77.5,-10.850221986017893
7,78.0,-11.500975190333865
7,78.5,-12.461156382240908
7,79.0,-13.656587684505263
7,79.5,-15.024503616630586
7,80.0,-16.188030266759476
7,80.5,-16.666699976693618
7,81.0,-16.354368387767597
7,81.5,-15.626697874356516
7,82.0,-14.860026954453431
7,82.5,-14.316766692428724
7,83.0,-14.106163472318892
7,83.5,-14.250773444137414
7,84.0,-14.75474046752359
7,84.5,-15.565118472043691
7,85.0,-16.473580082716875
7,85.5,-17.012666622429702
7,86.0,-16.74003009445242
7,86.5,-15.751027129975036
7,87.0,-14.518987951676085
7,87.5,-13.358468463556797
7,88.0,-12.42975473625665
7,88.5,-11.72490324446832
7,89.0,-11.28263849691611
7,89.5,-11.097718268775584
7,90.0,-11.132563786602311
7,90.5,-11.349843601662297
7,91.0,-11.68021485464265
7,91.5,-12.011931321069508
7,92.0,-12.20161858432952
7,92.5,-12.138121159673023
7,93.0,-11.7776666025121
7,93.5,-11.205796495844034
7,94.0,-10.512984438311571
7,94.5,-9.83238906356481
7,95.0,-9.24440717685711
7,95.5,-8.789905507362043
7,96.0,-8.49617401165803
7,96.5,-8.348085043310094
7,97.0,-8.347676419557725
7,97.5,-8.481166877596834
7,98.0,-8.719468528242968
7,98.5,-9.01650667053514
7,99.0,-9.343877718462812
7,99.5,-9.64324761843922
7,100.0,-9.822053129716464
8,0.0,-15.661447334050765
8,0.5,-15.490814108022676
8,1.0,-15.375767145877612
8,1.5,-15.437407527780593
8,2.0,-15.638280916182325
8,2.5,-15.883359689494084
8,3.0,-16.018514747718807
8,3.5,-15.838791811847642
8,4.0,-15.246713800215868
8,4.5,-14.480821625667025
8,5.0,-13.775656953297446
8,5.5,-13.224867487605298
8,6.0,-12.867148998326051
8,6.5,-12.682644984464869
8,7.0,-12.67364979734788
8,7.5,-12.818189526028974
8,8.0,-13.090912883190988
8,8.5,-13.42211330232699
8,9.0,-13.714111728387682
8,9.5,-13.87465508904671
8,10.0,-13.842141833715704
8,10.5,-13.582476086786444
8,11.0,-13.108044794869162
8,11.5,-12.477188863396096
8,12.0,-11.786216885209958
8,12.5,-11.148509397309704
8,13.0,-10.598656253400014
8,13.5,-10.204973998583757
8,14.0,-10.004449309464452
8,14.5,-10.00748058626356
8,15.0,-10.242684488145516
8,15.5,-10.743842579355974
8,16.0,-11.54466971581467
8,16.5,-12.662490054318026
8,17.0,-14.230678602800102
8,17.5,-16.250173175338876
8,18.0,-18.56666186182301
8,18.5,-19.52044711056708
8,19.0,-17.566032255132168
8,19.5,-15.105587018274392
8,20.0,-13.050294099124455
8,20.5,-11.560644078383367
8,21.0,-10.495711936812
8,21.5,-9.857711263444084
8,22.0,-9.635896159138497
8,22.5,-9.831385659400338
8,23.0,-10.464740844071054
8,23.5,-11.65167277801531
8,24.0,-13.453984072677155
8,24.5,-15.62643733802399
8,25.0,-16.332394650534127
8,25.5,-14.455617063167834
8,26.0,-11.711665092390314
8,26.5,-9.22060479851321
8,27.0,-7.260358650453987
8,27.5,-5.685441870007825
8,28.0,-4.494870265882684
8,28.5,-3.641238898272447
8,29.0,-3.0790391857856108
8,29.5,-2.791783772489246
8,30.0,-2.7453303572876457
8,30.5,-2.9396381460992096
8,31.0,-3.3750746619454066
8,31.5,-4.044350600280986
8,32.0,-4.915552185840709
8,32.5,-6.0284748209112085
8,33.0,-7.320008657726941
8,33.5,-8.677340235027183
8,34.0,-10.073457619409597
8,34.5,-11.342206730498932
8,35.0,-12.401207922618
8,35.5,-13.221666320574588
8,36.0,-13.809615224206883
8,36.5,-14.488791602130194
8,37.0,-15.449474613790931
8,37.5,-16.507746913868235
8,38.0,-17.380857820221706
8,38.5,-17.193793768845392
8,39.0,-15.442850431030044
8,39.5,-12.728086898187987
8,40.0,-10.59597528528449
8,40.5,-8.963362985168617
8,41.0,-7.783362064536519
8,41.5,-6.9922708461050656
8,42.0,-6.537072304596877
8,42.5,-6.394152586208187
8,43.0,-6.536865386788848
8,43.5,-6.958285943405485
8,44.0,-7.626749173673569
8,44.5,-8.564496701667924
8,45.0,-9.706258474293149
8,45.5,-10.956030257962594
8,46.0,-12.132101915103323
8,46.5,-12.964418594088508
8,47.0,-13.358455878008106
8,47.5,-13.429201580253055
8,48.0,-13.39859749597089
8,48.5,-13.395403811811388
8,49.0,-13.511247288857987
8,49.5,-13.850935877524368
8,50.0,-14.447084354676289
8,50.5,-15.247433466652948
8,51.0,-16.286050448534414
8,51.5,-17.54352220424706
8,52.0,-18.934415467824504
8,52.5,-20.27386548354812
8,53.0,-21.385619907592204
8,53.5,-21.84514323433005
8,54.0,-20.632116146485817
8,54.5,-18.377610318816277
8,55.0,-16.495240141432735
8,55.5,-15.10012410076347
8,56.0,-14.044876729933357
8,56.5,-13.317364073588884
8,57.0,-12.880361769810516
8,57.5,-12.641538608421508
8,58.0,-12.51542010321975
8,58.5,-12.3613818753888
8,59.0,-12.05351028117735
8,59.5,-11.57162129069309
8,60.0,-10.933276207597554
8,60.5,-10.21599518654508
8,61.0,-9.462872411217155
8,61.5,-8.692259962013168
8,62.0,-7.932656048037071
8,62.5,-7.18240634895826
8,63.0,-6.552760520686679
8,63.5,-6.124408355429974
8,64.0,-5.905082646719133
8,64.5,-5.927651673258531
8,65.0,-6.216896754551109
8,65.5,-6.79505066590721
8,66.0,-7.6773305658687745
8,66.5,-8.98978035362505
8,67.0,-10.822396555530515
8,67.5,-13.397471013960608
8,68.0,-17.03883678276381
8,68.5,-21.081688096025644
8,69.0,-20.91392634905903
8,69.5,-17.465748802068514
8,70.0,-14.43817637672128
8,70.5,-12.34198980216784
8,71.0,-10.988552208790148
8,71.5,-10.16304557582786
8,72.0,-9.712921028461238
8,72.5,-9.537659177901451
8,73.0,-9.524173912176977
8,73.5,-9.56845703140317
8,74.0,-9.554880759144984
8,74.5,-9.40919087328738
8,75.0,-9.15461967139029
8,75.5,-8.864202675148787
8,76.0,-8.643086098871198
8,76.5,-8.567546614427343
8,77.0,-8.679464143998203
8,77.5,-8.998215691559324
8,78.0,-9.505191237895191
8,78.5,-10.10875503123381
8,79.0,-10.613076503607063
8,79.5,-10.811982333144138
8,80.0,-10.576627704439945
8,80.5,-10.02029361150572
8,81.0,-9.369724405695012
8,81.5,-8.825245032475188
8,82.0,-8.481265697112613
8,82.5,-8.439890248702602
8,83.0,-8.756763834211725
8,83.5,-9.521773059681452
8,84.0,-10.823880519793668
8,84.5,-12.848995135302212
8,85.0,-15.88589744945749
8,85.5,-19.97040091676688
8,86.0,-22.03291936123386
8,86.5,-19.15880533491911
8,87.0,-15.98216586867632
8,87.5,-13.905506477515074
8,88.0,-12.798274285574667
8,88.5,-12.401328437483542
8,89.0,-12.66674743341818
8,89.5,-13.555399674235096
8,90.0,-15.145294540508436
8,90.5,-17.324665020842826
8,91.0,-19.26496340564941
8,91.5,-18.98149161100521
8,92.0,-17.106578217971368
8,92.5,-15.236228915324888
8,93.0,-13.95271960887066
8,93.5,-13.33627804057137
8,94.0,-13.319110016667222
8,94.5,-13.88593414622182
8,95.0,-14.961216491569129
8,95.5,-16.196002227304795
8,96.0,-16.704321195680674
8,96.5,-15.795572404565783
8,97.0,-14.059345911934203
8,97.5,-12.390653403653353
8,98.0,-11.154578532862256
8,98.5,-10.451812954606885
8,99.0,-10.255035608726756
8,99.5,-10.618010929722963
8,100.0,-11.26357826937981
9,0.0,-17.181296514013383
9,0.5,-17.01415905301154
9,1.0,-16.61675136142367
9,1.5,-16.082523441387504
9,2.0,-15.475002189601687
9,2.5,-14.83599968755953
9,3.0,-14.214513113332472
9,3.5,-13.660928267867886
9,4.0,-13.155924770391366
9,4.5,-12.71963132940585
9,5.0,-12.3480978515897
9,5.5,-12.027935571918947
9,6.0,-11.74877509666841
9,6.5,-11.467056526524942
9,7.0,-11.16474371556616
9,7.5,-10.835528858585544
9,8.0,-10.460341497264755
9,8.5,-10.064455189864056
9,9.0,-9.66627606679981
9,9.5,-9.281293597630174
9,10.0,-8.931053167828564
9,10.5,-8.59910288541646
9,11.0,-8.294157727670182
9,11.5,-8.00490111128109
9,12.0,-7.727061706471769
9,12.5,-7.500468156458094
9,13.0,-7.363571773382207
9,13.5,-7.364172256900562
9,14.0,-7.526244652140138
9,14.5,-7.883320903102508
9,15.0,-8.446969081371355
9,15.5,-9.219048857199466
9,16.0,-10.130875707288236
9,16.5,-10.94561668118341
9,17.0,-11.377771718487514
9,17.5,-11.125374536126412
9,18.0,-10.252574716531054
9,18.5,-9.236714598007165
9,19.0,-8.364466498485225
9,19.5,-7.698555568371692
9,20.0,-7.316543543983028
9,20.5,-7.2430602619414755
9,21.0,-7.484221358115435
9,21.5,-8.038563946941522
9,22.0,-8.885104176290868
9,22.5,-9.997367043978551
9,23.0,-11.349734575799673
9,23.5,-13.002428658480373
9,24.0,-14.57605122544229
9,24.5,-14.532423012292767
9,25.0,-12.589598649003864
9,25.5,-10.850003050572957
9,26.0,-9.677945336909184
9,26.5,-9.080585807784823
9,27.0,-9.006776935403195
9,27.5,-9.416875870351792
9,28.0,-10.254050472518854
9,28.5,-11.278872613885936
9,29.0,-11.784601182992963
9,29.5,-11.06833322654694
9,30.0,-9.412453615767092
9,30.5,-7.663556562007963
9,31.0,-6.172286250294339
9,31.5,-5.00673099901113
9,32.0,-4.197733344457405
9,32.5,-3.68623428853818
9,33.0,-3.4898174806784765
9,33.5,-3.603140306878664
9,34.0,-4.040221342827615
9,34.5,-4.815093080966956
9,35.0,-5.965929116442773
9,35.5,-7.526986122471339
9,36.0,-9.463180965619417
9,36.5,-11.731100767071618
9,37.0,-13.5728853803736
9,37.5,-14.329571846042754
9,38.0,-14.038592431519213
9,38.5,-13.152882763005834
9,39.0,-12.248440751900608
9,39.5,-11.598031525809771
9,40.0,-11.233531078257984
9,40.5,-11.031965522302755
9,41.0,-10.868254805650404
9,41.5,-10.655411646866511
9,42.0,-10.397869720678647
9,42.5,-10.143649642892942
9,43.0,-9.900350215057182
9,43.5,-9.662769351077642
9,44.0,-9.41448865767019
9,44.5,-9.1546752967961
9,45.0,-8.934987144051934
9,45.5,-8.775508823135457
9,46.0,-8.650150353676583
9,46.5,-8.518099335727351
9,47.0,-8.345011203118268
9,47.5,-8.159397700641588
9,48.0,-8.027305178101418
9,48.5,-8.011085821937348
9,49.0,-8.140603876302684
9,49.5,-8.421130980374201
9,50.0,-8.8040535625311
9,50.5,-9.188366078389173
9,51.0,-9.46379079973131
9,51.5,-9.45331032773165
9,52.0,-9.019540845858034
9,52.5,-8.20776410028391
9,53.0,-7.243281746526259
9,53.5,-6.272392337780796
9,54.0,-5.450950037300712
9,54.5,-4.843160270683477
9,55.0,-4.4689814017880805
9,55.5,-4.341832165636413
9,56.0,-4.459448531451505
9,56.5,-4.832553869292793
9,57.0,-5.452131051503918
9,57.5,-6.372204021584863
9,58.0,-7.592471577960481
9,58.5,-9.135705395040551
9,59.0,-10.968264926432012
9,59.5,-12.74290717192872
9,60.0,-13.685904991997552
9,60.5,-13.396690989053642
9,61.0,-12.702737989177487
9,61.5,-11.993107600281112
9,62.0,-11.432452765945348
9,62.5,-11.05081386954862
9,63.0,-10.84681296919502
9,63.5,-10.741668593398506
9,64.0,-10.62234183946994
9,64.5,-10.423194931022907
9,65.0,-10.126858681536955
9,65.5,-9.749425258119068
9,66.0,-9.33168697435702
9,66.5,-8.88963489537254
9,67.0,-8.491134230119036
9,67.5,-8.200039523895617
9,68.0,-8.073470046734883
9,68.5,-8.162034086715371
9,69.0,-8.52420003837224
9,69.5,-9.21629372699398
9,70.0,-10.283465272645673
9,70.5,-11.912244364120056
9,71.0,-14.251556681932644
9,71.5,-17.430020379841828
9,72.0,-19.856131814219683
9,72.5,-18.34249738842632
9,73.0,-15.351688216022897
9,73.5,-12.922177047398948
9,74.0,-11.17342606037752
9,74.5,-9.982844560999252
9,75.0,-9.274035991061552
9,75.5,-8.931956799378362
9,76.0,-8.929974459834103
9,76.5,-9.21912349487643
9,77.0,-9.77150892075248
9,77.5,-10.509658767932434
9,78.0,-11.324373299552343
9,78.5,-12.057832878639791
9,79.0,-12.529295953924011
9,79.5,-12.6611697141394
9,80.0,-12.395432816967055
9,80.5,-11.784426684966832
9,81.0,-11.06798476353556
9,81.5,-10.435357327806251
9,82.0,-9.907393966653636
9,82.5,-9.518354259836098
9,83.0,-9.272677388131877
9,83.5,-9.143567843206522
9,84.0,-9.125042010086087
9,84.5,-9.206167509704798
9,85.0,-9.374477154847227
9,85.5,-9.614702972005537
9,86.0,-9.935736711280292
9,86.5,-10.324431507506544
9,87.0,-10.77540856325274
9,87.5,-11.279647834800569
9,88.0,-11.813715142508354
9,88.5,-12.410621507365786
9,89.0,-13.067206425544152
9,89.5,-13.791803887636622
9,90.0,-14.66988859605286
9,90.5,-15.695701709938463
9,91.0,-16.79777436770725
9,91.5,-17.724991453102962
9,92.0,-18.04488360747284
9,92.5,-17.465304939868187
9,93.0,-16.241974540298553
9,93.5,-14.91940653858668
9,94.0,-13.718765332670348
9,94.5,-12.80452442294951
9,95.0,-12.22766256359579
9,95.5,-11.999032535181364
9,96.0,-12.131083112862688
9,96.5,-12.662316710349684
9,97.0,-13.644635691747482
9,97.5,-15.19581639678465
9,98.0,-17.51252304678951
9,98.5,-20.924756803956523
9,99.0,-25.96708655943416
9,99.5,-28.151131357265903
9,100.0,-26.09611860562193
10,0.0,-16.62309369271385
10,0.5,-15.962041681673346
10,1.0,-14.720129595266428
10,1.5,-13.39856683588193
10,2.0,-12.237791715702093
10,2.5,-11.311446971560231
10,3.0,-10.635889890283062
10,3.5,-10.23134564048117
10,4.0,-10.07945040631595
10,4.5,-10.20358186049236
10,5.0,-10.626894934266929
10,5.5,-11.36756031180534
10,6.0,-12.417832740014823
10,6.5,-13.810200177664736
10,7.0,-15.118970493094809
10,7.5,-15.937814906020504
10,8.0,-16.191262109974705
10,8.5,-16.00749735896121
10,9.0,-15.777442291809855
10,9.5,-15.55105009794134
10,10.0,-15.4081752844596
10,10.5,-15.48856133294225
10,11.0,-15.865107584220356
10,11.5,-16.543897718806246
10,12.0,-17.559885790264108
10,12.5,-18.96239466054433
10,13.0,-20.88827996485078
10,13.5,-22.661711212882206
10,14.0,-21.748996941057623
10,14.5,-19.85600408775568
10,15.0,-18.523161032951936
10,15.5,-17.775085813358356
10,16.0,-17.309956049408033
10,16.5,-16.823283037133223
10,17.0,-16.20052196504639
10,17.5,-15.43392360603279
10,18.0,-14.319720366324512
10,18.5,-12.852782374830609
10,19.0,-11.393430875816865
10,19.5,-9.971855465984062
10,20.0,-8.731865430517443
10,20.5,-7.808356961232206
10,21.0,-7.171664978069556
10,21.5,-6.848726726849836
10,22.0,-6.84419085835587
10,22.5,-7.157296261790561
10,23.0,-7.781100988571676
10,23.5,-8.764688430331525
10,24.0,-10.050162809330274
10,24.5,-11.414074540364563
10,25.0,-12.580966171042144
10,25.5,-13.639778231576434
10,26.0,-14.187051356949452
10,26.5,-13.867097284478987
10,27.0,-12.395893587717516
10,27.5,-10.691215878315454
10,28.0,-9.491430684135397
10,28.5,-8.776036695111406
10,29.0,-8.473931228765458
10,29.5,-8.551775584719117
10,30.0,-8.94060745064793
10,30.5,-8.945354449196238
10,31.0,-8.950879991162735
10,31.5,-9.252179323231838
10,32.0,-9.789985283617904
10,32.5,-10.459141400750052
10,33.0,-10.901809581063429
10,33.5,-10.72542659186876
10,34.0,-10.02251288971256
10,34.5,-9.203184908274752
10,35.0,-8.534653052893828
10,35.5,-8.122268662619438
10,36.0,-8.002754635161043
10,36.5,-8.170606429063918
10,37.0,-8.609702882068767
10,37.5,-9.25207939958476
10,38.0,-10.07861830329948
10,38.5,-11.041490165654006
10,39.0,-11.93831183841392
10,39.5,-12.456701619752282
10,40.0,-12.928320912318156
10,40.5,-13.569004193460756
10,41.0,-13.55994354073158
10,41.5,-13.146838461815964
10,42.0,-13.030649529528633
10,42.5,-12.95668147845
10,43.0,-12.838138949967332
10,43.5,-12.920378902043025
10,44.0,-13.24085060848579
10,44.5,-13.741629482241915
10,45.0,-14.167552428727692
10,45.5,-14.35748591523249
10,46.0,-14.482357648677668
10,46.5,-14.536487526277412
10,47.0,-14.297780398062557
10,47.5,-13.65716233078484
10,48.0,-12.497141587143611
10,48.5,-10.876312740595688
10,49.0,-9.25226224276638
10,49.5,-7.805909592175119
10,50.0,-6.667947343947146
10,50.5,-5.878898089295242
10,51.0,-5.394920441505216
10,51.5,-5.25100510760809
10,52.0,-5.475484516044075
10,52.5,-6.094923775694225
10,53.0,-7.121290707972125
10,53.5,-8.646382744407742
10,54.0,-10.284781521701502
10,54.5,-10.947006080459447
10,55.0,-10.963326229348796
10,55.5,-9.795853502312436
10,56.0,-7.795441431093152
10,56.5,-6.007658642175389
10,57.0,-4.733994788205315
10,57.5,-3.896708413701243
10,58.0,-3.4951994411966285
10,58.5,-3.515054163894124
10,59.0,-3.9507712295706727
10,59.5,-4.806769235257143
10,60.0,-6.2031190877545495
10,60.5,-8.217469236271395
10,61.0,-10.957418527943153
10,61.5,-14.055865413849974
10,62.0,-16.344801477521038
10,62.5,-14.239489774389252
10,63.0,-10.653514473818236
10,63.5,-8.462656565605329
10,64.0,-7.082069994967032
10,64.5,-6.320761186506697
10,65.0,-6.059047606291928
10,65.5,-6.221658495160508
10,66.0,-6.763707526004701
10,66.5,-7.716365235981006
10,67.0,-9.081754540585695
10,67.5,-10.91079978647639
10,68.0,-13.254246555386166
10,68.5,-15.938610383284368
10,69.0,-18.04445751212228
10,69.5,-19.43535244549606
10,70.0,-20.029741325279883
10,70.5,-19.49644759644806
10,71.0,-18.47255702780902
10,71.5,-17.595683739656064
10,72.0,-17.035572783473473
10,72.5,-16.762246327490956
10,73.0,-16.00226628472538
10,73.5,-14.940546028421938
10,74.0,-14.306767183002153
10,74.5,-14.106148841651969
10,75.0,-14.362097206615518
10,75.5,-15.152749360152065
10,76.0,-16.57237258047072
10,76.5,-18.610489293179864
10,77.0,-20.70129760968581
10,77.5,-21.78787660140195
10,78.0,-20.741069511605076
10,78.5,-18.57084391715911
10,79.0,-16.391159332328186
10,79.5,-14.723934904835737
10,80.0,-13.682879914060116
10,80.5,-13.188612486803969
10,81.0,-13.174343478594963
10,81.5,-13.609968440866073
10,82.0,-14.542002389460997
10,82.5,-16.01396901667407
10,83.0,-18.054714760440916
10,83.5,-20.80773710360551
10,84.0,-23.529614855244468
10,84.5,-24.601205949886538
10,85.0,-23.31800543519867
10,85.5,-21.4474706093238
10,86.0,-19.99437164541769
10,86.5,-19.12835832406857
10,87.0,-18.787318302237505
10,87.5,-18.814723703265983
10,88.0,-18.9120526677993
10,88.5,-18.55643995064385
10,89.0,-17.63962150141818
10,89.5,-16.519854919025274
10,90.0,-15.387562102152003
10,90.5,-14.419779767484348
10,91.0,-13.679618901837488
10,91.5,-13.177536190768334
10,92.0,-12.919183445106835
10,92.5,-12.879448094294483
10,93.0,-13.05373456394831
10,93.5,-13.411941053287592
10,94.0,-13.942871245652835
10,94.5,-14.572827377328473
10,95.0,-15.185996840583885
10,95.5,-15.61063338740089
10,96.0,-15.690659145400916
10,96.5,-15.42762741662212
10,97.0,-14.974699964248517
10,97.5,-14.51455644135926
10,98.0,-14.169269695187438
10,98.5,-14.00466327882571
10,99.0,-14.034383890301726
10,99.5,-14.26333427995905
10,100.0,-14.540583341098094
11,0.0,-12.05349281276792
11,0.5,-12.42571300490986
11,1.0,-13.556004076868868
11,1.5,-15.697331624074453
11,2.0,-19.035961042506848
11,2.5,-22.296995598307085
11,3.0,-20.030837546978667
11,3.5,-15.89940329118858
11,4.0,-13.068880672166406
11,4.5,-11.29999790377414
11,5.0,-10.318729968121044
11,5.5,-9.974210443415936
11,6.0,-10.215145403845776
11,6.5,-11.077028914384313
11,7.0,-12.618606244362203
11,7.5,-14.789258307517954
11,8.0,-17.544493703521894
11,8.5,-18.53762161423688
11,9.0,-17.436803182626146
11,9.5,-15.067433213168789
11,10.0,-12.996056383811466
11,10.5,-11.608625465452608
11,11.0,-10.921578160292462
11,11.5,-10.878927837327964
11,12.0,-11.462298529157952
11,12.5,-12.70903112157892
11,13.0,-14.908954528201118
11,13.5,-18.054629646006266
11,14.0,-19.62041474829285
11,14.5,-19.47301772335955
11,15.0,-17.310525471564265
11,15.5,-14.8230422557627
11,16.0,-13.06222547886047
11,16.5,-12.07629859141086
11,17.0,-11.702751348992347
11,17.5,-11.92977219347253
11,18.0,-12.790115841659745
11,18.5,-14.339784144005524
11,19.0,-16.396115619430113
11,19.5,-16.82412382164935
11,20.0,-15.410661155814426
11,20.5,-13.756926557734246
11,21.0,-12.43606446380072
11,21.5,-11.473929812444608
11,22.0,-10.145923742251131
11,22.5,-8.934156132151653
11,23.0,-8.198606452161654
11,23.5,-7.832856468663167
11,24.0,-7.833813520415322
11,24.5,-8.206166965007226
11,25.0,-8.949399666732141
11,25.5,-10.012248960349396
11,26.0,-11.385010742698546
11,26.5,-12.99900037996189
11,27.0,-14.212475954035128
11,27.5,-13.566024216008731
11,28.0,-11.617186383294191
11,28.5,-9.820535395615948
11,29.0,-8.296441570611668
11,29.5,-7.076866085653359
11,30.0,-6.132896798699304
11,30.5,-5.515075294247808
11,31.0,-5.214753417862372
11,31.5,-5.20698205344674
11,32.0,-5.468880863516919
11,32.5,-6.004471559611609
11,33.0,-6.790839491116694
11,33.5,-7.772056366743324
11,34.0,-8.965160203525896
11,34.5,-10.279824429392203
11,35.0,-11.6711247921458
11,35.5,-13.161956779844216
11,36.0,-14.740995191154587
11,36.5,-15.92080433221802
11,37.0,-16.056016404611746
11,37.5,-15.528019883418056
11,38.0,-15.03226271042706
11,38.5,-14.888855196636468
11,39.0,-14.617192289713326
11,39.5,-13.911807706619872
11,40.0,-13.127712253018696
11,40.5,-12.36599398694978
11,41.0,-11.67325600351345
11,41.5,-11.019255665629718
11,42.0,-10.397821390358676
11,42.5,-9.85164386749045
11,43.0,-9.32713994573828
11,43.5,-8.751138452766074
11,44.0,-8.154382747537175
11,44.5,-7.582519238184462
11,45.0,-6.9562971456858405
11,45.5,-6.349966851116938
11,46.0,-5.989542011044868
11,46.5,-5.92674955823027
11,47.0,-6.166833169332451
11,47.5,-6.720667836100531
11,48.0,-7.610078058084366
11,48.5,-8.849809036640828
11,49.0,-10.410414067868384
11,49.5,-12.362598023092662
11,50.0,-14.360185285624912
11,50.5,-15.505954687616525
11,51.0,-15.41060209345214
11,51.5,-14.948878061697826
11,52.0,-14.573632920370828
11,52.5,-14.152930723505412
11,53.0,-13.44153836078083
11,53.5,-12.232143142687304
11,54.0,-10.66839680284288
11,54.5,-9.031939453469644
11,55.0,-7.534595271851476
11,55.5,-6.312375922505696
11,56.0,-5.3305275040941575
11,56.5,-4.645642811901698
11,57.0,-4.28011432877773
11,57.5,-4.222613669019342
11,58.0,-4.501744303130026
11,58.5,-5.152837161411527
11,59.0,-6.209850010089055
11,59.5,-7.676219922267894
11,60.0,-9.647603650715254
11,60.5,-11.748625462964178
11,61.0,-12.896011123937733
11,61.5,-12.494663716177302
11,62.0,-10.904614989995032
11,62.5,-9.080213441216516
11,63.0,-7.73981340500616
11,63.5,-6.911261459526606
11,64.0,-6.479472297599154
11,64.5,-6.419536894964541
11,65.0,-6.700595408939242
11,65.5,-7.28608568147594
11,66.0,-8.120852994058875
11,66.5,-9.219075147559458
11,67.0,-10.501236192414456
11,67.5,-11.878856708887152
11,68.0,-13.115994010485188
11,68.5,-13.989560198799309
11,69.0,-14.800482993199877
11,69.5,-15.66252236105822
11,70.0,-16.443844782192627
11,70.5,-16.234673198965936
11,71.0,-15.051733681966436
11,71.5,-13.386798450725388
11,72.0,-11.537939361285927
11,72.5,-9.919997726466644
11,73.0,-8.561741526517272
11,73.5,-7.511679440110518
11,74.0,-6.748795216002972
11,74.5,-6.239535971564474
11,75.0,-5.96780582873446
11,75.5,-5.8942440806605285
11,76.0,-6.006678219587714
11,76.5,-6.275900017502119
11,77.0,-6.695507027883478
11,77.5,-7.22932081178431
11,78.0,-7.841514465681227
11,78.5,-8.478664494805733
11,79.0,-9.054047786453973
11,79.5,-9.521057666791968
11,80.0,-9.786996282052826
11,80.5,-9.80448876592009
11,81.0,-9.585225644878603
11,81.5,-9.194299257508291
11,82.0,-8.692234119181343
11,82.5,-8.182572323459688
11,83.0,-7.757858870521593
11,83.5,-7.452511782015469
11,84.0,-7.323902970613298
11,84.5,-7.4121870409124
11,85.0,-7.747335299626841
11,85.5,-8.350306479654687
11,86.0,-9.315185390662934
11,86.5,-10.71085015856509
11,87.0,-12.707685633403408
11,87.5,-15.619502008926917
11,88.0,-20.12841350519141
11,88.5,-26.629780515673108
11,89.0,-24.55120261257137
11,89.5,-18.98205154119448
11,90.0,-15.471209864947738
11,90.5,-13.211035129791831
11,91.0,-11.687730135109016
11,91.5,-10.626473154190853
11,92.0,-9.904614685844336
11,92.5,-9.382767492170066
11,93.0,-9.02193991391219
11,93.5,-8.791746871421468
11,94.0,-8.661911814945912
11,94.5,-8.64351896095448
11,95.0,-8.758787411816831
11,95.5,-9.034485565374275
11,96.0,-9.4882880953102
11,96.5,-10.172509624811411
11,97.0,-11.06248306494496
11,97.5,-12.046788721928491
11,98.0,-12.795260748552083
11,98.5,-12.85348267360474
11,99.0,-12.10761865454103
11,99.5,-10.871858400608096
11,100.0,-9.890936884135758
12,0.0,-27.1412184011743
12,0.5,-25.071108946633892
12,1.0,-21.663394060231305
12,1.5,-18.16283008627569
12,2.0,-15.078646054577202
12,2.5,-12.560643190702066
12,3.0,-10.5430098393949
12,3.5,-8.999741266450867
12,4.0,-7.778338162882555
12,4.5,-6.890936516890048
12,5.0,-6.322537044825265
12,5.5,-6.057667426771615
12,6.0,-6.096715007464759
12,6.5,-6.453852159077212
12,7.0,-7.148452169432503
12,7.5,-8.173102152428193
12,8.0,-9.60177397011158
12,8.5,-11.360866315540544
12,9.0,-13.355832560944949
12,9.5,-15.399873892431671
12,10.0,-15.981392844896574
12,10.5,-14.506896931338828
12,11.0,-12.53064037050626
12,11.5,-11.015939341716884
12,12.0,-10.087120389553936
12,12.5,-9.64877692376111
12,13.0,-9.58313456180996
12,13.5,-9.834555712165349
12,14.0,-10.33367463094195
12,14.5,-11.071462246071324
12,15.0,-11.995243034549713
12,15.5,-13.056769378990216
12,16.0,-14.192432117088094
12,16.5,-15.35158329067495
12,17.0,-16.704082502129115
12,17.5,-18.402072638504016
12,18.0,-20.7129349162814
12,18.5,-23.08048774630824
12,19.0,-22.274284571884944
12,19.5,-20.148370925512857
12,20.0,-17.83004352674442
12,20.5,-15.833406920134127
12,21.0,-14.189588538994007
12,21.5,-12.993340791654427
12,22.0,-12.25991296789718
12,22.5,-11.981181774022389
12,23.0,-12.15669998299238
12,23.5,-12.800216332267045
12,24.0,-13.85333328097809
12,24.5,-14.978653728712716
12,25.0,-15.204376467623346
12,25.5,-13.827684726177743
12,26.0,-11.66090381360264
12,26.5,-9.661183795834235
12,27.0,-8.10495542906243
12,27.5,-6.899522670140414
12,28.0,-6.058844259671087
12,28.5,-5.5548078487048125
12,29.0,-5.352115298082385
12,29.5,-5.424681929426172
12,30.0,-5.753303151425171
12,30.5,-6.309283497096153
12,31.0,-7.065965586201798
12,31.5,-7.987487753920384
12,32.0,-9.011277372671117
12,32.5,-10.16845933043529
12,33.0,-11.387413234482697
12,33.5,-12.562683600277833
12,34.0,-13.455242001640205
12,34.5,-13.47082101896508
12,35.0,-13.329236454882093
12,35.5,-13.577400483745825
12,36.0,-14.253820412817268
12,36.5,-15.384053487690906
12,37.0,-16.520359527710916
12,37.5,-16.623338515318938
12,38.0,-15.940554047893851
12,38.5,-15.05265019989088
12,39.0,-14.149957200171148
12,39.5,-13.244681295970024
12,40.0,-12.544706489969805
12,40.5,-12.1392069466094
12,41.0,-12.040102439165372
12,41.5,-12.180209977010843
12,42.0,-12.444552919186846
12,42.5,-12.674969047490796
12,43.0,-12.44590279250532
12,43.5,-10.907379888588364
12,44.0,-9.262301080978071
12,44.5,-7.791535867984453
12,45.0,-6.584868586036145
12,45.5,-5.650282984290573
12,46.0,-4.972374687593606
12,46.5,-4.552089331644904
12,47.0,-4.352591627032565
12,47.5,-4.379858103195583
12,48.0,-4.634801080053365
12,48.5,-5.112444420655426
12,49.0,-5.792720378829992
12,49.5,-6.716143087204758
12,50.0,-7.842553428822304
12,50.5,-9.06166923732656
12,51.0,-10.25973852583119
12,51.5,-11.155555786666184
12,52.0,-11.63558793699247
12,52.5,-11.626279100593882
12,53.0,-11.070329078407369
12,53.5,-10.13492095111255
12,54.0,-9.146535553124425
12,54.5,-8.310114124501881
12,55.0,-7.700162921344298
12,55.5,-7.349189585396159
12,56.0,-7.24367681895092
12,56.5,-7.404206002832275
12,57.0,-7.833489957764254
12,57.5,-8.583906204018216
12,58.0,-9.675848311590403
12,58.5,-11.14631217655446
12,59.0,-12.912747408954978
12,59.5,-14.299726875877589
12,60.0,-14.833967806490431
12,60.5,-14.548004105595238
12,61.0,-13.601741889646448
12,61.5,-12.379454780597436
12,62.0,-11.286445320847342
12,62.5,-10.449200410826132
12,63.0,-9.947208890652917
12,63.5,-9.778854549893824
12,64.0,-9.914030652363309
12,64.5,-10.33415804876425
12,65.0,-11.010099275275609
12,65.5,-11.881096795627146
12,66.0,-12.827542234998544
12,66.5,-13.754627789944044
12,67.0,-14.376722513766367
12,67.5,-14.335731311348113
12,68.0,-13.649457114994242
12,68.5,-12.950325242703403
12,69.0,-12.490565503187174
12,69.5,-12.363277968308443
12,70.0,-12.59649146335934
12,70.5,-13.244351520229907
12,71.0,-14.355900141753985
12,71.5,-16.015807362079162
12,72.0,-18.236417709845384
12,72.5,-20.57306477674807
12,73.0,-21.17000693137914
12,73.5,-18.74295128186744
12,74.0,-16.108095457971228
12,74.5,-14.029049217824028
12,75.0,-12.548468077572764
12,75.5,-11.485335160195682
12,76.0,-10.817228530958138
12,76.5,-10.510303473976522
12,77.0,-10.521367743085026
12,77.5,-10.850221986017893
12,78.0,-11.500975190333865
12,78.5,-12.461156382240908
12,79.0,-13.656587684505263
12,79.5,-15.024503616630586
12,80.0,-16.188030266759476
12,80.5,-16.666699976693618
12,81.0,-16.354368387767597
12,81.5,-15.626697874356516
12,82.0,-14.860026954453431
12,82.5,-14.316766692428724
12,83.0,-14.106163472318892
12,83.5,-14.250773444137414
12,84.0,-14.75474046752359
12,84.5,-15.565118472043691
12,85.0,-16.473580082716875
12,85.5,-17.012666622429702
12,86.0,-16.74003009445242
12,86.5,-15.751027129975036
12,87.0,-14.518987951676085
12,87.5,-13.358468463556797
12,88.0,-12.42975473625665
12,88.5,-11.72490324446832
12,89.0,-11.28263849691611
12,89.5,-11.097718268775584
12,90.0,-11.132563786602311
12,90.5,-11.349843601662297
12,91.0,-11.68021485464265
12,91.5,-12.011931321069508
12,92.0,-12.20161858432952
12,92.5,-12.138121159673023
12,93.0,-11.7776666025121
12,93.5,-11.205796495844034
12,94.0,-10.512984438311571
12,94.5,-9.83238906356481
12,95.0,-9.24440717685711
12,95.5,-8.789905507362043
12,96.0,-8.49617401165803
12,96.5,-8.348085043310094
12,97.0,-8.347676419557725
12,97.5,-8.481166877596834
12,98.0,-8.719468528242968
12,98.5,-9.01650667053514
12,99.0,-9.343877718462812
12,99.5,-9.64324761843922
12,100.0,-9.822053129716464
13,0.0,-21.029963946687197
13,0.5,-20.881030036543564
13,1.0,-20.44911591162072
13,1.5,-19.751392790385868
13,2.0,-18.946062484336807
13,2.5,-18.184278736718987
13,3.0,-17.562643591528253
13,3.5,-17.152014507977064
13,4.0,-16.962749819442557
13,4.5,-17.026639242712882
13,5.0,-17.346427599757646
13,5.5,-17.873331323841043
13,6.0,-18.472355491033195
13,6.5,-18.95436853544919
13,7.0,-18.97626024675366
13,7.5,-18.35433321702197
13,8.0,-17.23954193608054
13,8.5,-16.000443566326823
13,9.0,-14.884789325052584
13,9.5,-14.007935778177847
13,10.0,-13.434162648656107
13,10.5,-13.147445611674677
13,11.0,-13.18089276452762
13,11.5,-13.56504429555036
13,12.0,-14.334544701089792
13,12.5,-15.524287734252187
13,13.0,-17.33456242554447
13,13.5,-19.89629070346614
13,14.0,-22.818401541913254
13,14.5,-24.98486515720461
13,15.0,-23.91695094201559
13,15.5,-20.24171187220121
13,16.0,-17.34079251087934
13,16.5,-15.292543234892314
13,17.0,-13.713847701997487
13,17.5,-12.5061353115933
13,18.0,-11.56928756883345
13,18.5,-10.826252678969505
13,19.0,-10.244886195606822
13,19.5,-9.75154747039
13,20.0,-9.337824551178116
13,20.5,-8.995854772881907
13,21.0,-8.69208428963462
13,21.5,-8.430214786469373
13,22.0,-8.207461913822915
13,22.5,-8.021771325390969
13,23.0,-7.878147041679239
13,23.5,-7.770304306994991
13,24.0,-7.708133124122525
13,24.5,-7.7008538131623485
13,25.0,-7.75691430115789
13,25.5,-7.881859864327602
13,26.0,-8.092532146061576
13,26.5,-8.393589527262856
13,27.0,-8.781705452281344
13,27.5,-9.290964158431748
13,28.0,-9.9203562065541
13,28.5,-10.685341026752306
13,29.0,-11.595412121037157
13,29.5,-12.623163207030574
13,30.0,-13.81221374878628
13,30.5,-15.04648281159217
13,31.0,-16.114212033168993
13,31.5,-16.750595839006305
13,32.0,-16.8473468522977
13,32.5,-16.287624399846464
13,33.0,-14.910286340394991
13,33.5,-13.02418570843627
13,34.0,-11.05158589874448
13,34.5,-9.33994859290532
13,35.0,-7.954931312083187
13,35.5,-6.8794177332084
13,36.0,-6.11675169577193
13,36.5,-5.60226567133409
13,37.0,-5.348957911005686
13,37.5,-5.351149034645349
13,38.0,-5.607024407043097
13,38.5,-6.115613639625444
13,39.0,-6.877346963227863
13,39.5,-7.870377853880991
13,40.0,-9.013149203713605
13,40.5,-10.250982883549517
13,41.0,-11.25980843494215
13,41.5,-11.6944645939879
13,42.0,-11.514014041649183
13,42.5,-10.654666678454712
13,43.0,-9.604721555675583
13,43.5,-8.957672119905375
13,44.0,-8.748855572860856
13,44.5,-8.975249164928819
13,45.0,-9.683351346594774
13,45.5,-10.981625439494811
13,46.0,-12.657642087829716
13,46.5,-14.173053935316716
13,47.0,-15.845262919402684
13,47.5,-15.772217180874168
13,48.0,-14.2698649899219
13,48.5,-12.655311030526155
13,49.0,-10.839285394936969
13,49.5,-9.223703842262475
13,50.0,-8.1350443691609
13,50.5,-7.516743487227567
13,51.0,-7.27381739012193
13,51.5,-7.400197812013189
13,52.0,-7.902116650022149
13,52.5,-8.793446309721567
13,53.0,-10.080271213026252
13,53.5,-11.924656017608868
13,54.0,-14.134545091468716
13,54.5,-15.328920157871597
13,55.0,-15.7594689373283
13,55.5,-14.624326401578523
13,56.0,-12.451308122738183
13,56.5,-10.615506794987626
13,57.0,-9.347850109770622
13,57.5,-8.487178617390693
13,58.0,-7.999174248648964
13,58.5,-7.8381283982623
13,59.0,-7.959162534422322
13,59.5,-8.315909946061268
13,60.0,-8.882836586163101
13,60.5,-9.572005629325812
13,61.0,-10.263814142254263
13,61.5,-10.8176588520696
13,62.0,-11.124741908428932
13,62.5,-11.17008244433197
13,63.0,-10.898517119308666
13,63.5,-10.224417597785788
13,64.0,-9.272907922874492
13,64.5,-8.364720001897911
13,65.0,-7.610499656344928
13,65.5,-7.0229198774021535
13,66.0,-6.606462841725918
13,66.5,-6.31945412269792
13,67.0,-6.157091313504316
13,67.5,-6.10217836275562
13,68.0,-6.132504443122576
13,68.5,-6.22573491111446
13,69.0,-6.370451250780945
13,69.5,-6.55217738083316
13,70.0,-6.761059834705279
13,70.5,-7.01655163701483
13,71.0,-7.326621291146941
13,71.5,-7.711862645560427
13,72.0,-8.189302510706403
13,72.5,-8.754303078501687
13,73.0,-9.446048324180891
13,73.5,-10.239545307410944
13,74.0,-11.120846622347006
13,74.5,-12.073304071572892
13,75.0,-13.061005072934172
13,75.5,-14.153742425322749
13,76.0,-15.3441757356406
13,76.5,-16.635023785964147
13,77.0,-18.09906170782929
13,77.5,-19.501549681043738
13,78.0,-20.77099682992984
13,78.5,-20.414317513675023
13,79.0,-19.114615399060543
13,79.5,-16.94955464431049
13,80.0,-14.373975681544431
13,80.5,-12.063031140116657
13,81.0,-10.18393761065328
13,81.5,-8.746445852235528
13,82.0,-7.605783780071651
13,82.5,-6.762513695123241
13,83.0,-6.199964568442843
13,83.5,-5.855327686358347
13,84.0,-5.722852854879329
13,84.5,-5.783954307199296
13,85.0,-6.011226903369044
13,85.5,-6.367506668569274
13,86.0,-6.845053248973409
13,86.5,-7.4015862372826735
13,87.0,-8.011125732050244
13,87.5,-8.658925031917981
13,88.0,-9.328953223494429
13,88.5,-10.08414011952302
13,89.0,-10.931994779509244
13,89.5,-11.867858535437763
13,90.0,-12.94965126793743
13,90.5,-14.07904835352478
13,91.0,-15.047889510858829
13,91.5,-15.524048163563686
13,92.0,-15.29802846808161
13,92.5,-14.527602608188012
13,93.0,-13.59059298116627
13,93.5,-12.778544052833606
13,94.0,-12.154157805407776
13,94.5,-11.762112019249974
13,95.0,-11.578446645464464
13,95.5,-11.54323601910736
13,96.0,-11.58536357665678
13,96.5,-11.640376938906396
13,97.0,-11.670978975794924
13,97.5,-11.69115325633708
13,98.0,-11.762796227021475
13,98.5,-11.966778757541167
13,99.0,-12.41391011045763
13,99.5,-13.2020026602007
13,100.0,-14.04761004579212
14,0.0,-8.613878856048984
14,0.5,-8.678631892356641
14,1.0,-8.85924374912683
14,1.5,-9.145520181649651
14,2.0,-9.496079069927085
14,2.5,-9.86365934601397
14,3.0,-10.198716146803614
14,3.5,-10.458810148366132
14,4.0,-10.65258173678156
14,4.5,-10.788775664366833
14,5.0,-10.89006439328675
14,5.5,-10.96479933554096
14,6.0,-10.994552504034443
14,6.5,-10.949793550498637
14,7.0,-10.810554256586949
14,7.5,-10.59459907892285
14,8.0,-10.32961033165905
14,8.5,-10.079443942790864
14,9.0,-9.909675040108011
14,9.5,-9.885745456534096
14,10.0,-10.070624523072537
14,10.5,-10.547197819571185
14,11.0,-11.380047251454462
14,11.5,-12.628375479808598
14,12.0,-14.09706789036731
14,12.5,-15.057343417174012
14,13.0,-15.427594035839356
14,13.5,-14.432903643610768
14,14.0,-12.20121838011092
14,14.5,-10.354163771847809
14,15.0,-8.972798516433679
14,15.5,-7.995073330369499
14,16.0,-7.361658632075336
14,16.5,-7.047704763433861
14,17.0,-7.009853812615485
14,17.5,-7.242505793805659
14,18.0,-7.741215396233193
14,18.5,-8.495692579420034
14,19.0,-9.475505447425329
14,19.5,-10.74989175821016
14,20.0,-12.308973789414004
14,20.5,-14.133897421196574
14,21.0,-16.381944631065895
14,21.5,-18.90706558499984
14,22.0,-20.943804929113583
14,22.5,-21.354648357239476
14,23.0,-20.35207898368524
14,23.5,-18.730668066655173
14,24.0,-17.033660979779093
14,24.5,-15.448477233733362
14,25.0,-14.001461185049587
14,25.5,-12.724742888695411
14,26.0,-11.522183995911268
14,26.5,-10.409698507331782
14,27.0,-9.392317782869297
14,27.5,-8.387008145827565
14,28.0,-7.42250132441639
14,28.5,-6.512647937013625
14,29.0,-5.676622446645214
14,29.5,-4.956254126989534
14,30.0,-4.321998957891766
14,30.5,-3.8074875854499495
14,31.0,-3.4233378614621004
14,31.5,-3.1724633312049173
14,32.0,-3.061872187062628
14,32.5,-3.0868261654156552
14,33.0,-3.251962511506062
14,33.5,-3.5488018387060394
14,34.0,-3.9973833646760832
14,34.5,-4.59286601123203
14,35.0,-5.350725023160074
14,35.5,-6.295151610995267
14,36.0,-7.441787212654734
14,36.5,-8.946875491403208
14,37.0,-10.50531009651589
14,37.5,-11.40221807926593
14,38.0,-12.27215944112894
14,38.5,-12.837490224538383
14,39.0,-12.223790096843752
14,39.5,-10.91786038277024
14,40.0,-9.275609158520735
14,40.5,-7.721878101571272
14,41.0,-6.636476629333696
14,41.5,-5.985017994121652
14,42.0,-5.712415747404376
14,42.5,-5.789006117407647
14,43.0,-6.204044349436061
14,43.5,-6.943487390403586
14,44.0,-7.958392037183627
14,44.5,-9.28189444521454
14,45.0,-10.832347812945551
14,45.5,-12.437768525835912
14,46.0,-12.412035546728864
14,46.5,-10.976772924336265
14,47.0,-9.639590241934332
14,47.5,-8.63958023564565
14,48.0,-8.014617232019596
14,48.5,-7.738305306626414
14,49.0,-7.781432447061541
14,49.5,-8.116555995442592
14,50.0,-8.705374343184834
14,50.5,-9.464425933099037
14,51.0,-10.323757893564926
14,51.5,-11.042767788940896
14,52.0,-11.37880876537259
14,52.5,-11.379389192952011
14,53.0,-11.23362741185235
14,53.5,-11.071815566257248
14,54.0,-11.02245598688524
14,54.5,-11.184884802556304
14,55.0,-11.608561532073418
14,55.5,-12.299762130723964
14,56.0,-13.287024632351969
14,56.5,-13.971974234450414
14,57.0,-14.253618232482784
14,57.5,-14.272221068701176
14,58.0,-14.153023033648555
14,58.5,-14.151727064344415
14,59.0,-14.333516564822824
14,59.5,-14.66942283100076
14,60.0,-15.004716074845174
14,60.5,-15.043885658891186
14,61.0,-14.7656054860789
14,61.5,-14.410884862882472
14,62.0,-14.128565952573584
14,62.5,-13.901159292373205
14,63.0,-13.62410802298186
14,63.5,-12.945018912584633
14,64.0,-12.073282592966226
14,64.5,-11.449945763874144
14,65.0,-11.069404797858011
14,65.5,-10.85333524923607
14,66.0,-10.74003355864249
14,66.5,-10.707926013782052
14,67.0,-10.782321066525723
14,67.5,-10.97755617776653
14,68.0,-11.280850566141751
14,68.5,-11.670900155772747
14,69.0,-12.189325353236416
14,69.5,-12.85706781286048
14,70.0,-13.66660971110363
14,70.5,-14.636436254135171
14,71.0,-15.564800117675386
14,71.5,-16.154032502674493
14,72.0,-16.418821688262092
14,72.5,-16.438606046435705
14,73.0,-16.29367869189868
14,73.5,-16.019056628246904
14,74.0,-15.688426268690437
14,74.5,-15.401937550096402
14,75.0,-15.243208461456
14,75.5,-15.272186107235932
14,76.0,-15.562294956675306
14,76.5,-16.164792108423995
14,77.0,-17.20577865565523
14,77.5,-18.80071089241641
14,78.0,-20.950170523475578
14,78.5,-21.980987890085416
14,79.0,-20.62455789174111
14,79.5,-17.405075104150452
14,80.0,-14.30182391291958
14,80.5,-11.842297994803287
14,81.0,-9.9056822657507
14,81.5,-8.433736675377583
14,82.0,-7.265622278576785
14,82.5,-6.4035533626051535
14,83.0,-5.836500267570354
14,83.5,-5.5102547340066925
14,84.0,-5.431383100001097
14,84.5,-5.598921773853111
14,85.0,-6.005799734054817
14,85.5,-6.631983761608065
14,86.0,-7.514226272464718
14,86.5,-8.62182963608672
14,87.0,-9.924151323872898
14,87.5,-11.332636209355378
14,88.0,-12.637292916158518
14,88.5,-13.678230149622053
14,89.0,-14.29997545442549
14,89.5,-14.645698335804628
14,90.0,-14.995247311319073
14,90.5,-15.533803209658693
14,91.0,-16.39787265465506
14,91.5,-17.66899211559532
14,92.0,-19.36384700661856
14,92.5,-21.65577853722199
14,93.0,-23.925678731854376
14,93.5,-23.661336019483493
14,94.0,-21.876297008285963
14,94.5,-19.944089196836654
14,95.0,-18.39707917805624
14,95.5,-17.35214211522118
14,96.0,-16.789487897729874
14,96.5,-16.61467603020645
14,97.0,-16.80060573940466
14,97.5,-17.32568278888482
14,98.0,-18.172019552685462
14,98.5,-19.315220238981738
14,99.0,-20.87286866128541
14,99.5,-22.87961258945709
14,100.0,-24.589864148029072
15,0.0,-14.406986792372557
15,0.5,-14.548333394396687
15,1.0,-14.941670643965836
15,1.5,-15.552413511913205
15,2.0,-16.241201756069117
15,2.5,-16.783330884017076
15,3.0,-16.901798112559455
15,3.5,-16.45095274849886
15,4.0,-15.56473349656447
15,4.5,-14.60106036818454
15,5.0,-13.812188834910474
15,5.5,-13.305195279367634
15,6.0,-13.12928673228659
15,6.5,-13.30040725400067
15,7.0,-13.855903465296429
15,7.5,-14.81620154726226
15,8.0,-16.323461502251124
15,8.5,-18.449255851478792
15,9.0,-20.910552286932965
15,9.5,-22.168160601819903
15,10.0,-21.89196983067357
15,10.5,-20.59501892774441
15,11.0,-19.141971870637207
15,11.5,-18.036525666542488
15,12.0,-17.41712698202718
15,12.5,-17.2530369046447
15,13.0,-17.40086883710189
15,13.5,-17.744467818358256
15,14.0,-18.030026804245995
15,14.5,-17.34170388622449
15,15.0,-15.831323466446312
15,15.5,-14.038852435780074
15,16.0,-12.369793872261416
15,16.5,-11.029161768722428
15,17.0,-9.964338692879982
15,17.5,-9.238923850220054
15,18.0,-8.875896490930579
15,18.5,-8.886603243990221
15,19.0,-9.2907961036364
15,19.5,-10.171092972946266
15,20.0,-11.60078340346638
15,20.5,-13.589648544896162
15,21.0,-15.887934354233156
15,21.5,-16.47118241765498
15,22.0,-14.563510341761983
15,22.5,-12.040965176035902
15,23.0,-9.861277193849594
15,23.5,-8.10765362764979
15,24.0,-6.826770092270603
15,24.5,-5.961676474968492
15,25.0,-5.449454498973627
15,25.5,-5.257277063387444
15,26.0,-5.343186615199642
15,26.5,-5.685127213013129
15,27.0,-6.229320349461015
15,27.5,-6.950269977540075
15,28.0,-7.733431351459208
15,28.5,-8.400599605797995
15,29.0,-8.666478511461538
15,29.5,-8.433870322864745
15,30.0,-7.931160973253395
15,30.5,-7.365809852297502
15,31.0,-6.875937286227419
15,31.5,-6.5579692234946565
15,32.0,-6.464252023258684
15,32.5,-6.608829948078653
15,33.0,-7.002196234934418
15,33.5,-7.628556101646194
15,34.0,-8.529776507674857
15,34.5,-9.688406105635355
15,35.0,-11.086258184613914
15,35.5,-12.220710176356514
15,36.0,-12.805058308098625
15,36.5,-13.043246875057358
15,37.0,-12.58330679199255
15,37.5,-11.44733938709811
15,38.0,-10.080483153340426
15,38.5,-8.891578360655293
15,39.0,-7.99609821951329
15,39.5,-7.407694658293657
15,40.0,-7.140000043076615
15,40.5,-7.188544404176283
15,41.0,-7.587889032273672
15,41.5,-8.392198636530809
15,42.0,-9.660009883182472
15,42.5,-11.39723843668608
15,43.0,-13.40311240820354
15,43.5,-14.203295145865289
15,44.0,-14.31460235014887
15,44.5,-13.218836600176353
15,45.0,-10.617939768956388
15,45.5,-8.400741492361172
15,46.0,-6.749426359785325
15,46.5,-5.592096173444466
15,47.0,-4.763219404441988
15,47.5,-4.236008615196289
15,48.0,-3.9718265241697215
15,48.5,-3.9347690701971016
15,49.0,-4.099017858644961
15,49.5,-4.4620621140866055
15,50.0,-5.01425339917516
15,50.5,-5.737094645092027
15,51.0,-6.689867321884299
15,51.5,-7.875650237545243
15,52.0,-9.342590339970055
15,52.5,-11.153607906425504
15,53.0,-13.346230487652951
15,53.5,-15.983488516041618
15,54.0,-17.218272459108302
15,54.5,-16.29116011230425
15,55.0,-14.401673079569214
15,55.5,-12.561411929793026
15,56.0,-10.96114401672518
15,56.5,-9.690519734498832
15,57.0,-8.761665889208052
15,57.5,-8.096188573029483
15,58.0,-7.698755159167523
15,58.5,-7.540791258350032
15,59.0,-7.569785159649377
15,59.5,-7.713779261088522
15,60.0,-7.902076165031609
15,60.5,-8.085370329579023
15,61.0,-8.288475882051088
15,61.5,-8.57194755491049
15,62.0,-8.970278426640663
15,62.5,-9.516536855526088
15,63.0,-10.168301871062129
15,63.5,-10.85384552788681
15,64.0,-11.465961337837484
15,64.5,-12.10125982839136
15,65.0,-12.91265676752911
15,65.5,-13.788939097774463
15,66.0,-14.40228787140171
15,66.5,-14.2147113825729
15,67.0,-13.20023549730023
15,67.5,-12.122970633715378
15,68.0,-11.230230208484636
15,68.5,-10.612468557125457
15,69.0,-10.28166403960202
15,69.5,-10.254503520460528
15,70.0,-10.46818375548628
15,70.5,-10.801223767196252
15,71.0,-11.000143202832032
15,71.5,-10.77988634144671
15,72.0,-10.119437002608054
15,72.5,-9.261058608359695
15,73.0,-8.367696634354305
15,73.5,-7.599058461558376
15,74.0,-7.035525168682226
15,74.5,-6.714392533339682
15,75.0,-6.656401174337238
15,75.5,-6.857893307917172
15,76.0,-7.292884645018069
15,76.5,-7.86441689495041
15,77.0,-8.441151423140138
15,77.5,-8.754684679752584
15,78.0,-8.562182331483555
15,78.5,-7.852703831969332
15,79.0,-6.88002508517525
15,79.5,-5.857509819981753
15,80.0,-4.989321121478946
15,80.5,-4.364504316581861
15,81.0,-4.0139674196267645
15,81.5,-3.9568082605918513
15,82.0,-4.204824560940419
15,82.5,-4.781166302743138
15,83.0,-5.690839156476926
15,83.5,-7.043083128948847
15,84.0,-8.884512429267732
15,84.5,-11.31786368892716
15,85.0,-14.317668105168496
15,85.5,-16.961265044861406
15,86.0,-16.72788145592882
15,86.5,-14.544543648837305
15,87.0,-12.821549536647932
15,87.5,-11.820860126140364
15,88.0,-11.455387794168391
15,88.5,-11.590403194294293
15,89.0,-12.099483183296655
15,89.5,-12.706666762341616
15,90.0,-12.994863532518917
15,90.5,-12.553030105584154
15,91.0,-11.472993001657857
15,91.5,-10.198829240730564
15,92.0,-9.091519659662016
15,92.5,-8.232356143566987
15,93.0,-7.705965972935963
15,93.5,-7.532205484065993
15,94.0,-7.7074606969238815
15,94.5,-8.248662912573874
15,95.0,-9.183727751590558
15,95.5,-10.529752105341014
15,96.0,-12.239494922990623
15,96.5,-14.31296000152793
15,97.0,-16.23927631528421
15,97.5,-17.12926974828155
15,98.0,-16.783517651128296
15,98.5,-16.016353382069198
15,99.0,-15.475888576119187
15,99.5,-15.480287975737989
15,100.0,-15.890308066959166
16,0.0,-18.6188552734032
16,0.5,-18.45633134222675
16,1.0,-18.209085627607077
16,1.5,-18.0819545811194
16,2.0,-18.14413327241097
16,2.5,-18.351836943252003
16,3.0,-18.35266606876005
16,3.5,-17.851811611869746
16,4.0,-16.67887080392864
16,4.5,-15.076629539164218
16,5.0,-13.50123271769376
16,5.5,-12.148363700261523
16,6.0,-11.104307158624298
16,6.5,-10.315977480860225
16,7.0,-9.81765409021711
16,7.5,-9.61752194917772
16,8.0,-9.709293607467645
16,8.5,-10.11074508384226
16,9.0,-10.84399273687109
16,9.5,-11.912407109118831
16,10.0,-13.248262538361605
16,10.5,-14.795625641227293
16,11.0,-16.154336947409117
16,11.5,-16.539226782853458
16,12.0,-15.826669614088177
16,12.5,-14.749070815446796
16,13.0,-13.64404322779978
16,13.5,-12.773820607974692
16,14.0,-12.238288030566752
16,14.5,-12.005870633351828
16,15.0,-12.064765605274808
16,15.5,-12.375451240989715
16,16.0,-12.871170409473155
16,16.5,-13.454650680635227
16,17.0,-14.076102600069964
16,17.5,-14.649229711865816
16,18.0,-15.133112981439888
16,18.5,-15.517236176690542
16,19.0,-15.797891750720328
16,19.5,-15.986275851281816
16,20.0,-15.960430103783674
16,20.5,-15.69070308172982
16,21.0,-15.284382775723529
16,21.5,-14.76928683258632
16,22.0,-14.142926276315343
16,22.5,-13.445148892241589
16,23.0,-12.780105671297814
16,23.5,-12.20187286637612
16,24.0,-11.801745907023657
16,24.5,-11.627822420683952
16,25.0,-11.7014785734118
16,25.5,-12.029000331915425
16,26.0,-12.641180398626084
16,26.5,-13.526558213304998
16,27.0,-14.622488261121411
16,27.5,-15.912363965944593
16,28.0,-17.187982100024456
16,28.5,-18.153082114609447
16,29.0,-18.50670559737775
16,29.5,-18.11659119922565
16,30.0,-17.168124487086963
16,30.5,-16.13904980794022
16,31.0,-15.25433024710732
16,31.5,-14.525295518792404
16,32.0,-13.925725601254268
16,32.5,-13.368825934265404
16,33.0,-12.848048259616696
16,33.5,-12.38349218847654
16,34.0,-11.958438887036912
16,34.5,-11.543755690810912
16,35.0,-11.026668607008874
16,35.5,-10.35998586151789
16,36.0,-9.613011713212169
16,36.5,-8.866217655341169
16,37.0,-8.213525507278197
16,37.5,-7.684864894932451
16,38.0,-7.2399481908253716
16,38.5,-6.883745433706257
16,39.0,-6.611171993276366
16,39.5,-6.428676575756737
16,40.0,-6.367649035951527
16,40.5,-6.472053938101361
16,41.0,-6.7988585165417135
16,41.5,-7.413681686796363
16,42.0,-8.374537005952629
16,42.5,-9.688705356990225
16,43.0,-11.31280444823937
16,43.5,-12.470207529481998
16,44.0,-12.423324211380232
16,44.5,-11.373331939059554
16,45.0,-9.774772636150544
16,45.5,-8.019483564248876
16,46.0,-6.5001623475481125
16,46.5,-5.397685389211128
16,47.0,-4.648430563313343
16,47.5,-4.271086091172714
16,48.0,-4.268385962216738
16,48.5,-4.646856906266431
16,49.0,-5.418790213265313
16,49.5,-6.694186628730585
16,50.0,-8.506734140711313
16,50.5,-10.641491308724936
16,51.0,-12.411281245368263
16,51.5,-12.147049615676634
16,52.0,-10.021635757156634
16,52.5,-7.579904815235341
16,53.0,-5.654635433284398
16,53.5,-4.201818664840469
16,54.0,-3.200785049262009
16,54.5,-2.591775560774513
16,55.0,-2.3255197818342017
16,55.5,-2.381135218514042
16,56.0,-2.76199694213809
16,56.5,-3.4863303863825994
16,57.0,-4.5658665650506105
16,57.5,-6.15394049796849
16,58.0,-8.365613449914921
16,58.5,-11.459483980266286
16,59.0,-15.46029352028036
16,59.5,-17.31500329970464
16,60.0,-13.546285320282555
16,60.5,-10.065221062516772
16,61.0,-7.6764307999651935
16,61.5,-6.003830597533486
16,62.0,-4.868640358918724
16,62.5,-4.073855549517639
16,63.0,-3.579429885881174
16,63.5,-3.344077757427688
16,64.0,-3.320282120532852
16,64.5,-3.493631817844649
16,65.0,-3.853157488085701
16,65.5,-4.385770390663935
16,66.0,-5.064353624673963
16,66.5,-5.925618398630231
16,67.0,-6.937435775429088
16,67.5,-8.075102517285814
16,68.0,-9.273629208492624
16,68.5,-10.36867910384865
16,69.0,-11.166531397925134
16,69.5,-11.248425025004854
16,70.0,-10.563834378467025
16,70.5,-9.543619946522762
16,71.0,-8.594401376736476
16,71.5,-7.863319512839138
16,72.0,-7.384915160903192
16,72.5,-7.174884547061355
16,73.0,-7.222722278349803
16,73.5,-7.535947119596104
16,74.0,-8.115433499524208
16,74.5,-8.931153974348884
16,75.0,-9.874394372086604
16,75.5,-10.810089146376807
16,76.0,-11.405443271149608
16,76.5,-11.424223147911167
16,77.0,-10.881731506504943
16,77.5,-10.004640403780636
16,78.0,-9.09573711028932
16,78.5,-8.366299672823427
16,79.0,-7.918692721928782
16,79.5,-7.756063191760312
16,80.0,-7.907329530383116
16,80.5,-8.397447235904734
16,81.0,-9.250775482954888
16,81.5,-10.481603552651784
16,82.0,-12.257297547808273
16,82.5,-14.68742868143656
16,83.0,-17.827299098558925
16,83.5,-20.32684101864392
16,84.0,-20.61386351993217
16,84.5,-19.48401054414156
16,85.0,-18.05518922384944
16,85.5,-16.58421181754704
16,86.0,-15.643247336222126
16,86.5,-15.268733799327228
16,87.0,-15.350595180554262
16,87.5,-15.773602234946082
16,88.0,-16.396621219538968
16,88.5,-17.097338987175988
16,89.0,-17.72931754291801
16,89.5,-18.33596033266546
16,90.0,-19.17731829324937
16,90.5,-20.41394825524281
16,91.0,-22.023972200169105
16,91.5,-23.248571009497397
16,92.0,-23.33194292703681
16,92.5,-21.21083862357826
16,93.0,-18.270957369658856
16,93.5,-15.995837111580794
16,94.0,-14.339831517912986
16,94.5,-13.284157755437493
16,95.0,-12.782587608716977
16,95.5,-12.811563664690286
16,96.0,-13.378683746249084
16,96.5,-14.557832918127607
16,97.0,-16.22872147235276
16,97.5,-17.39517019462055
16,98.0,-16.286028566511426
16,98.5,-13.700369716176066
16,99.0,-10.986412000795273
16,99.5,-8.738427348785963
16,100.0,-7.409217799641571
17,0.0,-27.72459803712425
17,0.5,-27.44123057968877
17,1.0,-26.83905718480504
17,1.5,-26.04726533332357
17,2.0,-24.90675171885854
17,2.5,-23.408925100222437
17,3.0,-21.655343308854317
17,3.5,-19.908150309802277
17,4.0,-18.230680312073524
17,4.5,-16.722667940573267
17,5.0,-15.392118448898175
17,5.5,-14.233193052127332
17,6.0,-13.27511151612578
17,6.5,-12.460239152126173
17,7.0,-11.823445051285509
17,7.5,-11.385698605745697
17,8.0,-11.129460743854178
17,8.5,-11.080861268022913
17,9.0,-11.260779848371586
17,9.5,-11.685908056169293
17,10.0,-12.362571732557289
17,10.5,-13.369152883451486
17,11.0,-14.726541986607357
17,11.5,-16.471104841162074
17,12.0,-18.49446318900976
17,12.5,-20.14148622406664
17,13.0,-20.53420136863227
17,13.5,-19.72620721615637
17,14.0,-18.563113668647667
17,14.5,-17.491651205241705
17,15.0,-16.686851089791297
17,15.5,-16.16365914867593
17,16.0,-15.8924893196733
17,16.5,-15.83313513844536
17,17.0,-15.918918809874082
17,17.5,-16.06330036909691
17,18.0,-16.13533893950462
17,18.5,-15.967390076505591
17,19.0,-15.4256046590354
17,19.5,-14.435816353391235
17,20.0,-13.132977424439874
17,20.5,-11.760443719818475
17,21.0,-10.394846949409647
17,21.5,-9.16865274820612
17,22.0,-8.132166560544158
17,22.5,-7.307223513555029
17,23.0,-6.729080725725704
17,23.5,-6.377576623752951
17,24.0,-6.289055790496415
17,24.5,-6.493933579853671
17,25.0,-7.020540494027385
17,25.5,-7.802650287505993
17,26.0,-8.310036338868484
17,26.5,-8.933048567735991
17,27.0,-9.693220682008237
17,27.5,-10.427898370472592
17,28.0,-10.710343273373311
17,28.5,-10.222068059026087
17,29.0,-9.271489367868442
17,29.5,-8.369305917992458
17,30.0,-7.722785136917363
17,30.5,-7.452407846398007
17,31.0,-7.604582356675038
17,31.5,-8.204847880996407
17,32.0,-9.268810305948916
17,32.5,-10.927646876549948
17,33.0,-13.159473398299362
17,33.5,-15.584416371502869
17,34.0,-16.93320399766112
17,34.5,-15.064079540728851
17,35.0,-12.660672644564634
17,35.5,-11.081952777355042
17,36.0,-10.309186585315793
17,36.5,-10.231911944747898
17,37.0,-10.900588325310748
17,37.5,-12.383883166072172
17,38.0,-14.5739177908844
17,38.5,-15.582731937820895
17,39.0,-14.05610549946432
17,39.5,-11.53022575532364
17,40.0,-8.838277338039557
17,40.5,-6.688719406673605
17,41.0,-5.0831359098830005
17,41.5,-3.952304687812852
17,42.0,-3.221127703593874
17,42.5,-2.851555943367925
17,43.0,-2.779250109288593
17,43.5,-2.973647566403969
17,44.0,-3.364100890273832
17,44.5,-3.879078974553183
17,45.0,-4.361294329177921
17,45.5,-4.6286901542737
17,46.0,-4.560578866490566
17,46.5,-4.17944031809794
17,47.0,-3.5906480919400856
17,47.5,-2.9671343706177358
17,48.0,-2.4426439625435954
17,48.5,-2.097158727485405
17,49.0,-1.977786573754214
17,49.5,-2.101044286172903
17,50.0,-2.4873493243777847
17,50.5,-3.1343203754880324
17,51.0,-4.107393464651776
17,51.5,-5.422918532292341
17,52.0,-7.143969683402799
17,52.5,-9.336280519018995
17,53.0,-11.957190969536466
17,53.5,-14.726599608417198
17,54.0,-15.896828570215174
17,54.5,-15.788480301484949
17,55.0,-14.40335270532336
17,55.5,-13.369176169922158
17,56.0,-12.919035193073595
17,56.5,-13.020738276809292
17,57.0,-13.62493263091445
17,57.5,-14.75055386174887
17,58.0,-15.995848327452231
17,58.5,-16.770054318139124
17,59.0,-17.32249077733368
17,59.5,-17.60315515487734
17,60.0,-16.869886303923398
17,60.5,-15.457790362977256
17,61.0,-14.32708047428813
17,61.5,-13.630251777055054
17,62.0,-13.361255092448433
17,62.5,-13.478880616421428
17,63.0,-13.937518046772812
17,63.5,-14.504774568914405
17,64.0,-14.705778777408764
17,64.5,-14.26693625767652
17,65.0,-13.273973044658304
17,65.5,-11.965000822488197
17,66.0,-10.635216796770049
17,66.5,-9.415308181025772
17,67.0,-8.445692671789326
17,67.5,-7.751170647854862
17,68.0,-7.322036904114446
17,68.5,-7.157819350408009
17,69.0,-7.247005748926103
17,69.5,-7.59965267672492
17,70.0,-8.209010907394644
17,70.5,-9.13486943324326
17,71.0,-10.38993639871416
17,71.5,-12.020712631148976
17,72.0,-14.032344523347902
17,72.5,-16.17345441085982
17,73.0,-17.71095299417427
17,73.5,-17.604280061716423
17,74.0,-16.565854572146893
17,74.5,-15.249334519356536
17,75.0,-14.11042594868992
17,75.5,-13.342012533744116
17,76.0,-13.035909503608488
17,76.5,-13.218729102277823
17,77.0,-13.976275009014238
17,77.5,-15.456802350824788
17,78.0,-17.886680947819457
17,78.5,-21.05969559998825
17,79.0,-22.695084564956005
17,79.5,-20.023661480335125
17,80.0,-15.755746241938258
17,80.5,-12.647254026397654
17,81.0,-10.500870901481669
17,81.5,-9.071974880341772
17,82.0,-8.117760382600226
17,82.5,-7.606003354740332
17,83.0,-7.50494186311815
17,83.5,-7.802940532705355
17,84.0,-8.524707051210733
17,84.5,-9.733868793957408
17,85.0,-11.52025121447165
17,85.5,-13.972613662633307
17,86.0,-17.455432552167423
17,86.5,-21.440464646311053
17,87.0,-22.833973724519552
17,87.5,-20.33620659962533
17,88.0,-18.02284489886108
17,88.5,-17.094504272486475
17,89.0,-17.41295022053779
17,89.5,-19.07263336226856
17,90.0,-22.60110267356468
17,90.5,-24.74190347824341
17,91.0,-20.38759598407592
17,91.5,-15.280075885592622
17,92.0,-11.846002208259875
17,92.5,-9.312771414378886
17,93.0,-7.449391069695951
17,93.5,-6.113054608024177
17,94.0,-5.110064641422331
17,94.5,-4.412689568745725
17,95.0,-3.977901151033972
17,95.5,-3.7664038355179135
17,96.0,-3.755598072043676
17,96.5,-3.931527726011189
17,97.0,-4.292456622449488
17,97.5,-4.854234877340973
17,98.0,-5.643177375767831
17,98.5,-6.682680803835183
17,99.0,-8.137134327732262
17,99.5,-10.151972199387552
17,100.0,-12.132798078221136
18,0.0,-19.32749747504297
18,0.5,-18.59782604111831
18,1.0,-17.00988035953381
18,1.5,-14.963268045011633
18,2.0,-12.758074566795443
18,2.5,-10.649831334448722
18,3.0,-8.865449556698136
18,3.5,-7.533132337074486
18,4.0,-6.571057025271036
18,4.5,-6.008049682650585
18,5.0,-5.84971354765396
18,5.5,-6.104616708048565
18,6.0,-6.794653096035288
18,6.5,-8.049432453363512
18,7.0,-9.989791018169257
18,7.5,-12.552571778154816
18,8.0,-15.392818763665082
18,8.5,-17.597673734432973
18,9.0,-16.748966710529128
18,9.5,-13.71194600309585
18,10.0,-11.130823420897476
18,10.5,-9.556443998312249
18,11.0,-8.76587253346965
18,11.5,-8.61434347300468
18,12.0,-9.032468858467135
18,12.5,-9.998747546761582
18,13.0,-11.638910283280088
18,13.5,-13.85340505109019
18,14.0,-15.458701862485205
18,14.5,-16.2253506515345
18,15.0,-15.678750057649587
18,15.5,-14.575685935085032
18,16.0,-13.702550269174615
18,16.5,-13.374780760633865
18,17.0,-13.720168755507572
18,17.5,-14.907994242268352
18,18.0,-17.271112397911754
18,18.5,-21.17764409826088
18,19.0,-23.43161039103641
18,19.5,-20.334756049496917
18,20.0,-16.613820501305508
18,20.5,-13.751274029530697
18,21.0,-11.84104870370176
18,21.5,-10.748422667625537
18,22.0,-10.337433939644791
18,22.5,-10.54976740268053
18,23.0,-11.39960883250767
18,23.5,-13.085694523050984
18,24.0,-15.856077851483002
18,24.5,-19.538890873399342
18,25.0,-20.53634205150442
18,25.5,-16.654606229484465
18,26.0,-12.787422283958808
18,26.5,-10.125855152480815
18,27.0,-8.340052145274127
18,27.5,-7.07103343186075
18,28.0,-6.236950348380599
18,28.5,-5.760352933383136
18,29.0,-5.578747564720515
18,29.5,-5.650944840395704
18,30.0,-5.949640099467296
18,30.5,-6.44257608057158
18,31.0,-7.095711006346744
18,31.5,-7.848317081163155
18,32.0,-8.585576967838406
18,32.5,-9.23798837212168
18,33.0,-9.703492772489048
18,33.5,-9.954480747250397
18,34.0,-10.02885372598125
18,34.5,-9.982601186808962
18,35.0,-9.91443663578842
18,35.5,-9.921111194978348
18,36.0,-10.054260710161127
18,36.5,-10.300318269436016
18,37.0,-10.465866008181395
18,37.5,-10.31983855740432
18,38.0,-9.870086953794488
18,38.5,-9.179399159104204
18,39.0,-8.331487851740922
18,39.5,-7.456184611596778
18,40.0,-6.686978760404825
18,40.5,-6.044673269971726
18,41.0,-5.589742152242476
18,41.5,-5.349541745586154
18,42.0,-5.342403719851396
18,42.5,-5.589811034283801
18,43.0,-6.146575468614224
18,43.5,-7.056111767030247
18,44.0,-8.349236165142617
18,44.5,-10.21367092232453
18,45.0,-12.749751151101792
18,45.5,-15.89836093185401
18,46.0,-17.374096692296888
18,46.5,-15.697535546518717
18,47.0,-13.762937894783366
18,47.5,-12.393276630479669
18,48.0,-11.593355220641222
18,48.5,-11.221282552524997
18,49.0,-10.93142103944143
18,49.5,-10.776350919982612
18,50.0,-10.888675966371212
18,50.5,-11.1856302472057
18,51.0,-11.519506565871607
18,51.5,-11.593107148028531
18,52.0,-11.292108900319915
18,52.5,-10.922514417352383
18,53.0,-10.781426610915386
18,53.5,-10.999309416694556
18,54.0,-11.6392404762373
18,54.5,-12.693304891433154
18,55.0,-13.742334417374394
18,55.5,-14.070953451769196
18,56.0,-13.905252895614638
18,56.5,-13.542570873362758
18,57.0,-13.0409411861113
18,57.5,-12.28392784178087
18,58.0,-11.403596652864444
18,58.5,-10.65521648902088
18,59.0,-10.149606025324706
18,59.5,-9.875230735273137
18,60.0,-9.726346500166894
18,60.5,-9.598947023172284
18,61.0,-9.415743380127362
18,61.5,-9.182228731255243
18,62.0,-8.946749912687647
18,62.5,-8.698836506355011
18,63.0,-8.4962808091921
18,63.5,-8.504500968450404
18,64.0,-8.850476932869286
18,64.5,-9.615246495981197
18,65.0,-10.890760117527638
18,65.5,-12.735761476554444
18,66.0,-14.93940243749823
18,66.5,-16.33971047334996
18,67.0,-15.23604666743659
18,67.5,-13.3780555215029
18,68.0,-11.759858433136168
18,68.5,-10.56272641858659
18,69.0,-9.746631480191656
18,69.5,-9.40283510753979
18,70.0,-9.531649552446853
18,70.5,-10.120106115413476
18,71.0,-11.11964033317543
18,71.5,-12.406774096636523
18,72.0,-13.664011637953664
18,72.5,-14.26625966227913
18,73.0,-13.32249231035386
18,73.5,-11.466158675057232
18,74.0,-9.989873091627691
18,74.5,-9.016895912208652
18,75.0,-8.554142961328575
18,75.5,-8.56578314787574
18,76.0,-9.08335695137708
18,76.5,-10.129684176864307
18,77.0,-11.88718148660602
18,77.5,-14.52594176596324
18,78.0,-18.19134282456876
18,78.5,-20.357245289070427
18,79.0,-17.454087845841915
18,79.5,-14.18821844582962
18,80.0,-12.0136218084972
18,80.5,-10.67988611705563
18,81.0,-9.970678139922114
18,81.5,-9.779299351337734
18,82.0,-10.026220721313983
18,82.5,-10.67215484378058
18,83.0,-11.641716533475469
18,83.5,-12.908288690816844
18,84.0,-14.15733155086192
18,84.5,-14.716810556763049
18,85.0,-13.98989590686962
18,85.5,-12.808283738800414
18,86.0,-11.929224655951058
18,86.5,-11.55630176978853
18,87.0,-11.713817193718429
18,87.5,-12.42554117080809
18,88.0,-13.737421217053702
18,88.5,-15.896998020950647
18,89.0,-18.93940552143573
18,89.5,-21.724725916299526
18,90.0,-20.746459055179308
18,90.5,-17.692246579852537
18,91.0,-15.206042123910663
18,91.5,-13.505140925403126
18,92.0,-12.525283546557016
18,92.5,-12.108890188111507
18,93.0,-12.239843732601235
18,93.5,-12.89059978443754
18,94.0,-14.105855782090057
18,94.5,-15.785046891439103
18,95.0,-17.462986699623062
18,95.5,-17.782196847441583
18,96.0,-15.449907888444448
18,96.5,-12.682749523753708
18,97.0,-10.476536508487792
18,97.5,-8.820771493787094
18,98.0,-7.612520991646635
18,98.5,-6.806056442417239
18,99.0,-6.30316756308369
18,99.5,-6.100437564905617
18,100.0,-6.127244574781989
19,0.0,-25.527826391044197
19,0.5,-24.69919303526468
19,1.0,-23.080532899928546
19,1.5,-21.518056628840228
19,2.0,-20.10545852027749
19,2.5,-19.023570975625304
19,3.0,-18.50956555112219
19,3.5,-18.591780372303056
19,4.0,-19.349452052023832
19,4.5,-20.871516418404248
19,5.0,-22.826556763224637
19,5.5,-22.963725359697573
19,6.0,-21.00505590630045
19,6.5,-17.799430279584353
19,7.0,-14.814446007495746
19,7.5,-12.636834243675125
19,8.0,-11.000898443785047
19,8.5,-9.862743149420869
19,9.0,-9.165696278423184
19,9.5,-8.869718291096381
19,10.0,-8.967345260818519
19,10.5,-9.486415514187472
19,11.0,-10.4779850385997
19,11.5,-12.058188776073232
19,12.0,-14.228529839807752
19,12.5,-16.016626474755228
19,13.0,-17.874847606311544
19,13.5,-19.07052518235444
19,14.0,-19.1036418721245
19,14.5,-17.552833713831237
19,15.0,-16.03721593300364
19,15.5,-15.126443466351054
19,16.0,-14.94604728228478
19,16.5,-15.329832059660202
19,17.0,-16.08865520111824
19,17.5,-16.790691630794836
19,18.0,-16.81496451131259
19,18.5,-15.475615603737456
19,19.0,-13.12525125828187
19,19.5,-10.843794602761095
19,20.0,-9.071890442191968
19,20.5,-7.814058034517733
19,21.0,-6.91943610176104
19,21.5,-6.373896638907657
19,22.0,-6.14812321139272
19,22.5,-6.2141463282360885
19,23.0,-6.5506605903866415
19,23.5,-7.17570488750431
19,24.0,-8.081641058638805
19,24.5,-9.284052943452243
19,25.0,-10.80494571104402
19,25.5,-12.656062432325124
19,26.0,-15.03948945339574
19,26.5,-17.334526009209704
19,27.0,-17.74100432353283
19,27.5,-16.368767576115214
19,28.0,-14.32982987614776
19,28.5,-12.56987217682608
19,29.0,-11.222901543140566
19,29.5,-10.265707139509296
19,30.0,-9.549328457489112
19,30.5,-9.027415794987366
19,31.0,-8.639434235233178
19,31.5,-8.336468133152744
19,32.0,-8.099033651121493
19,32.5,-7.901045481775066
19,33.0,-7.750168437934433
19,33.5,-7.656604856883937
19,34.0,-7.622943511437524
19,34.5,-7.649632467752887
19,35.0,-7.703767282488771
19,35.5,-7.727267086802308
19,36.0,-7.727150802250355
19,36.5,-7.783150207470983
19,37.0,-7.950386271798082
19,37.5,-8.235781533284946
19,38.0,-8.650022168233594
19,38.5,-9.155841533826129
19,39.0,-9.67897393233622
19,39.5,-10.081509061525688
19,40.0,-10.303428103346285
19,40.5,-10.493824990934598
19,41.0,-10.774561528079207
19,41.5,-11.19068697873958
19,42.0,-11.667188413022146
19,42.5,-11.906935071649173
19,43.0,-11.797760404474714
19,43.5,-11.512170312062528
19,44.0,-11.15862175139036
19,44.5,-10.804619269020922
19,45.0,-10.529495139560847
19,45.5,-10.337588848443916
19,46.0,-10.10638178760508
19,46.5,-9.633769914518709
19,47.0,-8.994450493736018
19,47.5,-8.361374171243096
19,48.0,-7.770165113583189
19,48.5,-7.234961079973089
19,49.0,-6.79313917459576
19,49.5,-6.450671119378477
19,50.0,-6.257923245876369
19,50.5,-6.250108411967584
19,51.0,-6.458942095986583
19,51.5,-6.913954922837284
19,52.0,-7.649637426579893
19,52.5,-8.689189982455234
19,53.0,-10.017183893890472
19,53.5,-11.726715744695692
19,54.0,-13.69462755123612
19,54.5,-15.453127646577212
19,55.0,-16.560063941980623
19,55.5,-17.062662471867625
19,56.0,-16.74964958088209
19,56.5,-16.469505552198125
19,57.0,-16.703730756584964
19,57.5,-17.253061624817015
19,58.0,-17.550744387152314
19,58.5,-16.98492904013224
19,59.0,-15.536848306396918
19,59.5,-13.759966031131468
19,60.0,-12.12081647120172
19,60.5,-10.839477392175864
19,61.0,-9.930474701637666
19,61.5,-9.389496899658306
19,62.0,-9.230191104229023
19,62.5,-9.445529566905014
19,63.0,-10.01234691941532
19,63.5,-10.798630595712508
19,64.0,-11.771189272624058
19,64.5,-12.934513911698703
19,65.0,-14.223277032793044
19,65.5,-15.2567700948123
19,66.0,-15.41447337584972
19,66.5,-14.762233895873155
19,67.0,-13.770009011723038
19,67.5,-12.952501094360478
19,68.0,-12.451791307798713
19,68.5,-12.236315708522795
19,69.0,-12.214794828782976
19,69.5,-12.32430428593131
19,70.0,-12.512633598228971
19,70.5,-12.758570431164603
19,71.0,-12.697978330526354
19,71.5,-12.358984707627792
19,72.0,-12.2017037330259
19,72.5,-12.221667056091125
19,73.0,-12.387040160780176
19,73.5,-12.625107914554846
19,74.0,-12.82542761816084
19,74.5,-12.895869384783756
19,75.0,-12.837165384241487
19,75.5,-12.75075071021572
19,76.0,-12.803443621530343
19,76.5,-13.168687235734852
19,77.0,-14.064049674766157
19,77.5,-15.668180783125464
19,78.0,-17.97385945183923
19,78.5,-19.54595808126419
19,79.0,-17.571787473012446
19,79.5,-13.340306668779265
19,80.0,-9.944985633375683
19,80.5,-7.46210733950655
19,81.0,-5.616508143910795
19,81.5,-4.299498727161707
19,82.0,-3.3392387539755117
19,82.5,-2.7231004917767
19,83.0,-2.4265952767849144
19,83.5,-2.40974870243532
19,84.0,-2.6686152238738527
19,84.5,-3.1994155611880286
19,85.0,-3.987368713759224
19,85.5,-4.9854641199740986
19,86.0,-6.222409609538691
19,86.5,-7.603102907025738
19,87.0,-9.030243891471557
19,87.5,-10.405584669615749
19,88.0,-11.657654154653752
19,88.5,-12.944117703110718
19,89.0,-14.4045830375525
19,89.5,-16.13547931011235
19,90.0,-17.892324169798066
19,90.5,-18.1578118426094
19,91.0,-15.964561877270649
19,91.5,-12.892968247928277
19,92.0,-10.3261980807486
19,92.5,-8.274202660683047
19,93.0,-6.72691533783793
19,93.5,-5.629416179083228
19,94.0,-4.847685953524973
19,94.5,-4.371178349667508
19,95.0,-4.173543854960995
19,95.5,-4.226438743141225
19,96.0,-4.504604107843752
19,96.5,-5.011645094505331
19,97.0,-5.724642262626932
19,97.5,-6.625745967153619
19,98.0,-7.670098972337394
19,98.5,-8.743375148443652
19,99.0,-9.764411332994026
19,99.5,-10.496853405920888
19,100.0,-10.757950910336422
20,0.0,-18.60069955060687
20,0.5,-18.622396736299983
20,1.0,-18.68147419653703
20,1.5,-18.76889873887332
20,2.0,-18.85717134869741
20,2.5,-18.89069806163121
20,3.0,-18.742497056992768
20,3.5,-18.23191334855348
20,4.0,-17.355252281006447
20,4.5,-16.382734287882048
20,5.0,-15.514968585539226
20,5.5,-14.857671891917423
20,6.0,-14.463138948020806
20,6.5,-14.295948425712496
20,7.0,-14.298995753705576
20,7.5,-14.38117236675788
20,8.0,-14.55337855434109
20,8.5,-14.85937227082799
20,9.0,-15.307529780234434
20,9.5,-15.556548173007052
20,10.0,-15.139815604654755
20,10.5,-14.807983869128734
20,11.0,-14.68771101871119
20,11.5,-14.720865200080206
20,12.0,-14.767951205198097
20,12.5,-14.984638648804026
20,13.0,-15.370946838176284
20,13.5,-15.633275416804503
20,14.0,-15.30792652888794
20,14.5,-14.165364073052798
20,15.0,-12.598845593819153
20,15.5,-11.072303831113002
20,16.0,-9.801454080030858
20,16.5,-8.879503197385498
20,17.0,-8.261818400222875
20,17.5,-7.97568109248998
20,18.0,-8.022010601896563
20,18.5,-8.381943288455282
20,19.0,-9.005283104588448
20,19.5,-9.848379548902884
20,20.0,-10.644237073700069
20,20.5,-10.82088387745561
20,21.0,-10.123613773484738
20,21.5,-8.718132821242147
20,22.0,-7.292748730231548
20,22.5,-6.1552397379827495
20,23.0,-5.381495752891954
20,23.5,-4.92979098726675
20,24.0,-4.8262133839293
20,24.5,-5.087671213859742
20,25.0,-5.729090218156763
20,25.5,-6.75431032046418
20,26.0,-8.270511305578088
20,26.5,-10.25266065597154
20,27.0,-12.4557867767161
20,27.5,-14.133550137752922
20,28.0,-13.579259399282831
20,28.5,-11.64266600395079
20,29.0,-9.857467916557043
20,29.5,-8.65363781029131
20,30.0,-7.957469872559949
20,30.5,-7.760177029426419
20,31.0,-8.040068215884862
20,31.5,-8.769929727609252
20,32.0,-9.88112041121544
20,32.5,-11.31684402907918
20,33.0,-12.696301230245304
20,33.5,-13.081772264848365
20,34.0,-12.03388735233044
20,34.5,-10.411826287534652
20,35.0,-8.850058526878698
20,35.5,-7.6206027750919265
20,36.0,-6.792240049813865
20,36.5,-6.288723069744485
20,37.0,-6.103579876135592
20,37.5,-6.206477467681249
20,38.0,-6.581326105780791
20,38.5,-7.19520835418792
20,39.0,-7.9373869864429025
20,39.5,-8.387837984695173
20,40.0,-8.366637452368979
20,40.5,-8.172757038131593
20,41.0,-7.89968161475424
20,41.5,-7.582930299151124
20,42.0,-7.277582818373223
20,42.5,-7.045663885800328
20,43.0,-6.9307952903108205
20,43.5,-6.99705290767701
20,44.0,-7.282115545786332
20,44.5,-7.840814983702717
20,45.0,-8.690029709618681
20,45.5,-9.795105297430556
20,46.0,-10.817557562457209
20,46.5,-11.491091728881868
20,47.0,-11.75561309091959
20,47.5,-11.553795160906834
20,48.0,-11.263732070098866
20,48.5,-11.0651788239688
20,49.0,-10.994097898084512
20,49.5,-10.97829609599987
20,50.0,-10.920894238603752
20,50.5,-10.879960695050626
20,51.0,-10.931134952745351
20,51.5,-11.03015560657244
20,52.0,-11.006169763685955
20,52.5,-10.692313258754156
20,53.0,-10.242545261314415
20,53.5,-9.898579551424303
20,54.0,-9.825160832758128
20,54.5,-10.11863073580794
20,55.0,-10.852820101063648
20,55.5,-12.077088921132074
20,56.0,-13.914787889957855
20,56.5,-16.23925335560224
20,57.0,-17.972256805175387
20,57.5,-17.987537436671175
20,58.0,-15.190877494668715
20,58.5,-11.359649846376117
20,59.0,-8.69254339134182
20,59.5,-6.78849035828643
20,60.0,-5.302008046233624
20,60.5,-4.175764251450678
20,61.0,-3.3468026155114026
20,61.5,-2.766432034974419
20,62.0,-2.418642101528011
20,62.5,-2.264884138701071
20,63.0,-2.3078569614103386
20,63.5,-2.540222158282864
20,64.0,-2.985881524062273
20,64.5,-3.658554427265464
20,65.0,-4.601290471812855
20,65.5,-5.870648435662824
20,66.0,-7.515450878062387
20,66.5,-9.810867950282756
20,67.0,-12.960144713425592
20,67.5,-16.5373956369915
20,68.0,-18.531885736142343
20,68.5,-16.798547352572296
20,69.0,-13.671318716805988
20,69.5,-11.31852817470868
20,70.0,-9.85271244515601
20,70.5,-8.988561877385372
20,71.0,-8.647296976355562
20,71.5,-8.773255977165668
20,72.0,-9.33161854098553
20,72.5,-10.29366616110513
20,73.0,-11.738508977588154
20,73.5,-13.65489476954639
20,74.0,-15.967199499969396
20,74.5,-17.910045016686663
20,75.0,-18.532093077995658
20,75.5,-18.74553101669409
20,76.0,-18.834569017616992
20,76.5,-18.88780786563495
20,77.0,-19.10675559261174
20,77.5,-19.014794430113167
20,78.0,-18.61343334252094
20,78.5,-17.423516278689966
20,79.0,-16.160157280891127
20,79.5,-15.205005391685535
20,80.0,-14.577910977454035
20,80.5,-14.016350870395984
20,81.0,-13.220644012421513
20,81.5,-12.760861639160323
20,82.0,-12.653223071382072
20,82.5,-12.792143017843555
20,83.0,-12.974955095992913
20,83.5,-12.953156938409087
20,84.0,-12.543477618256512
20,84.5,-11.777710981866438
20,85.0,-10.87720816480318
20,85.5,-10.08812238849724
20,86.0,-9.50314818447985
20,86.5,-9.21969277396042
20,87.0,-9.287135891491172
20,87.5,-9.731782347699289
20,88.0,-10.560229832058456
20,88.5,-11.849149769599284
20,89.0,-13.541263011415635
20,89.5,-15.326431100278228
20,90.0,-16.379164393761375
20,90.5,-15.17214669581783
20,91.0,-13.068945815675317
20,91.5,-11.318211610405998
20,92.0,-10.09385417124647
20,92.5,-9.27854983369256
20,93.0,-8.853479128961812
20,93.5,-8.770953212683066
20,94.0,-8.97906928390463
20,94.5,-9.429880960964743
20,95.0,-10.060492024847582
20,95.5,-10.778960951197062
20,96.0,-11.465155889598469
20,96.5,-12.088795249310175
20,97.0,-12.629230468766618
20,97.5,-13.170211297678382
20,98.0,-13.846565596435026
20,98.5,-14.783332749086869
20,99.0,-16.220037089197785
20,99.5,-18.37392697706637
20,100.0,-20.58683588943712
21,0.0,-10.38059850449
21,0.5,-10.4149613776752
21,1.0,-10.47540732751983
21,1.5,-10.442427885028112
21,2.0,-10.135076965966542
21,2.5,-9.398770890618655
21,3.0,-8.29571366681309
21,3.5,-7.139751888653722
21,4.0,-6.129167596637786
21,4.5,-5.426192260700434
21,5.0,-5.077388227504056
21,5.5,-5.0819748985202615
21,6.0,-5.421822906196045
21,6.5,-6.093781007745386
21,7.0,-7.029344095600656
21,7.5,-8.076969827534883
21,8.0,-9.076990912279614
21,8.5,-9.567485812093508
21,9.0,-8.76311204494625
21,9.5,-7.350645019033323
21,10.0,-6.315387365604415
21,10.5,-5.699016464024474
21,11.0,-5.541194705988429
21,11.5,-5.86518924391468
21,12.0,-6.703144549595207
21,12.5,-8.096977359676664
21,13.0,-10.278992187918805
21,13.5,-13.25527476619668
21,14.0,-15.733015924834568
21,14.5,-15.043903842414464
21,15.0,-12.713188449667824
21,15.5,-10.402368809282104
21,16.0,-8.848484781801979
21,16.5,-8.010484895625195
21,17.0,-7.740287019745104
21,17.5,-8.023366879355606
21,18.0,-8.883220065034621
21,18.5,-10.38066535510698
21,19.0,-12.600082643068507
21,19.5,-15.910775684672892
21,20.0,-19.725402052446206
21,20.5,-20.4987292147359
21,21.0,-17.6787239002123
21,21.5,-15.14760702447035
21,22.0,-13.753395390705355
21,22.5,-13.298749139835769
21,23.0,-13.697609816051637
21,23.5,-15.0772118982524
21,24.0,-17.83896105091335
21,24.5,-23.02982237520261
21,25.0,-27.892841161051333
21,25.5,-22.246017197380944
21,26.0,-16.45139122381343
21,26.5,-13.256662921860658
21,27.0,-11.342839815722463
21,27.5,-10.144514237280564
21,28.0,-9.540985769213538
21,28.5,-9.467897979797106
21,29.0,-9.90571208609114
21,29.5,-10.876573104919157
21,30.0,-12.584292227043106
21,30.5,-15.303609030765294
21,31.0,-19.514788348977227
21,31.5,-22.88721778636893
21,32.0,-19.1091617963406
21,32.5,-14.692604764616195
21,33.0,-11.591485585743971
21,33.5,-9.514064088752727
21,34.0,-8.008164908301849
21,34.5,-6.96796517713708
21,35.0,-6.305904934605531
21,35.5,-5.961149442052586
21,36.0,-5.907829105643686
21,36.5,-6.132527163411334
21,37.0,-6.642134171962756
21,37.5,-7.433062280671999
21,38.0,-8.597051004336548
21,38.5,-10.17898606753323
21,39.0,-12.237552393324982
21,39.5,-14.08715471516182
21,40.0,-15.35500062667691
21,40.5,-15.477765373559237
21,41.0,-14.451740245163982
21,41.5,-13.442067848778027
21,42.0,-12.439390511733505
21,42.5,-11.23773205477216
21,43.0,-10.194312685883297
21,43.5,-9.482980361296276
21,44.0,-9.082230127028806
21,44.5,-8.933474598693294
21,45.0,-9.033782334556514
21,45.5,-9.389767031570168
21,46.0,-9.9945833701505
21,46.5,-10.670708361407756
21,47.0,-11.25362295561475
21,47.5,-11.99084559964626
21,48.0,-13.015896466971425
21,48.5,-14.273667406200705
21,49.0,-15.214194255522104
21,49.5,-14.733124347664411
21,50.0,-13.513517953536397
21,50.5,-12.282012745466856
21,51.0,-11.249517985174046
21,51.5,-10.542008527497536
21,52.0,-10.171075828203408
21,52.5,-10.109071870289572
21,53.0,-10.319776793636867
21,53.5,-10.775774195233776
21,54.0,-11.41227051781401
21,54.5,-12.150076630013135
21,55.0,-12.902018991827845
21,55.5,-13.592948512799474
21,56.0,-14.252795334813449
21,56.5,-14.808987798887424
21,57.0,-14.860136627244104
21,57.5,-14.914138970778096
21,58.0,-15.217537953925344
21,58.5,-15.734682055344582
21,59.0,-16.308552518249083
21,59.5,-16.442632395851682
21,60.0,-15.453677273694666
21,60.5,-14.176266168509954
21,61.0,-12.89897349408221
21,61.5,-11.787250746313967
21,62.0,-10.967157878627972
21,62.5,-10.427820288758577
21,63.0,-10.20197412663904
21,63.5,-10.273359352743675
21,64.0,-10.582001346691245
21,64.5,-11.020919264488017
21,65.0,-11.627703618003563
21,65.5,-12.475822971290992
21,66.0,-13.460933668467453
21,66.5,-14.295870984349063
21,67.0,-14.532947181472492
21,67.5,-14.17719920520928
21,68.0,-13.4681228362342
21,68.5,-12.708719087253128
21,69.0,-12.089284456364188
21,69.5,-11.746125522796367
21,70.0,-11.719468108307495
21,70.5,-12.023237589977846
21,71.0,-12.668293807749732
21,71.5,-13.6662500164858
21,72.0,-15.012072976874288
21,72.5,-16.66382685368728
21,73.0,-18.6366084302186
21,73.5,-20.22355769792155
21,74.0,-20.59001445868407
21,74.5,-19.624694463057136
21,75.0,-18.34299450382519
21,75.5,-17.423498400586645
21,76.0,-16.999792036933545
21,76.5,-17.00168394683352
21,77.0,-17.25459758754977
21,77.5,-17.44708820407271
21,78.0,-16.838191233780123
21,78.5,-15.256818431768894
21,79.0,-13.860113404003284
21,79.5,-12.795070257911677
21,80.0,-12.16552927223002
21,80.5,-12.016458672794885
21,81.0,-12.386970344139575
21,81.5,-13.336250049292804
21,82.0,-15.094708008408388
21,82.5,-17.759119002270555
21,83.0,-19.796415369612863
21,83.5,-20.280120666064885
21,84.0,-17.681628842234034
21,84.5,-14.69712431167298
21,85.0,-12.611110433311948
21,85.5,-11.373284607178554
21,86.0,-10.78138235480728
21,86.5,-10.832916011956046
21,87.0,-11.58665800046152
21,87.5,-13.193429514376955
21,88.0,-15.959111261376222
21,88.5,-20.758988144435417
21,89.0,-22.857216896277784
21,89.5,-18.475084616949484
21,90.0,-13.784804339921468
21,90.5,-10.896743949432196
21,91.0,-9.08963668974984
21,91.5,-8.00152934885939
21,92.0,-7.498737419228691
21,92.5,-7.478902408659398
21,93.0,-7.925364598477018
21,93.5,-8.78192918372623
21,94.0,-10.003055950948584
21,94.5,-11.227729906546196
21,95.0,-11.719084662180702
21,95.5,-10.979349643119155
21,96.0,-9.52351174109318
21,96.5,-7.995711090593473
21,97.0,-6.775615617792077
21,97.5,-5.952256856678749
21,98.0,-5.519480569092386
21,98.5,-5.469389115860865
21,99.0,-5.798683108603051
21,99.5,-6.526072344919182
21,100.0,-7.318059737868474
