Canal,Frecuencia,Magnitud
0,0.0,-14.28847155088679
0,0.5,-13.830394524425744
0,1.0,-12.704700739692337
0,1.5,-11.235501134802478
0,2.0,-9.756443855254917
0,2.5,-8.440413430230741
0,3.0,-7.371176495524331
0,3.5,-6.619192133752668
0,4.0,-6.171306610493568
0,4.5,-6.085717363971629
0,5.0,-6.420039266360401
0,5.5,-7.245060130866019
0,6.0,-8.652234583856783
0,6.5,-10.98271928380234
0,7.0,-14.61509398325967
0,7.5,-18.821988480941982
0,8.0,-16.82600620022794
0,8.5,-12.04565472528989
0,9.0,-8.808461181260887
0,9.5,-6.660276416926817
0,10.0,-5.277280677727641
0,10.5,-4.378864189868625
0,11.0,-3.9016768788376126
0,11.5,-3.78752594372582
0,12.0,-3.98675904930656
0,12.5,-4.45582827341831
0,13.0,-5.2023866454647925
0,13.5,-6.195625604112262
0,14.0,-7.3876795024543584
0,14.5,-8.852131688049134
0,15.0,-10.569293229829054
0,15.5,-12.594860350259651
0,16.0,-15.000519698669592
0,16.5,-17.581722137667683
0,17.0,-19.818566513941324
0,17.5,-21.62576530420071
0,18.0,-22.09639141548997
0,18.5,-19.822906006437822
0,19.0,-17.57799530057846
0,19.5,-15.970126244038608
0,20.0,-15.009770776383466
0,20.5,-14.625401311614084
0,21.0,-14.73336334028979
0,21.5,-15.26621632777922
0,22.0,-16.0201875656262
0,22.5,-16.54723832577816
0,23.0,-16.39349424816514
0,23.5,-15.356413697518674
0,24.0,-13.68528658312576
0,24.5,-12.03365990721898
0,25.0,-10.786961534346538
0,25.5,-10.050351333606358
0,26.0,-9.778794209096432
0,26.5,-9.994852812697696
0,27.0,-10.69552374936803
0,27.5,-11.97365504937098
0,28.0,-13.895662250202536
0,28.5,-16.600039550777083
0,29.0,-20.009668401964905
0,29.5,-22.88711899774182
0,30.0,-23.31959353788545
0,30.5,-21.283315744641985
0,31.0,-18.760035135256693
0,31.5,-16.612118713007256
0,32.0,-14.837462020044736
0,32.5,-13.282771813089964
0,33.0,-12.032561394438046
0,33.5,-11.158007443652629
0,34.0,-10.634829559524883
0,34.5,-10.494393621874842
0,35.0,-10.70774996254266
0,35.5,-11.162792945184757
0,36.0,-11.613786903907751
0,36.5,-11.63386466746588
0,37.0,-10.944315311563544
0,37.5,-9.986151192142565
0,38.0,-9.15066997222358
0,38.5,-8.709685818509222
0,39.0,-8.800153379123708
0,39.5,-9.4867446966847
0,40.0,-10.745906687256202
0,40.5,-12.39584794465505
0,41.0,-13.294507136588727
0,41.5,-12.052683333771544
0,42.0,-9.776175987258856
0,42.5,-7.868692677050488
0,43.0,-6.529773292740568
0,43.5,-5.821657058368253
0,44.0,-5.723322294636625
0,44.5,-6.2349616833429415
0,45.0,-7.412275765928164
0,45.5,-9.380491860479392
0,46.0,-12.193124808622258
0,46.5,-14.784461041076035
0,47.0,-14.161645386978169
0,47.5,-12.128424081919905
0,48.0,-10.582510574278048
0,48.5,-9.762725451307317
0,49.0,-9.681922788364185
0,49.5,-10.299921539175656
0,50.0,-11.544099574346182
0,50.5,-13.089495248788058
0,51.0,-14.221030765717412
0,51.5,-14.022889970294663
0,52.0,-12.966051957136
0,52.5,-12.117587571470294
0,53.0,-11.98032935066182
0,53.5,-12.78955716501746
0,54.0,-14.875896844233932
0,54.5,-18.82057172928706
0,55.0,-21.586434360532337
0,55.5,-16.728061267448595
0,56.0,-12.012248579306355
0,56.5,-8.987101571912683
0,57.0,-7.082720494812999
0,57.5,-5.848479295907345
0,58.0,-5.180477565638003
0,58.5,-4.999783344129376
0,59.0,-5.250110190863235
0,59.5,-5.892069880183096
0,60.0,-6.965360817876953
0,60.5,-8.460150938698959
0,61.0,-10.380076859476146
0,61.5,-12.507462134147792
0,62.0,-12.914513273438406
0,62.5,-12.221277571917469
0,63.0,-11.217417412956616
0,63.5,-10.273269060682178
0,64.0,-9.520341269644726
0,64.5,-9.064797297403883
0,65.0,-8.939115683847106
0,65.5,-9.137962698377391
0,66.0,-9.627672964253676
0,66.5,-10.386081624592032
0,67.0,-11.28122768786841
0,67.5,-12.122176711476664
0,68.0,-12.763149579962212
0,68.5,-13.198097065363344
0,69.0,-13.531894731600818
0,69.5,-13.783441845315938
0,70.0,-13.94099488563849
0,70.5,-14.048965962256473
0,71.0,-14.144828445803954
0,71.5,-14.250598639039175
0,72.0,-14.408394296566708
0,72.5,-14.69985021882226
0,73.0,-15.278726158839802
0,73.5,-16.2750452171419
0,74.0,-17.757304154763105
0,74.5,-19.497349966474644
0,75.0,-20.491301669182985
0,75.5,-19.273490605442657
0,76.0,-17.702309862516056
0,76.5,-16.27817507258616
0,77.0,-14.719107335281508
0,77.5,-13.41934207843086
0,78.0,-12.180223637172595
0,78.5,-10.746849886184105
0,79.0,-9.168227243987698
0,79.5,-7.537119999339713
0,80.0,-6.085136237164793
0,80.5,-4.926266881129364
0,81.0,-4.106348471840621
0,81.5,-3.663083404020061
0,82.0,-3.5834617911499063
0,82.5,-3.894864981930112
0,83.0,-4.59011841551085
0,83.5,-5.7219665114065705
0,84.0,-7.246927219966311
0,84.5,-9.045225003731046
0,85.0,-10.765639869984668
0,85.5,-11.869572889882514
0,86.0,-12.273623490985967
0,86.5,-12.408409345121562
0,87.0,-12.869225311727272
0,87.5,-14.038179476128848
0,88.0,-16.094524803716375
0,88.5,-19.31372129542993
0,89.0,-22.800457589535373
0,89.5,-21.13855365238624
0,90.0,-17.49460931768213
0,90.5,-15.58318607183714
0,91.0,-15.15410853387832
0,91.5,-16.007663837664317
0,92.0,-17.848724966066474
0,92.5,-18.82266567380955
0,93.0,-16.088518489942995
0,93.5,-12.421037763621174
0,94.0,-9.556976522352883
0,94.5,-7.600995614953911
0,95.0,-6.397063835900326
0,95.5,-5.825128663061003
0,96.0,-5.8415247876414425
0,96.5,-6.453326934581163
0,97.0,-7.710188534918375
0,97.5,-9.693287399326517
0,98.0,-12.216175724318148
0,98.5,-13.813819369047954
0,99.0,-12.712063853420815
0,99.5,-10.292436300459702
0,100.0,-8.69496397570914
1,0.0,-25.599054696429764
1,0.5,-20.63775284587952
1,1.0,-15.74390810060573
1,1.5,-12.49989602032812
1,2.0,-10.247031296582357
1,2.5,-8.638736925701965
1,3.0,-7.49884836719061
1,3.5,-6.771222651444502
1,4.0,-6.370610955327999
1,4.5,-6.303570749278429
1,5.0,-6.577715024496033
1,5.5,-7.204542851174206
1,6.0,-8.194718340074449
1,6.5,-9.692970124015591
1,7.0,-11.829830330376572
1,7.5,-14.863328414831976
1,8.0,-19.42072609932666
1,8.5,-22.63980080594768
1,9.0,-21.500151344473288
1,9.5,-17.916378339424867
1,10.0,-15.3029869553804
1,10.5,-13.710515825896094
1,11.0,-13.01518771847024
1,11.5,-13.11505462659538
1,12.0,-13.999659532320774
1,12.5,-15.701233748856671
1,13.0,-18.21749324986146
1,13.5,-20.020477949753587
1,14.0,-18.55172132671769
1,14.5,-15.305887464489642
1,15.0,-12.674832163426547
1,15.5,-10.81818645178387
1,16.0,-9.550065061305862
1,16.5,-8.731073630277338
1,17.0,-8.169685098549428
1,17.5,-7.780521345161521
1,18.0,-7.494053847621528
1,18.5,-7.292463977176849
1,19.0,-7.217570488566323
1,19.5,-7.343161285096848
1,20.0,-7.762778177296583
1,20.5,-8.534023605529354
1,21.0,-9.734672723491345
1,21.5,-11.185972538889438
1,22.0,-12.333920282660118
1,22.5,-12.417426984261422
1,23.0,-10.81070868305914
1,23.5,-9.133949138962208
1,24.0,-8.084882977385561
1,24.5,-7.750870902603676
1,25.0,-8.19167634179119
1,25.5,-9.54182361254434
1,26.0,-12.318825080452031
1,26.5,-16.964043354464714
1,27.0,-19.54530924035495
1,27.5,-15.115497041524607
1,28.0,-10.510570806643557
1,28.5,-7.843461329062324
1,29.0,-6.432911199686831
1,29.5,-5.970868716078066
1,30.0,-6.349409553106433
1,30.5,-7.667710321140719
1,31.0,-10.236737446568082
1,31.5,-14.37959635330865
1,32.0,-16.075956114505328
1,32.5,-11.699261289806628
1,33.0,-7.921410770537966
1,33.5,-5.607275209138589
1,34.0,-4.203830697165509
1,34.5,-3.557725586447341
1,35.0,-3.5837518138580453
1,35.5,-4.255945107529607
1,36.0,-5.6019055422731325
1,36.5,-7.905673244697766
1,37.0,-11.600813299173486
1,37.5,-17.3059533156291
1,38.0,-19.859800041357435
1,38.5,-14.514552149734492
1,39.0,-10.849028771832764
1,39.5,-8.828561436477953
1,40.0,-7.784761767362565
1,40.5,-7.315312496567268
1,41.0,-7.25885139428265
1,41.5,-7.485518385596487
1,42.0,-7.900021687448114
1,42.5,-8.453559307303733
1,43.0,-9.223761098295348
1,43.5,-10.319913751249096
1,44.0,-11.9222058573068
1,44.5,-14.579201665536411
1,45.0,-19.425211600160857
1,45.5,-25.57106099106548
1,46.0,-19.945737716841094
1,46.5,-14.716493328865347
1,47.0,-11.209118726542991
1,47.5,-8.902601972505357
1,48.0,-7.365815739898598
1,48.5,-6.36649037942
1,49.0,-5.810776836679343
1,49.5,-5.603709396346631
1,50.0,-5.734984860599565
1,50.5,-6.185124961310235
1,51.0,-6.994276372832502
1,51.5,-8.170324551746893
1,52.0,-9.73130165030837
1,52.5,-11.590576096151164
1,53.0,-13.32806605772566
1,53.5,-14.314415771697192
1,54.0,-14.229466894237682
1,54.5,-13.71082585366062
1,55.0,-13.40810859322386
1,55.5,-13.550011129007734
1,56.0,-13.957425732210956
1,56.5,-14.335811371041736
1,57.0,-14.72258778663564
1,57.5,-14.92975946667486
1,58.0,-14.73939316767826
1,58.5,-14.32429707307859
1,59.0,-14.091429303154127
1,59.5,-14.37909831440665
1,60.0,-15.391799302957295
1,60.5,-16.840452292496224
1,61.0,-17.174905979866416
1,61.5,-15.086053083459689
1,62.0,-12.163841758502356
1,62.5,-9.67581027929536
1,63.0,-7.91212374408923
1,63.5,-6.845454422700994
1,64.0,-6.350058625480866
1,64.5,-6.4379012060725005
1,65.0,-7.143255680475158
1,65.5,-8.53063182013533
1,66.0,-10.688319126529876
1,66.5,-14.009504416599937
1,67.0,-18.313112670905426
1,67.5,-20.47737210265054
1,68.0,-18.431720598202865
1,68.5,-16.43104292988494
1,69.0,-15.887076887081188
1,69.5,-16.973186551035024
1,70.0,-19.941506311063957
1,70.5,-23.756280709475305
1,71.0,-21.22593536658041
1,71.5,-15.726082392973524
1,72.0,-12.313257632663673
1,72.5,-10.372520192443258
1,73.0,-9.329833466780428
1,73.5,-9.062793580937736
1,74.0,-9.521725545539878
1,74.5,-10.701601749476309
1,75.0,-12.598264146338956
1,75.5,-15.336683557899084
1,76.0,-18.34727817270222
1,76.5,-19.568493042450744
1,77.0,-18.3252918043793
1,77.5,-17.04088744314893
1,78.0,-16.629796497088215
1,78.5,-16.813704758711427
1,79.0,-16.76141132161146
1,79.5,-15.393668472142869
1,80.0,-13.178713052916606
1,80.5,-11.210551882851703
1,81.0,-9.864160149788397
1,81.5,-9.21790989245991
1,82.0,-9.257800061394986
1,82.5,-10.083606992024407
1,83.0,-11.846025371196427
1,83.5,-15.199870681977009
1,84.0,-21.357039887459045
1,84.5,-24.097381914914568
1,85.0,-17.879023069873732
1,85.5,-14.024549911606504
1,86.0,-12.133619760026946
1,86.5,-11.586048144535066
1,87.0,-12.244613075921237
1,87.5,-14.266811537489309
1,88.0,-18.00596898795192
1,88.5,-21.10635070056399
1,89.0,-16.401625882643202
1,89.5,-11.845487893338564
1,90.0,-8.897667657773379
1,90.5,-7.041621606895296
1,91.0,-5.957708687397483
1,91.5,-5.46214341398494
1,92.0,-5.463287084023169
1,92.5,-5.90334595691934
1,93.0,-6.737193153050487
1,93.5,-7.874626651149994
1,94.0,-9.29124075655292
1,94.5,-10.78079566905794
1,95.0,-12.080777378829287
1,95.5,-12.957230511786404
1,96.0,-13.36563618409265
1,96.5,-13.513020773462369
1,97.0,-13.598131506992736
1,97.5,-13.766272238267645
1,98.0,-14.103198398423949
1,98.5,-14.650248133983988
1,99.0,-15.446671838522022
1,99.5,-16.297011158634547
1,100.0,-16.66978126175592
2,0.0,-18.41809241276904
2,0.5,-13.672931640131086
2,1.0,-9.39134666427604
2,1.5,-6.772401226551467
2,2.0,-5.239097164367435
2,2.5,-4.49068271040024
2,3.0,-4.364627461501441
2,3.5,-4.781828812477894
2,4.0,-5.743538626331021
2,4.5,-7.2300934221727005
2,5.0,-9.219474312423852
2,5.5,-11.490267267406548
2,6.0,-13.164935033100017
2,6.5,-13.269826709977208
2,7.0,-12.454190053963211
2,7.5,-11.83935931328573
2,8.0,-11.703754288794704
2,8.5,-11.9985453695994
2,9.0,-12.371492138358349
2,9.5,-12.564139760673989
2,10.0,-12.680038030500176
2,10.5,-12.791434272565184
2,11.0,-12.975035921239026
2,11.5,-13.352504219561766
2,12.0,-14.019020678335329
2,12.5,-14.848310927180904
2,13.0,-15.460988306958615
2,13.5,-15.97917285080587
2,14.0,-16.128729716344218
2,14.5,-15.654608689002757
2,15.0,-14.773293049866266
2,15.5,-13.88817901440112
2,16.0,-13.234500916258469
2,16.5,-12.917781747963105
2,17.0,-12.970989136697582
2,17.5,-13.46360884542197
2,18.0,-14.496100580794243
2,18.5,-16.112981897512576
2,19.0,-17.733076381444697
2,19.5,-18.401590412277805
2,20.0,-18.01545358592495
2,20.5,-15.92687751459034
2,21.0,-13.190510988545032
2,21.5,-11.08907094188334
2,22.0,-9.610417037486442
2,22.5,-8.642950615455733
2,23.0,-8.134180770884331
2,23.5,-8.00956788746227
2,24.0,-8.261796101174763
2,24.5,-8.887375237305168
2,25.0,-9.872166016589809
2,25.5,-11.153702298156242
2,26.0,-12.699517560528776
2,26.5,-14.150544039961172
2,27.0,-15.256394319282812
2,27.5,-16.399822225986565
2,28.0,-17.988832622617792
2,28.5,-17.619324923110405
2,29.0,-15.167357277424074
2,29.5,-13.3796828528774
2,30.0,-12.11845571545068
2,30.5,-11.227851143038908
2,31.0,-10.63132452555435
2,31.5,-10.3749773545348
2,32.0,-10.486537599205716
2,32.5,-10.948889356531758
2,33.0,-11.705324148253212
2,33.5,-12.642375842367088
2,34.0,-13.584915228687672
2,34.5,-14.197622886328547
2,35.0,-14.719253544681877
2,35.5,-15.508640210536225
2,36.0,-16.653133252392095
2,36.5,-17.952242954873284
2,37.0,-18.26564858629925
2,37.5,-16.577416793191375
2,38.0,-14.496783806448027
2,38.5,-12.66117058096064
2,39.0,-11.026269572353748
2,39.5,-9.78439228174775
2,40.0,-9.17477269411594
2,40.5,-9.198511906438522
2,41.0,-9.93113360490264
2,41.5,-11.544697506835831
2,42.0,-14.34688995380048
2,42.5,-18.20004340905288
2,43.0,-18.68202839147826
2,43.5,-15.456581385586205
2,44.0,-11.830003736487358
2,44.5,-9.338544784341192
2,45.0,-7.754152663307867
2,45.5,-6.825749423708322
2,46.0,-6.388790219735099
2,46.5,-6.3428102452931325
2,47.0,-6.5891993840103575
2,47.5,-7.0107008887632025
2,48.0,-7.441694654687279
2,48.5,-7.705086616022664
2,49.0,-7.712931645619682
2,49.5,-7.50847415314265
2,50.0,-7.207323910847398
2,50.5,-6.938764612242024
2,51.0,-6.773922661931191
2,51.5,-6.766839348726267
2,52.0,-6.935259087836894
2,52.5,-7.267634309928501
2,53.0,-7.7258115024451826
2,53.5,-8.299284408480155
2,54.0,-8.91970958420189
2,54.5,-9.52582596351428
2,55.0,-10.059289830633224
2,55.5,-10.431378923719777
2,56.0,-10.56930839720193
2,56.5,-10.40672727073204
2,57.0,-9.947900059909156
2,57.5,-9.171991983850363
2,58.0,-8.154103630472333
2,58.5,-7.047288959907142
2,59.0,-6.032304943896803
2,59.5,-5.259306952803141
2,60.0,-4.756789603863156
2,60.5,-4.601790105710523
2,61.0,-4.857281398707134
2,61.5,-5.591321277048614
2,62.0,-6.885971011470699
2,62.5,-9.042539130878598
2,63.0,-12.375425746831526
2,63.5,-16.190916741880926
2,64.0,-15.184848002572846
2,64.5,-11.370611130924912
2,65.0,-8.600775753427303
2,65.5,-6.8843307466640855
2,66.0,-6.054234098502107
2,66.5,-5.96109505163623
2,67.0,-6.635363080092473
2,67.5,-8.183010706249492
2,68.0,-10.611244950679367
2,68.5,-12.727432601479627
2,69.0,-11.643545298003932
2,69.5,-8.446450028012924
2,70.0,-5.830141304366685
2,70.5,-4.016216541178966
2,71.0,-2.964476033479122
2,71.5,-2.597436991297339
2,72.0,-2.8821578474594234
2,72.5,-3.848587748167706
2,73.0,-5.745126668531082
2,73.5,-9.02406805428465
2,74.0,-15.344354442416993
2,74.5,-20.014238510009417
2,75.0,-13.846368474801574
2,75.5,-9.178139254303296
2,76.0,-6.842295761805209
2,76.5,-5.843181559321591
2,77.0,-5.782379121529669
2,77.5,-6.630044865346556
2,78.0,-8.547713151377502
2,78.5,-11.997544525265884
2,79.0,-17.984237053668032
2,79.5,-19.534600522470644
2,80.0,-14.321647110710222
2,80.5,-11.094801419007148
2,81.0,-9.554239226785237
2,81.5,-9.251725010759294
2,82.0,-10.038325383996574
2,82.5,-11.984579771082936
2,83.0,-14.875879713308326
2,83.5,-16.40360950652547
2,84.0,-13.65379294815004
2,84.5,-10.35699680391878
2,85.0,-8.022802193869675
2,85.5,-6.611869829850683
2,86.0,-5.832942113156421
2,86.5,-5.579449934573586
2,87.0,-5.737183419898673
2,87.5,-6.179539402832405
2,88.0,-6.763907680718082
2,88.5,-7.401185863262022
2,89.0,-7.968705097337915
2,89.5,-8.367063650352176
2,90.0,-8.519929225658752
2,90.5,-8.300394680172532
2,91.0,-7.645454969300321
2,91.5,-6.658719045606589
2,92.0,-5.590103630314388
2,92.5,-4.59836301696687
2,93.0,-3.8727802341062247
2,93.5,-3.519498197679059
2,94.0,-3.582325553749856
2,94.5,-4.136040355408442
2,95.0,-5.283927752363824
2,95.5,-7.172654542607137
2,96.0,-10.02642381902912
2,96.5,-14.78883967735972
2,97.0,-22.269197769911365
2,97.5,-20.942701516876557
2,98.0,-15.825592405750294
2,98.5,-13.749777823570302
2,99.0,-13.497423505832156
2,99.5,-14.97715338839608
2,100.0,-17.47044682763502
3,0.0,-6.840550177049372
3,0.5,-7.2097081365108275
3,1.0,-8.285017088178444
3,1.5,-10.061220583030114
3,2.0,-11.826656603556437
3,2.5,-11.793814936060958
3,3.0,-9.933694470666962
3,3.5,-8.096650194141608
3,4.0,-6.911236277193672
3,4.5,-6.520197195526792
3,5.0,-6.973190505733849
3,5.5,-8.361731879433169
3,6.0,-10.79053891966706
3,6.5,-14.211912774877993
3,7.0,-14.491943100828085
3,7.5,-10.792218862228546
3,8.0,-7.377910824644874
3,8.5,-5.181350474798037
3,9.0,-3.9478727659516673
3,9.5,-3.479262879839025
3,10.0,-3.712566421305674
3,10.5,-4.711358863496883
3,11.0,-6.662653762624718
3,11.5,-10.14335852153141
3,12.0,-16.3399964739339
3,12.5,-19.383053286974743
3,13.0,-12.597589882773509
3,13.5,-8.261642051243248
3,14.0,-5.934807756187834
3,14.5,-4.596697986691948
3,15.0,-3.981622271358541
3,15.5,-3.929198352488609
3,16.0,-4.316411778972721
3,16.5,-5.01669597619329
3,17.0,-5.932574494296504
3,17.5,-6.848615340715357
3,18.0,-7.557648601522397
3,18.5,-7.995291877098557
3,19.0,-8.298250777628281
3,19.5,-8.734634164609277
3,20.0,-9.503824280283926
3,20.5,-10.709637215426431
3,21.0,-12.48176543976648
3,21.5,-14.185223000263314
3,22.0,-13.523623345914013
3,22.5,-11.682041088887583
3,23.0,-9.885663371033528
3,23.5,-8.365073856564605
3,24.0,-7.274446813353508
3,24.5,-6.616345201793831
3,25.0,-6.352085238310544
3,25.5,-6.454767385902212
3,26.0,-6.919438255354699
3,26.5,-7.743679990757932
3,27.0,-8.90066839542136
3,27.5,-10.471589831533736
3,28.0,-12.395576921677796
3,28.5,-14.489496717865494
3,29.0,-15.884838485975171
3,29.5,-15.915214319915291
3,30.0,-15.76468382215475
3,30.5,-15.887867305300928
3,31.0,-16.335182693192586
3,31.5,-16.674976378740144
3,32.0,-16.15452981981845
3,32.5,-15.01738053912402
3,33.0,-13.445462912365246
3,33.5,-11.7533586613433
3,34.0,-10.18245043552199
3,34.5,-8.959891466460318
3,35.0,-8.136601858612671
3,35.5,-7.699763778184862
3,36.0,-7.634900720852787
3,36.5,-7.91650132597677
3,37.0,-8.514060255404692
3,37.5,-9.340026390510936
3,38.0,-10.3274469131122
3,38.5,-11.26725172161336
3,39.0,-11.92664186756355
3,39.5,-12.144215112960527
3,40.0,-11.999497559672422
3,40.5,-11.773469877313962
3,41.0,-11.719169611023036
3,41.5,-11.948628877406565
3,42.0,-12.416717339745444
3,42.5,-12.927559163878556
3,43.0,-13.283873237879948
3,43.5,-13.225086193602907
3,44.0,-12.52648080506314
3,44.5,-11.236611945967574
3,45.0,-9.746720438363145
3,45.5,-8.364567678587694
3,46.0,-7.227063083334726
3,46.5,-6.399604499444306
3,47.0,-5.835446072984213
3,47.5,-5.5579352721493445
3,48.0,-5.572468787410942
3,48.5,-5.877747864213277
3,49.0,-6.465558314789026
3,49.5,-7.389148609924358
3,50.0,-8.653495369582288
3,50.5,-10.2401641528494
3,51.0,-12.278163626076308
3,51.5,-14.67504703881955
3,52.0,-17.030624696976954
3,52.5,-18.135000452517158
3,53.0,-18.02927104187529
3,53.5,-17.919209786546816
3,54.0,-18.49728133036038
3,54.5,-20.104751583250632
3,55.0,-22.42441282318583
3,55.5,-22.78224773868528
3,56.0,-20.5233057799108
3,56.5,-17.191261501981668
3,57.0,-14.733797376507557
3,57.5,-13.116235475161044
3,58.0,-12.223684776183935
3,58.5,-11.936446025665395
3,59.0,-12.136329956389616
3,59.5,-12.66677764047275
3,60.0,-13.315587172476016
3,60.5,-13.691251296619935
3,61.0,-13.224081637883192
3,61.5,-11.936027543070487
3,62.0,-10.719686550854991
3,62.5,-9.870379241772728
3,63.0,-9.515531094214706
3,63.5,-9.69030637756585
3,64.0,-10.451113811513167
3,64.5,-11.844011695679876
3,65.0,-13.869198148920834
3,65.5,-16.20974022454346
3,66.0,-17.622316696000567
3,66.5,-16.41372186915054
3,67.0,-14.053254819346067
3,67.5,-12.325566860542148
3,68.0,-11.431099635658772
3,68.5,-11.313834814207116
3,69.0,-11.95474216218256
3,69.5,-13.438395834335086
3,70.0,-15.892154151462176
3,70.5,-19.303726219380195
3,71.0,-19.374413491492728
3,71.5,-17.245098807187603
3,72.0,-14.97526798537286
3,72.5,-13.34434986095098
3,73.0,-12.404045974887804
3,73.5,-12.102042170573664
3,74.0,-12.326202697093455
3,74.5,-12.928513659188852
3,75.0,-13.693262510703017
3,75.5,-14.339425338070033
3,76.0,-14.405339115873
3,76.5,-13.921080818717863
3,77.0,-13.33225474077171
3,77.5,-13.008632451369834
3,78.0,-13.129876261279284
3,78.5,-13.756259242687328
3,79.0,-14.868147164278009
3,79.5,-16.406462545438895
3,80.0,-17.795502206050074
3,80.5,-18.60052998876675
3,81.0,-18.97077321270592
3,81.5,-18.843730531813826
3,82.0,-18.097492762218238
3,82.5,-16.979412034191302
3,83.0,-15.844226934146503
3,83.5,-14.760547004943229
3,84.0,-13.825964737690237
3,84.5,-13.12288351417462
3,85.0,-12.768635692830848
3,85.5,-12.915442121294204
3,86.0,-13.770509482265936
3,86.5,-15.601754415300649
3,87.0,-18.680383375641437
3,87.5,-20.35353812624092
3,88.0,-16.331036409803218
3,88.5,-12.142370313848478
3,89.0,-9.218242491433111
3,89.5,-7.2889665394295395
3,90.0,-6.021167751388352
3,90.5,-5.374556920688448
3,91.0,-5.33334580828945
3,91.5,-5.9240263599422285
3,92.0,-7.232844484744974
3,92.5,-9.65357603735579
3,93.0,-13.946281040314616
3,93.5,-20.94215464549036
3,94.0,-17.982491848064598
3,94.5,-11.769411861652603
3,95.0,-8.447102978218886
3,95.5,-6.572797012291066
3,96.0,-5.664211928075336
3,96.5,-5.463744295793469
3,97.0,-5.931429476063151
3,97.5,-7.078420885829588
3,98.0,-8.894936421618729
3,98.5,-11.105377440178051
3,99.0,-12.785312347077108
3,99.5,-12.41928679886536
3,100.0,-11.247008486155602
4,0.0,-21.690863039700343
4,0.5,-22.742720691062736
4,1.0,-25.648456235842296
4,1.5,-23.98634350980775
4,2.0,-17.032601536405174
4,2.5,-12.657875764737522
4,3.0,-9.786312231864663
4,3.5,-7.937252465381804
4,4.0,-6.752698607858325
4,4.5,-6.178534154059948
4,5.0,-6.182235826915657
4,5.5,-6.758690514309329
4,6.0,-7.92594179466168
4,6.5,-9.863121446189057
4,7.0,-12.61624338410804
4,7.5,-15.523626961670583
4,8.0,-16.012315080359357
4,8.5,-13.652472749304064
4,9.0,-11.377153990410555
4,9.5,-9.915333624175554
4,10.0,-9.205901697821304
4,10.5,-9.0634015426048
4,11.0,-9.371888125595342
4,11.5,-9.938117323359686
4,12.0,-10.43451801589797
4,12.5,-10.51157699629142
4,13.0,-10.0669839628572
4,13.5,-9.287246709355152
4,14.0,-8.471657762147656
4,14.5,-7.74634839902738
4,15.0,-7.188330253596087
4,15.5,-6.780016813045279
4,16.0,-6.4711892141600975
4,16.5,-6.2270225762963145
4,17.0,-6.010821654437601
4,17.5,-5.833930153149939
4,18.0,-5.718930909993508
4,18.5,-5.690849704897298
4,19.0,-5.765622975803779
4,19.5,-5.949225991174653
4,20.0,-6.21921474792572
4,20.5,-6.526444899994791
4,21.0,-6.839302759488802
4,21.5,-7.104603234190645
4,22.0,-7.307185551657296
4,22.5,-7.48250170085736
4,23.0,-7.690338744690605
4,23.5,-7.998447687184836
4,24.0,-8.405486249410679
4,24.5,-8.855886136688474
4,25.0,-9.25011362621046
4,25.5,-9.502834511563142
4,26.0,-9.64095077393822
4,26.5,-9.760719665005633
4,27.0,-9.997676283287666
4,27.5,-10.502106397797268
4,28.0,-11.380435016022831
4,28.5,-12.592458011047508
4,29.0,-13.689101070145492
4,29.5,-15.169157545328993
4,30.0,-17.167495747773113
4,30.5,-18.584870376397376
4,31.0,-19.66226580217218
4,31.5,-20.183607857659684
4,32.0,-18.268898574139005
4,32.5,-15.880567605657284
4,33.0,-13.704944493216695
4,33.5,-11.715123527006918
4,34.0,-9.835797006904077
4,34.5,-8.21176694406738
4,35.0,-6.908126809085574
4,35.5,-5.947616509283077
4,36.0,-5.3619593178756455
4,36.5,-5.1260022881699925
4,37.0,-5.276764974537055
4,37.5,-5.831947433472126
4,38.0,-6.89233509973782
4,38.5,-8.563321294864203
4,39.0,-11.119339318787892
4,39.5,-15.180317628284474
4,40.0,-21.98570381103008
4,40.5,-24.41410714341805
4,41.0,-18.192365055666382
4,41.5,-14.21141840982876
4,42.0,-12.125879402393304
4,42.5,-11.145465002387375
4,43.0,-10.873906956568408
4,43.5,-11.114587622788273
4,44.0,-11.52140344808069
4,44.5,-11.840154272647132
4,45.0,-11.89892177243879
4,45.5,-11.394061447038652
4,46.0,-10.21223397252799
4,46.5,-8.693169140787232
4,47.0,-7.174744487458884
4,47.5,-5.922671027799606
4,48.0,-4.994621109122259
4,48.5,-4.377247559401398
4,49.0,-4.062032176569099
4,49.5,-4.01185333043055
4,50.0,-4.222910227530691
4,50.5,-4.670243018506352
4,51.0,-5.371498122479582
4,51.5,-6.300979107974681
4,52.0,-7.44692477661951
4,52.5,-8.782764588704676
4,53.0,-10.23475655754782
4,53.5,-11.856795754841432
4,54.0,-13.542222333674363
4,54.5,-15.1404898561209
4,55.0,-16.338042599084904
4,55.5,-16.81099023613825
4,56.0,-16.694936692443196
4,56.5,-16.35120668782311
4,57.0,-16.110199599377328
4,57.5,-16.175885388818664
4,58.0,-16.6860495231369
4,58.5,-17.423869195376795
4,59.0,-17.73270811565669
4,59.5,-17.506061253293684
4,60.0,-17.074209081450164
4,60.5,-16.31101410719535
4,61.0,-15.096073883876947
4,61.5,-13.505551653324876
4,62.0,-12.111693395579346
4,62.5,-11.098277625759245
4,63.0,-10.530593522477004
4,63.5,-10.42539750803143
4,64.0,-10.82564279386677
4,64.5,-11.84833485384863
4,65.0,-13.76122208775895
4,65.5,-17.11100438704996
4,66.0,-21.73867825767888
4,66.5,-21.658318046920986
4,67.0,-16.735609494768983
4,67.5,-12.552574461116397
4,68.0,-9.8517909299553
4,68.5,-8.170778335016161
4,69.0,-7.127751255244455
4,69.5,-6.655294279862304
4,70.0,-6.704547367463942
4,70.5,-7.27550770122185
4,71.0,-8.389685655124662
4,71.5,-10.057946953728006
4,72.0,-12.057234715949976
4,72.5,-13.557205742409458
4,73.0,-13.328888740919195
4,73.5,-11.587946538403148
4,74.0,-9.68902499423974
4,74.5,-8.224226028588728
4,75.0,-7.287525825307705
4,75.5,-6.759469274929403
4,76.0,-6.603945534119844
4,76.5,-6.765913155729326
4,77.0,-7.226574316415544
4,77.5,-7.985582842207076
4,78.0,-9.11002261652025
4,78.5,-10.73556599351964
4,79.0,-13.060323629992892
4,79.5,-16.715022945376266
4,80.0,-21.122336398499694
4,80.5,-19.389698396685997
4,81.0,-15.027525960751976
4,81.5,-11.967583666750375
4,82.0,-9.96660362010524
4,82.5,-8.811093454594507
4,83.0,-8.354470948055281
4,83.5,-8.504111115249081
4,84.0,-9.274423349942948
4,84.5,-10.727758605429884
4,85.0,-12.912027109875163
4,85.5,-15.581899797782723
4,86.0,-17.568639496071118
4,86.5,-16.959355501477543
4,87.0,-15.08771628293855
4,87.5,-13.64352941470815
4,88.0,-12.908946709513415
4,88.5,-12.667552144466438
4,89.0,-12.63293147368377
4,89.5,-12.43204140957804
4,90.0,-11.83911830863168
4,90.5,-11.005263715996652
4,91.0,-10.24928555842952
4,91.5,-9.823113332428369
4,92.0,-9.8690785728346
4,92.5,-10.458439792239137
4,93.0,-11.546824688602292
4,93.5,-12.71563192855002
4,94.0,-13.00751209369894
4,94.5,-11.750919179225068
4,95.0,-9.800364241719404
4,95.5,-8.082362280279913
4,96.0,-6.923713702921631
4,96.5,-6.292851554513465
4,97.0,-6.223034068584449
4,97.5,-6.7412370246577495
4,98.0,-7.893167101467725
4,98.5,-9.747604843075152
4,99.0,-12.679950408465936
4,99.5,-17.059248806341728
4,100.0,-20.957875383172706
5,0.0,-8.738169693227588
5,0.5,-8.981173634710558
5,1.0,-9.709231145052645
5,1.5,-11.043681832580631
5,2.0,-13.034885697345926
5,2.5,-15.362207697981829
5,3.0,-16.094319415146835
5,3.5,-14.00062960217326
5,4.0,-11.205670259596538
5,4.5,-9.005608999869445
5,5.0,-7.514837166571232
5,5.5,-6.644749322895229
5,6.0,-6.352412226564947
5,6.5,-6.609888787413263
5,7.0,-7.46525547803153
5,7.5,-8.977823487951646
5,8.0,-11.478514904601978
5,8.5,-15.400675823716549
5,9.0,-21.07517238909214
5,9.5,-22.563033533272023
5,10.0,-17.693206281826004
5,10.5,-14.570359263172492
5,11.0,-13.079682872326408
5,11.5,-12.654956102040371
5,12.0,-12.99948214484368
5,12.5,-13.904204331081845
5,13.0,-15.193438763663975
5,13.5,-16.44598378264136
5,14.0,-17.134461654569066
5,14.5,-17.155331211187672
5,15.0,-16.807774565945962
5,15.5,-16.164876629044382
5,16.0,-15.035572000314616
5,16.5,-13.462132203414146
5,17.0,-11.634207107005947
5,17.5,-9.94013669255154
5,18.0,-8.594835337534908
5,18.5,-7.680206103565751
5,19.0,-7.24484195782375
5,19.5,-7.285167856295787
5,20.0,-7.846509814901957
5,20.5,-8.943929443527782
5,21.0,-10.704821446238515
5,21.5,-13.054690560858717
5,22.0,-15.466969626722864
5,22.5,-16.935047009333395
5,23.0,-17.253283814532065
5,23.5,-17.36413381891654
5,24.0,-17.89018593581772
5,24.5,-19.65133278304012
5,25.0,-22.101705373911223
5,25.5,-19.05092218526944
5,26.0,-14.785903906365494
5,26.5,-11.241320503504108
5,27.0,-8.742861293046104
5,27.5,-6.990100994494275
5,28.0,-5.913941535209643
5,28.5,-5.443151612797146
5,29.0,-5.536814781815584
5,29.5,-6.192806272426577
5,30.0,-7.521598962847858
5,30.5,-9.62218668086372
5,31.0,-12.545684399815066
5,31.5,-14.947227642815092
5,32.0,-14.01232801496349
5,32.5,-11.49570305438016
5,33.0,-9.401577239021234
5,33.5,-8.109219089724778
5,34.0,-7.452718107541698
5,34.5,-7.367125655212042
5,35.0,-7.77017078486556
5,35.5,-8.537337335975929
5,36.0,-9.434903592955584
5,36.5,-10.135642393167496
5,37.0,-10.186106616745104
5,37.5,-9.60246081729595
5,38.0,-8.774174481574304
5,38.5,-8.083793064664253
5,39.0,-7.7136424657262594
5,39.5,-7.721188285917104
5,40.0,-8.117424344716833
5,40.5,-8.944824284038209
5,41.0,-10.21630262244638
5,41.5,-11.980654219163911
5,42.0,-14.273813413050622
5,42.5,-17.014387535033134
5,43.0,-20.19451670761793
5,43.5,-22.732476090701013
5,44.0,-22.693210990464955
5,44.5,-21.99780909723628
5,45.0,-21.877156593997785
5,45.5,-22.22848474994314
5,46.0,-22.914708021507774
5,46.5,-22.957085316083862
5,47.0,-21.140736597563983
5,47.5,-17.97579235272429
5,48.0,-15.211821322338547
5,48.5,-13.064229040769558
5,49.0,-11.437496324532413
5,49.5,-10.123023236807912
5,50.0,-9.10264296099522
5,50.5,-8.35663641932691
5,51.0,-7.8150124287525555
5,51.5,-7.494618851447718
5,52.0,-7.408491542305777
5,52.5,-7.574548924034049
5,53.0,-8.016037596745576
5,53.5,-8.815962558737317
5,54.0,-10.037164844037653
5,54.5,-11.79029075137332
5,55.0,-14.140564989064702
5,55.5,-16.70719550054114
5,56.0,-17.525340802322518
5,56.5,-16.05332674018168
5,57.0,-13.89593286041551
5,57.5,-12.01983318580742
5,58.0,-10.724735060740038
5,58.5,-9.95272417862732
5,59.0,-9.591229851368633
5,59.5,-9.54880222110638
5,60.0,-9.738544627535976
5,60.5,-10.096529894436063
5,61.0,-10.598439655134314
5,61.5,-11.276048594803616
5,62.0,-12.198362606042954
5,62.5,-13.541665592008927
5,63.0,-15.201340946565658
5,63.5,-16.09778255794537
5,64.0,-14.7874153449763
5,64.5,-12.220167509776708
5,65.0,-9.77819004797604
5,65.5,-7.905164495774405
5,66.0,-6.685367828038453
5,66.5,-6.026757653751684
5,67.0,-5.976566780825583
5,67.5,-6.614378228922485
5,68.0,-8.094811684645478
5,68.5,-10.731517864580198
5,69.0,-15.776658113122876
5,69.5,-22.14926839000879
5,70.0,-16.30068276049554
5,70.5,-10.914706188097274
5,71.0,-8.099372732883298
5,71.5,-6.690001785431569
5,72.0,-6.293676959755343
5,72.5,-6.838889988567098
5,73.0,-8.541058879324028
5,73.5,-11.933941026333295
5,74.0,-16.975956741933572
5,74.5,-14.609045609070304
5,75.0,-9.09863134514204
5,75.5,-5.492366753282579
5,76.0,-3.226259041890529
5,76.5,-1.8896635576489604
5,77.0,-1.1949563810063273
5,77.5,-1.101662842066336
5,78.0,-1.6134943861994278
5,78.5,-2.783248792735472
5,79.0,-4.727675952275446
5,79.5,-8.027529420714657
5,80.0,-14.13018219253355
5,80.5,-23.626923844100617
5,81.0,-14.770116471544208
5,81.5,-9.440258453579254
5,82.0,-6.826002203162823
5,82.5,-5.557219560996972
5,83.0,-5.2129412520101175
5,83.5,-5.6372993371635385
5,84.0,-6.867848309986514
5,84.5,-9.139934178489211
5,85.0,-13.097534450604671
5,85.5,-21.18436091253716
5,86.0,-24.26378887416149
5,86.5,-14.999049357492904
5,87.0,-10.90956992418069
5,87.5,-8.772849135880763
5,88.0,-7.732903365101766
5,88.5,-7.409459687272491
5,89.0,-7.705127512527447
5,89.5,-8.539575282507357
5,90.0,-9.939815174750713
5,90.5,-11.825373228103818
5,91.0,-13.968776366121231
5,91.5,-15.735343123653529
5,92.0,-16.414006570204517
5,92.5,-16.29340255876302
5,93.0,-16.154998345512475
5,93.5,-16.401700605697293
5,94.0,-16.917046691762625
5,94.5,-17.035871929238255
5,95.0,-16.06739855488424
5,95.5,-14.353069313037512
5,96.0,-12.71511889243079
5,96.5,-11.460036811497393
5,97.0,-10.750401664460918
5,97.5,-10.619315401615369
5,98.0,-11.06361395452006
5,98.5,-12.057156988579406
5,99.0,-13.607223595574697
5,99.5,-15.362920888910814
5,100.0,-16.314455994224733
6,0.0,-2.596394865750083
6,0.5,-2.7881838037143267
6,1.0,-3.3588880111047943
6,1.5,-4.400414124149194
6,2.0,-6.011501906319584
6,2.5,-8.459097256293262
6,3.0,-12.325894739578848
6,3.5,-18.849557825007373
6,4.0,-19.41099110332245
6,4.5,-13.048925231464835
6,5.0,-9.025612240106438
6,5.5,-6.4936419499528855
6,6.0,-4.866272596275232
6,6.5,-3.757763153424912
6,7.0,-3.0785163333899286
6,7.5,-2.7582861480832883
6,8.0,-2.724962988936001
6,8.5,-2.949802871231621
6,9.0,-3.3998893652943787
6,9.5,-4.027351091807872
6,10.0,-4.756601441569281
6,10.5,-5.572539371145681
6,11.0,-6.4003871578079945
6,11.5,-7.220661610552392
6,12.0,-8.07037486282468
6,12.5,-9.015310775129084
6,13.0,-10.254716769324604
6,13.5,-11.918439346462224
6,14.0,-14.08357050770086
6,14.5,-16.77954753191779
6,15.0,-18.428261704836064
6,15.5,-17.418145864818364
6,16.0,-15.57719761905776
6,16.5,-14.431670213958991
6,17.0,-14.2662521082343
6,17.5,-15.230021232910886
6,18.0,-17.117751181276823
6,18.5,-18.507084512367328
6,19.0,-17.837728594483725
6,19.5,-14.300155935261555
6,20.0,-10.755447621064471
6,20.5,-8.216788037644436
6,21.0,-6.545854634090975
6,21.5,-5.5882982906129
6,22.0,-5.253039967965869
6,22.5,-5.491054593947594
6,23.0,-6.276235476960152
6,23.5,-7.6453697806506735
6,24.0,-9.440407587273231
6,24.5,-11.16730321297695
6,25.0,-11.476646925468946
6,25.5,-9.801974931123755
6,26.0,-7.85508604213897
6,26.5,-6.477117432515222
6,27.0,-5.746409457724735
6,27.5,-5.575453304059224
6,28.0,-5.960793558947745
6,28.5,-6.916261104274107
6,29.0,-8.456271123040487
6,29.5,-10.525659351861794
6,30.0,-13.05294194894698
6,30.5,-15.044700516258358
6,31.0,-14.982732149216153
6,31.5,-14.06831691316784
6,32.0,-13.490498290526034
6,32.5,-13.369748976269385
6,33.0,-13.583253629213534
6,33.5,-13.701405336900097
6,34.0,-13.320745607724836
6,34.5,-12.50055973022548
6,35.0,-11.502434066410467
6,35.5,-10.59902424647317
6,36.0,-9.974379796748934
6,36.5,-9.6496573388614
6,37.0,-9.637914651924136
6,37.5,-9.88563881539785
6,38.0,-10.331628772684212
6,38.5,-10.865752663213264
6,39.0,-11.343429165220671
6,39.5,-11.544344020071389
6,40.0,-11.316010911660054
6,40.5,-10.784394047179267
6,41.0,-10.126281378153411
6,41.5,-9.419732830622308
6,42.0,-8.720370231370122
6,42.5,-8.113489618515692
6,43.0,-7.641163400577849
6,43.5,-7.399986926879563
6,44.0,-7.456239121691143
6,44.5,-7.871973272047764
6,45.0,-8.691183359872355
6,45.5,-9.936111684170626
6,46.0,-11.498134781860884
6,46.5,-12.890403549234112
6,47.0,-13.378541493581269
6,47.5,-12.818848303250611
6,48.0,-11.83275354396517
6,48.5,-10.952204698513256
6,49.0,-10.465238248639077
6,49.5,-10.440074298711458
6,50.0,-10.878235781867144
6,50.5,-11.635682427444486
6,51.0,-12.434001613436337
6,51.5,-12.686025732547048
6,52.0,-11.984354525153798
6,52.5,-10.613214843521462
6,53.0,-9.223976638091717
6,53.5,-8.108980873049338
6,54.0,-7.39243289409091
6,54.5,-7.071094775265685
6,55.0,-7.110935320519113
6,55.5,-7.477062198001099
6,56.0,-8.17253166331983
6,56.5,-9.167119719326292
6,57.0,-10.397522990251252
6,57.5,-11.895415820914511
6,58.0,-13.53224711806432
6,58.5,-15.131688885914553
6,59.0,-16.433978705281362
6,59.5,-17.19801848651502
6,60.0,-17.448975903535914
6,60.5,-17.28697586134094
6,61.0,-16.845781353669228
6,61.5,-16.208851906703288
6,62.0,-15.52144045095453
6,62.5,-14.917800843482343
6,63.0,-14.500231295375745
6,63.5,-14.276114726146927
6,64.0,-14.137836762588131
6,64.5,-13.886714668214095
6,65.0,-13.263750020619533
6,65.5,-12.170914645732216
6,66.0,-10.80611497304121
6,66.5,-9.36210449979346
6,67.0,-8.084526066763132
6,67.5,-7.080412125042556
6,68.0,-6.384436266237826
6,68.5,-6.021804243827335
6,69.0,-5.975953880237839
6,69.5,-6.264347244332696
6,70.0,-6.877968101567866
6,70.5,-7.872333336907292
6,71.0,-9.254179600807875
6,71.5,-11.06554801862048
6,72.0,-13.300136893221737
6,72.5,-15.576592099479424
6,73.0,-16.700525155860223
6,73.5,-15.879629361993238
6,74.0,-13.840068106844166
6,74.5,-11.552524239231516
6,75.0,-9.603579405535832
6,75.5,-7.991556682218372
6,76.0,-6.773910620471149
6,76.5,-5.962121373459144
6,77.0,-5.500527947828728
6,77.5,-5.421077857005555
6,78.0,-5.75175544262795
6,78.5,-6.5210667189935325
6,79.0,-7.751064346951944
6,79.5,-9.618953080846785
6,80.0,-12.241401397452838
6,80.5,-15.80488351007032
6,81.0,-19.986057484991505
6,81.5,-21.279663468262772
6,82.0,-19.64490541888977
6,82.5,-17.914887234694145
6,83.0,-16.87795276393898
6,83.5,-16.358837563865862
6,84.0,-15.894157371939276
6,84.5,-15.071155710713748
6,85.0,-14.07330353543414
6,85.5,-13.313457568670897
6,86.0,-12.994291094695363
6,86.5,-13.308417819370856
6,87.0,-14.46738138046649
6,87.5,-16.787828395448596
6,88.0,-20.688883088117432
6,88.5,-23.774264425442865
6,89.0,-19.89069010937646
6,89.5,-15.803126690342422
6,90.0,-13.226911087291308
6,90.5,-11.825968429774152
6,91.0,-11.355333460773764
6,91.5,-11.704304607615873
6,92.0,-12.834102672043368
6,92.5,-14.748788823374856
6,93.0,-16.629627705082324
6,93.5,-16.38523601226236
6,94.0,-14.07168282864431
6,94.5,-11.752349707044228
6,95.0,-10.143273599000295
6,95.5,-9.243121117467735
6,96.0,-8.991478666922038
6,96.5,-9.325216411776182
6,97.0,-10.220817055906627
6,97.5,-11.616271007022284
6,98.0,-13.230185571121494
6,98.5,-14.335721928559568
6,99.0,-14.28527183173062
6,99.5,-13.36278272868604
6,100.0,-12.61956283679536
7,0.0,-20.292207844549445
7,0.5,-18.542027625029743
7,1.0,-16.08529382594987
7,1.5,-13.869196687780402
7,2.0,-11.908389167827837
7,2.5,-10.28941898426982
7,3.0,-9.107258078716862
7,3.5,-8.410672216452722
7,4.0,-8.15660804156948
7,4.5,-8.37631007735162
7,5.0,-9.114865518145155
7,5.5,-10.435841397705872
7,6.0,-12.410753211533448
7,6.5,-15.378076761261582
7,7.0,-18.97555095668735
7,7.5,-20.79861406869368
7,8.0,-18.805799278465088
7,8.5,-16.994363459225998
7,9.0,-16.040681348672255
7,9.5,-15.787207339303292
7,10.0,-16.181159673894204
7,10.5,-16.947232061399845
7,11.0,-17.398601993498993
7,11.5,-16.713998328124354
7,12.0,-15.253852170287333
7,12.5,-13.98992131090236
7,13.0,-13.141289937945617
7,13.5,-12.735014961951247
7,14.0,-12.632066226441474
7,14.5,-12.531564661549629
7,15.0,-12.095472693408311
7,15.5,-11.15415571920832
7,16.0,-9.84259412843222
7,16.5,-8.483020995598553
7,17.0,-7.230321526379607
7,17.5,-6.254107927511319
7,18.0,-5.615820223402417
7,18.5,-5.332978317532033
7,19.0,-5.4237210711073045
7,19.5,-5.9300031893491
7,20.0,-6.918357611028961
7,20.5,-8.477565696718084
7,21.0,-11.010098998392964
7,21.5,-15.262544576621126
7,22.0,-21.49946171490788
7,22.5,-18.943425422886254
7,23.0,-13.852452589374208
7,23.5,-10.10140779849268
7,24.0,-7.629972381423182
7,24.5,-5.989425425127088
7,25.0,-4.919124573619126
7,25.5,-4.318872340785158
7,26.0,-4.090465824208633
7,26.5,-4.226465835653251
7,27.0,-4.7075265818258085
7,27.5,-5.575374942380004
7,28.0,-6.834163664986268
7,28.5,-8.498761577153875
7,29.0,-10.50936101219129
7,29.5,-12.58102161082431
7,30.0,-13.83084434532403
7,30.5,-12.964340216034325
7,31.0,-11.267172540236222
7,31.5,-9.86272609562094
7,32.0,-9.008243999600891
7,32.5,-8.632090764282138
7,33.0,-8.722686277949817
7,33.5,-9.233062700808537
7,34.0,-10.145906750393364
7,34.5,-11.311136145331334
7,35.0,-12.404593742034727
7,35.5,-12.916530902277223
7,36.0,-12.421831662711249
7,36.5,-11.074772047336646
7,37.0,-9.605875185599988
7,37.5,-8.50143880194419
7,38.0,-7.819447426829149
7,38.5,-7.618676244523113
7,39.0,-7.930749147811055
7,39.5,-8.794722302366601
7,40.0,-10.260677672034822
7,40.5,-12.587305128291677
7,41.0,-15.727851024173994
7,41.5,-17.58067900320028
7,42.0,-16.705339020591875
7,42.5,-15.421166396801196
7,43.0,-13.937533397977456
7,43.5,-13.311981243265189
7,44.0,-13.863866254081698
7,44.5,-15.787905562939969
7,45.0,-19.022176386046524
7,45.5,-19.734157833954438
7,46.0,-15.026123226946602
7,46.5,-11.255431339413734
7,47.0,-8.560728479462167
7,47.5,-6.7731595571421614
7,48.0,-5.701516142443321
7,48.5,-5.218155699674075
7,49.0,-5.268060594178611
7,49.5,-5.840209871808647
7,50.0,-6.952134066940687
7,50.5,-8.606220820780857
7,51.0,-11.01061464622232
7,51.5,-14.305431680059256
7,52.0,-18.937441665930518
7,52.5,-25.37589560808358
7,53.0,-27.595790829031003
7,53.5,-22.965186280689498
7,54.0,-18.664041635277467
7,54.5,-15.100548477590891
7,55.0,-12.11113297962132
7,55.5,-9.87242393834995
7,56.0,-8.21444681969622
7,56.5,-7.15671223747563
7,57.0,-6.676256892596675
7,57.5,-6.714115459964832
7,58.0,-7.239924664166161
7,58.5,-8.110218554276384
7,59.0,-8.860288549107677
7,59.5,-8.788874752057442
7,60.0,-7.817613421782743
7,60.5,-6.531538251900818
7,61.0,-5.426787404581638
7,61.5,-4.715572523981525
7,62.0,-4.4682282014909385
7,62.5,-4.673506869038897
7,63.0,-5.309242622335675
7,63.5,-6.260569794354767
7,64.0,-7.37801483026707
7,64.5,-8.244280990008695
7,65.0,-8.4669057855119
7,65.5,-8.184080615460626
7,66.0,-7.924241952895845
7,66.5,-8.097879245927492
7,67.0,-8.979062018177173
7,67.5,-10.871846661435503
7,68.0,-14.16598643100302
7,68.5,-17.89253884081866
7,69.0,-17.671757143849742
7,69.5,-13.492322750830647
7,70.0,-10.511860152011366
7,70.5,-8.817081695982216
7,71.0,-8.161272096290562
7,71.5,-8.429628226670948
7,72.0,-9.641230835196202
7,72.5,-11.962333533608843
7,73.0,-16.10645163192737
7,73.5,-20.90380195769401
7,74.0,-18.98482511443723
7,74.5,-14.543599317748695
7,75.0,-12.156022108724406
7,75.5,-11.153524576421946
7,76.0,-11.30160283545545
7,76.5,-12.5399016836073
7,77.0,-15.006706578050728
7,77.5,-18.26314956566156
7,78.0,-21.258521461615207
7,78.5,-18.000140431367775
7,79.0,-14.28001208368393
7,79.5,-12.234864595740309
7,80.0,-11.418516362173865
7,80.5,-11.59613899368424
7,81.0,-12.658754279635207
7,81.5,-14.430652010637145
7,82.0,-16.27203527458865
7,82.5,-16.267620837878113
7,83.0,-14.376657878729528
7,83.5,-12.36802125759034
7,84.0,-11.037184968816453
7,84.5,-10.45325814360186
7,85.0,-10.55890181715164
7,85.5,-11.316756648081313
7,86.0,-12.809517049604947
7,86.5,-15.103554301588794
7,87.0,-18.350317584864747
7,87.5,-22.432455537388684
7,88.0,-25.05469426047612
7,88.5,-23.700607508023506
7,89.0,-22.077652402558257
7,89.5,-21.73933589316987
7,90.0,-22.407865849739693
7,90.5,-23.568296692795567
7,91.0,-24.14859330027811
7,91.5,-22.708644623701552
7,92.0,-20.610399670803474
7,92.5,-18.605177774770805
7,93.0,-16.827703882334305
7,93.5,-15.314493950742191
7,94.0,-14.00682212803918
7,94.5,-13.028453188751618
7,95.0,-12.480927574086094
7,95.5,-12.458088330478525
7,96.0,-13.064146908813145
7,96.5,-14.491952631251865
7,97.0,-16.73714259277016
7,97.5,-18.414795150659213
7,98.0,-16.575164266685835
7,98.5,-13.150590177125416
7,99.0,-10.304529654871262
7,99.5,-8.32288609772507
7,100.0,-7.325020966601597
8,0.0,-13.136088823451576
8,0.5,-12.95601899819072
8,1.0,-12.514731093865135
8,1.5,-11.954647874582204
8,2.0,-11.422421254963307
8,2.5,-10.966502793537051
8,3.0,-10.535103738745818
8,3.5,-10.01295419013946
8,4.0,-9.255199782049878
8,4.5,-8.340545631876108
8,5.0,-7.451943422503717
8,5.5,-6.7290589186753245
8,6.0,-6.255310360972364
8,6.5,-6.0342892764414
8,7.0,-6.100024775369591
8,7.5,-6.454953189584001
8,8.0,-7.127556015699214
8,8.5,-8.09509896152573
8,9.0,-9.306560431008906
8,9.5,-10.61371761684665
8,10.0,-11.737087394685922
8,10.5,-12.525470186329375
8,11.0,-12.97690708884604
8,11.5,-13.370609967653811
8,12.0,-14.046063596287636
8,12.5,-15.295223197435748
8,13.0,-17.61580558211685
8,13.5,-21.529259046514365
8,14.0,-24.40379406365
8,14.5,-20.61090938439449
8,15.0,-16.274569044679904
8,15.5,-13.44998707577896
8,16.0,-11.76747615334832
8,16.5,-10.984431302371036
8,17.0,-10.956839072842376
8,17.5,-11.7339075109906
8,18.0,-13.468411175126942
8,18.5,-16.295181398440942
8,19.0,-17.505227958874926
8,19.5,-15.400240369709977
8,20.0,-12.535137167174993
8,20.5,-10.146491261512423
8,21.0,-8.485846832782933
8,21.5,-7.575055127626115
8,22.0,-7.36150023674364
8,22.5,-7.826257460555608
8,23.0,-8.991078630723655
8,23.5,-10.88750321316706
8,24.0,-13.253663188685277
8,24.5,-16.25789653931002
8,25.0,-17.427832870242206
8,25.5,-14.542680016573952
8,26.0,-11.991394695266752
8,26.5,-10.64186390152425
8,27.0,-10.232579003584435
8,27.5,-10.508469114419146
8,28.0,-11.360665952079591
8,28.5,-12.91902641504328
8,29.0,-15.29155185867713
8,29.5,-16.394250603873434
8,30.0,-13.52942253020641
8,30.5,-10.538959329420605
8,31.0,-8.819959536748465
8,31.5,-7.93764586075391
8,32.0,-7.701964727472697
8,32.5,-7.981128852382327
8,33.0,-8.679860310595704
8,33.5,-9.61854963063092
8,34.0,-10.60513223263069
8,34.5,-11.34691373721175
8,35.0,-11.80028144196324
8,35.5,-12.198805755163924
8,36.0,-12.813401240116136
8,36.5,-13.945135797253055
8,37.0,-15.774267683023211
8,37.5,-17.698636816019622
8,38.0,-18.59667943479896
8,38.5,-17.69950956165792
8,39.0,-16.32326913702061
8,39.5,-15.406274584684622
8,40.0,-14.98574191843914
8,40.5,-15.082327239023744
8,41.0,-15.899392400626162
8,41.5,-17.623923951055747
8,42.0,-20.06334290180765
8,42.5,-21.421299789350027
8,43.0,-19.151544623560444
8,43.5,-15.25028296794906
8,44.0,-11.993912813403544
8,44.5,-9.46465538753099
8,45.0,-7.522251314814663
8,45.5,-6.026618439025279
8,46.0,-4.893207598682934
8,46.5,-4.115683526236513
8,47.0,-3.641922146925108
8,47.5,-3.510783408187651
8,48.0,-3.759227901041622
8,48.5,-4.425017237624531
8,49.0,-5.540503899725264
8,49.5,-7.2810988378058354
8,50.0,-9.77674598453254
8,50.5,-13.157726956370755
8,51.0,-17.604813882823915
8,51.5,-19.728752575112267
8,52.0,-17.33611381476698
8,52.5,-15.69214313535179
8,53.0,-15.338056048950907
8,53.5,-15.917461865131092
8,54.0,-16.368996772275366
8,54.5,-15.235508753014656
8,55.0,-13.102149688328094
8,55.5,-11.067770665056038
8,56.0,-9.491632063838937
8,56.5,-8.589352930517796
8,57.0,-8.41690928160938
8,57.5,-9.04755097911045
8,58.0,-10.706009975603727
8,58.5,-14.047814597691096
8,59.0,-20.92038414618818
8,59.5,-23.48273814559417
8,60.0,-14.876138861606444
8,60.5,-10.33869351578729
8,61.0,-7.813453684346691
8,61.5,-6.365968485571343
8,62.0,-5.7047607214421605
8,62.5,-5.655003756814354
8,63.0,-6.1888681851254
8,63.5,-7.2723462880373795
8,64.0,-9.000474043272783
8,64.5,-11.337843123237263
8,65.0,-14.04782960778286
8,65.5,-16.046775157256455
8,66.0,-15.782968626750682
8,66.5,-14.41565330682281
8,67.0,-13.52314124899622
8,67.5,-13.439565031873972
8,68.0,-14.16684257483548
8,68.5,-15.657647208106289
8,69.0,-17.8465664490825
8,69.5,-19.75922840387205
8,70.0,-19.835216308897305
8,70.5,-17.24429570714142
8,71.0,-14.847976124138938
8,71.5,-13.253936116650582
8,72.0,-12.291566013844534
8,72.5,-11.864873185610003
8,73.0,-11.893817380190615
8,73.5,-12.38883127587317
8,74.0,-13.404770203181394
8,74.5,-15.014307189459348
8,75.0,-17.16677542966532
8,75.5,-19.280220745440623
8,76.0,-19.343375401701355
8,76.5,-17.162781931191827
8,77.0,-14.52016405149611
8,77.5,-12.410890288039717
8,78.0,-10.904684640424716
8,78.5,-9.896069752649748
8,79.0,-9.32229762347558
8,79.5,-9.090689581980175
8,80.0,-9.183076773540243
8,80.5,-9.584859034467415
8,81.0,-10.282670334563882
8,81.5,-11.250517931632409
8,82.0,-12.55782524828721
8,82.5,-14.164272499737558
8,83.0,-15.922880682836931
8,83.5,-17.654810083681596
8,84.0,-18.83525923842119
8,84.5,-19.113585344571
8,85.0,-18.529724592456414
8,85.5,-18.007747583980777
8,86.0,-18.249562729142145
8,86.5,-19.611738940552105
8,87.0,-22.725820040055424
8,87.5,-26.15327515174316
8,88.0,-21.63260203589623
8,88.5,-16.223636142283592
8,89.0,-12.638565894932782
8,89.5,-10.23438178373402
8,90.0,-8.500197327804926
8,90.5,-7.339594553448294
8,91.0,-6.670813648725953
8,91.5,-6.436990738110547
8,92.0,-6.615214514971085
8,92.5,-7.223872290502763
8,93.0,-8.292081678377555
8,93.5,-9.84599197619366
8,94.0,-12.134979239469924
8,94.5,-15.43490754106571
8,95.0,-20.670342312685317
8,95.5,-29.648096090012643
8,96.0,-27.16819523145874
8,96.5,-21.019853033883845
8,97.0,-18.15680071091035
8,97.5,-16.789494078249714
8,98.0,-16.299488987663413
8,98.5,-16.46508571187629
8,99.0,-17.230716522829386
8,99.5,-18.63431009061082
8,100.0,-20.12779990447069
9,0.0,-8.26594469207412
9,0.5,-8.456636551808806
9,1.0,-9.019364603628132
9,1.5,-10.026710397419563
9,2.0,-11.530510687874305
9,2.5,-13.66466462887773
9,3.0,-16.585152148841775
9,3.5,-20.08960655182572
9,4.0,-22.51065179260758
9,4.5,-21.390647752930786
9,5.0,-18.776949778696885
9,5.5,-17.07102994486322
9,6.0,-16.153125324033685
9,6.5,-15.659318348117846
9,7.0,-15.266455377035737
9,7.5,-14.736606049189437
9,8.0,-14.006043374608398
9,8.5,-13.195407029702556
9,9.0,-12.506551049832913
9,9.5,-11.939346056933182
9,10.0,-11.393791475996071
9,10.5,-10.831674355794188
9,11.0,-10.278873603567703
9,11.5,-9.648921515058095
9,12.0,-8.863629233343543
9,12.5,-8.007855176330425
9,13.0,-7.194321934211096
9,13.5,-6.58967412396148
9,14.0,-6.28778790413614
9,14.5,-6.322286266932591
9,15.0,-6.739769706262539
9,15.5,-7.568208161904661
9,16.0,-8.737184951335326
9,16.5,-9.926211548174038
9,17.0,-10.850582901186009
9,17.5,-11.162702895976528
9,18.0,-10.350789623575109
9,18.5,-8.91675895735608
9,19.0,-7.717213301510841
9,19.5,-6.849317184273432
9,20.0,-6.34491447911037
9,20.5,-6.151725452500018
9,21.0,-6.166928637867841
9,21.5,-6.283070543220965
9,22.0,-6.385715159104326
9,22.5,-6.4124973685098565
9,23.0,-6.388841047495692
9,23.5,-6.411790623059877
9,24.0,-6.610802535883654
9,24.5,-7.12647978350013
9,25.0,-8.087203327210915
9,25.5,-9.585442429355073
9,26.0,-11.794132053968704
9,26.5,-14.171423183320456
9,27.0,-14.43036313817769
9,27.5,-12.526344240320268
9,28.0,-10.2846644049031
9,28.5,-8.286413613499535
9,29.0,-6.959524446858336
9,29.5,-6.2715690833411095
9,30.0,-6.092507894379516
9,30.5,-6.37723488343937
9,31.0,-7.05135045631988
9,31.5,-7.947757263679202
9,32.0,-8.743279572285173
9,32.5,-9.106254615375388
9,33.0,-8.83346064674797
9,33.5,-8.142005942095206
9,34.0,-7.380497360864227
9,34.5,-6.859194692651659
9,35.0,-6.722181100483015
9,35.5,-7.015277493533339
9,36.0,-7.738306889877847
9,36.5,-8.936940494856449
9,37.0,-10.523994595137918
9,37.5,-12.16512574232552
9,38.0,-13.12230933200322
9,38.5,-12.4841018210557
9,39.0,-10.851116831985108
9,39.5,-9.595209527600694
9,40.0,-8.889257968765806
9,40.5,-8.633213862786414
9,41.0,-8.757823557339382
9,41.5,-9.122083595399785
9,42.0,-9.511944997611486
9,42.5,-9.68024963398026
9,43.0,-9.443765862684913
9,43.5,-8.863579760479396
9,44.0,-8.235277870158539
9,44.5,-7.766366403525842
9,45.0,-7.636749247744813
9,45.5,-7.97772589623515
9,46.0,-8.904465134347546
9,46.5,-10.517251628442349
9,47.0,-13.002497411115831
9,47.5,-15.748236112432863
9,48.0,-15.518900057973822
9,48.5,-11.911948078289146
9,49.0,-8.830117650316271
9,49.5,-6.669345554199439
9,50.0,-5.305004521811485
9,50.5,-4.609950996466398
9,51.0,-4.471295913646228
9,51.5,-4.895697016977141
9,52.0,-5.9118945195475625
9,52.5,-7.5022788239721665
9,53.0,-9.346837922875666
9,53.5,-10.459583861531726
9,54.0,-9.6732087835675
9,54.5,-7.845184427903511
9,55.0,-6.1992077076569
9,55.5,-5.1628909632601
9,56.0,-4.734003150311644
9,56.5,-4.963647971416051
9,57.0,-5.882801854687791
9,57.5,-7.681520587817524
9,58.0,-10.492523445015438
9,58.5,-13.752725033170798
9,59.0,-13.38422027041958
9,59.5,-9.924805350831942
9,60.0,-7.026632757263963
9,60.5,-5.200801644556952
9,61.0,-4.229825112135534
9,61.5,-3.949593947792254
9,62.0,-4.293350542857976
9,62.5,-5.2952845596369045
9,63.0,-7.029920704004765
9,63.5,-9.610787474347005
9,64.0,-13.610326907098468
9,64.5,-19.08891042511777
9,65.0,-19.649654337430874
9,65.5,-18.13917630264684
9,66.0,-17.432077831747446
9,66.5,-18.581186800589403
9,67.0,-21.986023088955783
9,67.5,-22.626481981128805
9,68.0,-16.456490816128383
9,68.5,-11.494568276688826
9,69.0,-8.33964307170954
9,69.5,-6.341639658172517
9,70.0,-5.212979450221582
9,70.5,-4.746713574399885
9,71.0,-4.942419376173187
9,71.5,-5.860784298325254
9,72.0,-7.648121774618432
9,72.5,-10.614702295880129
9,73.0,-16.158812042115006
9,73.5,-23.711914249422406
9,74.0,-17.405721052415018
9,74.5,-12.290383217581752
9,75.0,-9.956864342305728
9,75.5,-8.971540271472255
9,76.0,-9.039868592630626
9,76.5,-10.06920188216525
9,77.0,-12.271222934922868
9,77.5,-15.868550853303873
9,78.0,-19.10196525848508
9,78.5,-17.168245079782697
9,79.0,-13.927307614453822
9,79.5,-11.826436894607284
9,80.0,-10.91761506206486
9,80.5,-11.020505509141516
9,81.0,-11.963987193421636
9,81.5,-13.29122099078695
9,82.0,-13.719138568072404
9,82.5,-12.100182538665951
9,83.0,-9.759453402826296
9,83.5,-7.754597426414352
9,84.0,-6.408830690081678
9,84.5,-5.7260923619610775
9,85.0,-5.67383329769112
9,85.5,-6.261071299179222
9,86.0,-7.634575422550893
9,86.5,-10.045325599847246
9,87.0,-14.221564237085984
9,87.5,-20.624301657147488
9,88.0,-18.515829175934705
9,88.5,-13.016177787320697
9,89.0,-9.828175592918074
9,89.5,-8.061936744608957
9,90.0,-7.110983893663631
9,90.5,-6.793889797756157
9,91.0,-6.970233494060359
9,91.5,-7.487276661428381
9,92.0,-8.133000998331442
9,92.5,-8.686116501548184
9,93.0,-8.91131877768581
9,93.5,-8.814916733726893
9,94.0,-8.612724469220556
9,94.5,-8.56470894218275
9,95.0,-8.8728868483772
9,95.5,-9.662374245958338
9,96.0,-10.963015384236998
9,96.5,-12.694816320079784
9,97.0,-13.79957984870226
9,97.5,-12.669363948138258
9,98.0,-10.098601378309258
9,98.5,-7.668961250836112
9,99.0,-5.658452832632682
9,99.5,-4.130096929811205
9,100.0,-3.272523785162498
10,0.0,-15.643900561385356
10,0.5,-14.90230387052556
10,1.0,-13.36296279780935
10,1.5,-11.69025845862563
10,2.0,-10.233085454686224
10,2.5,-9.103531992503116
10,3.0,-8.335051124058191
10,3.5,-7.9553334323115825
10,4.0,-7.946239952110875
10,4.5,-8.317624054008194
10,5.0,-9.063812808658891
10,5.5,-10.144470491452928
10,6.0,-11.454950165133592
10,6.5,-12.9631042698704
10,7.0,-14.430963658323249
10,7.5,-15.460436043201115
10,8.0,-15.28700143257544
10,8.5,-13.454379516854464
10,9.0,-11.044646067029692
10,9.5,-8.716061786539747
10,10.0,-6.765223691667385
10,10.5,-5.157736289478893
10,11.0,-3.982355519901467
10,11.5,-3.2594353730173644
10,12.0,-2.99440756190678
10,12.5,-3.2101394649449566
10,13.0,-3.978920071129064
10,13.5,-5.401683714248539
10,14.0,-7.60890791415336
10,14.5,-11.109796429732748
10,15.0,-15.883206570021274
10,15.5,-16.5643570302324
10,16.0,-12.938988809163584
10,16.5,-10.42967292267688
10,17.0,-9.2137380323355
10,17.5,-9.102447721152602
10,18.0,-10.03290245235014
10,18.5,-12.036012437654811
10,19.0,-14.69406744177398
10,19.5,-15.245577994025249
10,20.0,-12.450047701436803
10,20.5,-9.483025256805869
10,21.0,-7.577277388592493
10,21.5,-6.547405856159232
10,22.0,-6.240611254923635
10,22.5,-6.550442314425594
10,23.0,-7.387280347802701
10,23.5,-8.707238143971088
10,24.0,-10.260174869813191
10,24.5,-11.60016698369417
10,25.0,-12.308251327102262
10,25.5,-12.478572578095523
10,26.0,-12.567625423695842
10,26.5,-12.694630496906456
10,27.0,-12.502187584570676
10,27.5,-11.514936382674138
10,28.0,-9.770476506738463
10,28.5,-7.813052246027429
10,29.0,-6.121171551575379
10,29.5,-4.920295914419103
10,30.0,-4.176152075693416
10,30.5,-3.92289394200634
10,31.0,-4.159647006114285
10,31.5,-4.858590818545198
10,32.0,-5.929063250119026
10,32.5,-7.247970625276456
10,33.0,-8.342379672125443
10,33.5,-8.684877119174244
10,34.0,-8.309334696975647
10,34.5,-7.716007467001863
10,35.0,-7.356190842334342
10,35.5,-7.445014023461431
10,36.0,-8.04456163563805
10,36.5,-9.185037056235233
10,37.0,-10.676679891786858
10,37.5,-11.973340749137057
10,38.0,-12.377382691198514
10,38.5,-11.71271021831457
10,39.0,-10.809877026900578
10,39.5,-10.314228937477706
10,40.0,-10.44318426442354
10,40.5,-11.225872649470992
10,41.0,-12.370887938608965
10,41.5,-12.729213734930122
10,42.0,-11.337590580437416
10,42.5,-9.161867039614052
10,43.0,-7.085865940723532
10,43.5,-5.494345476230635
10,44.0,-4.447576640515813
10,44.5,-3.846896673443132
10,45.0,-3.6947679061419256
10,45.5,-3.9857976696009607
10,46.0,-4.716976714875475
10,46.5,-5.881619798221689
10,47.0,-7.616435156464266
10,47.5,-10.000574951968844
10,48.0,-13.253096380815824
10,48.5,-17.422896244344994
10,49.0,-19.999774460795912
10,49.5,-18.809180259355298
10,50.0,-16.923110743322933
10,50.5,-15.739315711940424
10,51.0,-15.220977402848373
10,51.5,-15.333944330196994
10,52.0,-16.0367474471826
10,52.5,-17.263242111671353
10,53.0,-18.125303320436178
10,53.5,-18.67334111307037
10,54.0,-19.64188871961771
10,54.5,-21.11550858304261
10,55.0,-22.16810338210747
10,55.5,-20.536498571787774
10,56.0,-17.577163172581006
10,56.5,-14.908290181842832
10,57.0,-12.901661131312316
10,57.5,-11.475401315863277
10,58.0,-10.650288848317777
10,58.5,-10.379867453940433
10,59.0,-10.57221993109087
10,59.5,-11.01249139977581
10,60.0,-11.332940445526413
10,60.5,-11.273987566976718
10,61.0,-10.785780367786176
10,61.5,-9.978932781824213
10,62.0,-9.124533319864502
10,62.5,-8.422124817622402
10,63.0,-8.069093401445162
10,63.5,-8.163157814704963
10,64.0,-8.785923707276636
10,64.5,-10.026402114528254
10,65.0,-12.056120161495956
10,65.5,-15.137443096655891
10,66.0,-19.495034331267053
10,66.5,-22.726986602054797
10,67.0,-20.46582169345921
10,67.5,-17.6780523551766
10,68.0,-16.396165750790654
10,68.5,-16.458267687410086
10,69.0,-17.912761308083642
10,69.5,-21.111976218141955
10,70.0,-23.611712460204167
10,70.5,-22.98243013566133
10,71.0,-20.10529750603893
10,71.5,-16.509045313920016
10,72.0,-14.455460104533286
10,72.5,-13.547832790793253
10,73.0,-13.501927096004676
10,73.5,-14.30271090195967
10,74.0,-16.031835286901327
10,74.5,-18.697119332679808
10,75.0,-20.99076206719105
10,75.5,-19.183628161243437
10,76.0,-15.47233005346372
10,76.5,-12.882618305487847
10,77.0,-11.106223338424863
10,77.5,-9.995810221440244
10,78.0,-9.429973392533812
10,78.5,-9.326896948515886
10,79.0,-9.642291042213792
10,79.5,-10.3750092645351
10,80.0,-11.46841718919462
10,80.5,-12.745649251964052
10,81.0,-13.707133035115318
10,81.5,-13.667010812271725
10,82.0,-12.572807787970746
10,82.5,-11.120310734374256
10,83.0,-9.900569251369692
10,83.5,-9.043803353501904
10,84.0,-8.634494241284088
10,84.5,-8.68157351938244
10,85.0,-9.151213519665273
10,85.5,-9.939761167015238
10,86.0,-10.8659332896688
10,86.5,-11.411223620042165
10,87.0,-11.034951098282049
10,87.5,-9.96185644851684
10,88.0,-8.84046402439763
10,88.5,-7.968338074605986
10,89.0,-7.5218468514231
10,89.5,-7.563383957925293
10,90.0,-8.157568930051346
10,90.5,-9.40973662894448
10,91.0,-11.56300239631808
10,91.5,-15.125730382396585
10,92.0,-21.158857188049165
10,92.5,-24.47950962625057
10,93.0,-17.525835489187376
10,93.5,-13.555316077014291
10,94.0,-11.329728654685136
10,94.5,-10.203670864038848
10,95.0,-9.925201366570146
10,95.5,-10.4184394159274
10,96.0,-11.741758959245905
10,96.5,-14.34650728604668
10,97.0,-19.44561645487736
10,97.5,-30.845705798625577
10,98.0,-21.828515600576974
10,98.5,-15.180094276263487
10,99.0,-11.811405671197118
10,99.5,-9.887779292252276
10,100.0,-9.06334261655934
11,0.0,-12.050640204166989
11,0.5,-11.992011174258408
11,1.0,-11.91674966255395
11,1.5,-11.980195527950444
11,2.0,-12.302337685890356
11,2.5,-12.992271981830134
11,3.0,-14.164363051266127
11,3.5,-15.950230217745514
11,4.0,-18.816874793320316
11,4.5,-23.134580797191315
11,5.0,-24.698633508657853
11,5.5,-22.0079325777081
11,6.0,-18.10873567059932
11,6.5,-15.233855854652711
11,7.0,-13.298563603360645
11,7.5,-12.044417629100714
11,8.0,-11.245091179568124
11,8.5,-10.874318205591978
11,9.0,-10.925746673216262
11,9.5,-11.423029500956297
11,10.0,-12.429027547882823
11,10.5,-14.22380001293292
11,11.0,-17.28986549927535
11,11.5,-23.10401654782632
11,12.0,-26.0521831083859
11,12.5,-18.947893108868215
11,13.0,-13.756420544553269
11,13.5,-10.524062018260024
11,14.0,-8.40359483892354
11,14.5,-6.923496959050844
11,15.0,-6.008603205777521
11,15.5,-5.611915612862735
11,16.0,-5.71805338183359
11,16.5,-6.346519368790021
11,17.0,-7.626202124166792
11,17.5,-9.66617277604509
11,18.0,-12.422569751496887
11,18.5,-14.5466373315214
11,19.0,-13.244870722226915
11,19.5,-9.930752579551353
11,20.0,-7.314483498091206
11,20.5,-5.606445489975318
11,21.0,-4.520992850477843
11,21.5,-3.997973019510652
11,22.0,-3.994934096283653
11,22.5,-4.4987473172530725
11,23.0,-5.525792700007013
11,23.5,-7.2617613409992465
11,24.0,-9.901030947096835
11,24.5,-13.631093230090576
11,25.0,-16.267736169490746
11,25.5,-13.854932006307116
11,26.0,-10.156506436205174
11,26.5,-7.439348192195078
11,27.0,-5.667501878831433
11,27.5,-4.486448909808119
11,28.0,-3.814822516941929
11,28.5,-3.595090211962014
11,29.0,-3.7995496513733418
11,29.5,-4.429438737233618
11,30.0,-5.59118821879062
11,30.5,-7.401339515379556
11,31.0,-10.155008640789497
11,31.5,-14.35487976532311
11,32.0,-19.05080411959148
11,32.5,-18.009355058817995
11,33.0,-13.65449695174371
11,33.5,-10.823154616644173
11,34.0,-9.188900911619209
11,34.5,-8.432551150690514
11,35.0,-8.373976194110343
11,35.5,-8.918092790012649
11,36.0,-10.012792431306735
11,36.5,-11.745880542980156
11,37.0,-14.094182991907278
11,37.5,-16.832128213283507
11,38.0,-19.521410176388606
11,38.5,-20.58575295102974
11,39.0,-20.245448189911546
11,39.5,-19.23836313665449
11,40.0,-18.20356300290038
11,40.5,-17.12453041029221
11,41.0,-15.990074628595147
11,41.5,-14.780285114138197
11,42.0,-13.550150987424544
11,42.5,-12.425734787813822
11,43.0,-11.407670730281634
11,43.5,-10.557659956539505
11,44.0,-9.897665003609296
11,44.5,-9.384912174745487
11,45.0,-9.04681453045784
11,45.5,-8.901175629419088
11,46.0,-8.953372638280955
11,46.5,-9.179119773782944
11,47.0,-9.514246100358838
11,47.5,-9.778852482355564
11,48.0,-9.704644965865391
11,48.5,-9.105989829421487
11,49.0,-8.119556099960027
11,49.5,-7.01172003230412
11,50.0,-6.072851048820605
11,50.5,-5.444899323503084
11,51.0,-5.123554741445827
11,51.5,-5.109988570793432
11,52.0,-5.336581503204751
11,52.5,-5.652024250913128
11,53.0,-5.8342638996306935
11,53.5,-5.696656095189418
11,54.0,-5.2147240563412245
11,54.5,-4.564820161791666
11,55.0,-3.983097569013987
11,55.5,-3.652377508254657
11,56.0,-3.661653099067893
11,56.5,-4.097711400049403
11,57.0,-5.010421019412313
11,57.5,-6.570684444724192
11,58.0,-8.935727006032604
11,58.5,-12.409721285841556
11,59.0,-16.466523912327602
11,59.5,-16.59970554887641
11,60.0,-13.635007861568946
11,60.5,-11.21055213448828
11,61.0,-9.850270809331882
11,61.5,-9.31592310847005
11,62.0,-9.422682439777164
11,62.5,-10.020044709592934
11,63.0,-10.89399730121505
11,63.5,-11.67575497911318
11,64.0,-12.008873564264212
11,64.5,-11.781454843471536
11,65.0,-11.343799523968512
11,65.5,-11.086482801595338
11,66.0,-11.212331029745256
11,66.5,-11.8284636960252
11,67.0,-12.991159598256733
11,67.5,-14.76173297646453
11,68.0,-17.128271225146328
11,68.5,-19.76755308465468
11,69.0,-21.94991005843865
11,69.5,-22.83372219211421
11,70.0,-22.69655318168261
11,70.5,-22.092932882674205
11,71.0,-21.64431578837777
11,71.5,-19.867463489338625
11,72.0,-16.387099765738732
11,72.5,-13.234403182762254
11,73.0,-10.668997836011297
11,73.5,-8.643535390705178
11,74.0,-7.05155742139184
11,74.5,-5.81024753030055
11,75.0,-4.902272769981868
11,75.5,-4.244095925343123
11,76.0,-3.852599061170696
11,76.5,-3.7324335509222992
11,77.0,-3.889004622850456
11,77.5,-4.3516756832642
11,78.0,-5.170491911251595
11,78.5,-6.406908743680772
11,79.0,-8.119119684784708
11,79.5,-10.618227903384753
11,80.0,-14.25793748488345
11,80.5,-19.93492460447937
11,81.0,-25.11368550457674
11,81.5,-20.41203888643667
11,82.0,-16.566620001343964
11,82.5,-14.730205729702629
11,83.0,-14.146843786262895
11,83.5,-14.4979258327365
11,84.0,-15.745265306649705
11,84.5,-17.97499220684575
11,85.0,-21.20675118102977
11,85.5,-24.48890077405098
11,86.0,-24.44063395789479
11,86.5,-21.84171667278675
11,87.0,-19.95032678484638
11,87.5,-18.732604989003043
11,88.0,-17.45582174904702
11,88.5,-15.451616726931451
11,89.0,-12.940916545536568
11,89.5,-10.522466496435136
11,90.0,-8.35060890794783
11,90.5,-6.58167885953853
11,91.0,-5.217814428798427
11,91.5,-4.2226169192645004
11,92.0,-3.5873725362181395
11,92.5,-3.248171991493196
11,93.0,-3.206077327857803
11,93.5,-3.4388305068114424
11,94.0,-3.947941974999319
11,94.5,-4.713561147021441
11,95.0,-5.726401165240239
11,95.5,-6.965307515531346
11,96.0,-8.371149133880472
11,96.5,-10.026494371134786
11,97.0,-11.910743452864285
11,97.5,-14.114368646643658
11,98.0,-16.829916757903536
11,98.5,-20.39289695119901
11,99.0,-26.36215142022436
11,99.5,-34.70613687186361
11,100.0,-30.065789961644587
12,0.0,-13.501897123350806
12,0.5,-12.027672026020014
12,1.0,-9.534258698306791
12,1.5,-7.467240193863894
12,2.0,-6.102993502602547
12,2.5,-5.379284212814533
12,3.0,-5.218882822956941
12,3.5,-5.589984100428694
12,4.0,-6.544068319937739
12,4.5,-8.161600584087491
12,5.0,-10.673551813334663
12,5.5,-14.576567902154787
12,6.0,-21.164559422747303
12,6.5,-26.806267481269646
12,7.0,-21.974217753015097
12,7.5,-17.961697123807873
12,8.0,-16.690373908776895
12,8.5,-17.075514831990894
12,9.0,-17.574455624036883
12,9.5,-16.965769156953844
12,10.0,-14.903876939566471
12,10.5,-11.991452650080657
12,11.0,-9.46131311273934
12,11.5,-7.621155682075457
12,12.0,-6.414485961164216
12,12.5,-5.797372137436006
12,13.0,-5.699965899147677
12,13.5,-6.150315961784715
12,14.0,-7.1727626083274
12,14.5,-8.958805499182315
12,15.0,-11.695593797544
12,15.5,-15.38472188087446
12,16.0,-16.98219699412326
12,16.5,-14.30536871134638
12,17.0,-11.207007171319074
12,17.5,-9.030236686021444
12,18.0,-7.647511018628656
12,18.5,-6.839680399518201
12,19.0,-6.476403878429646
12,19.5,-6.4273662221636725
12,20.0,-6.612652137606505
12,20.5,-6.934774106425295
12,21.0,-7.328599274307828
12,21.5,-7.712877656657072
12,22.0,-8.042236340096707
12,22.5,-8.313200313329865
12,23.0,-8.554924269345902
12,23.5,-8.853452919325749
12,24.0,-9.291518427327317
12,24.5,-9.978591537660431
12,25.0,-11.029167019822294
12,25.5,-12.529052690043576
12,26.0,-14.602357534975305
12,26.5,-16.298720447665804
12,27.0,-15.786976988041223
12,27.5,-13.479451046935624
12,28.0,-11.346718218087448
12,28.5,-9.696001002075482
12,29.0,-8.53780373980652
12,29.5,-7.906929609016806
12,30.0,-7.779399767032608
12,30.5,-8.200852680894457
12,31.0,-9.232967902917224
12,31.5,-10.921996850036352
12,32.0,-13.099064688194392
12,32.5,-14.805524454853714
12,33.0,-14.222958316912964
12,33.5,-12.316801746459449
12,34.0,-10.529929700351836
12,34.5,-9.37853754936793
12,35.0,-8.918935239063355
12,35.5,-9.135783977645648
12,36.0,-10.046198347836034
12,36.5,-11.836868696658538
12,37.0,-14.657612489791047
12,37.5,-17.63219504321694
12,38.0,-17.82728609503393
12,38.5,-14.56839208987064
12,39.0,-11.54684050609406
12,39.5,-9.50997487968677
12,40.0,-8.242274199849467
12,40.5,-7.467139050293888
12,41.0,-7.098593408706691
12,41.5,-7.057033270688474
12,42.0,-7.276426641835631
12,42.5,-7.703787827417037
12,43.0,-8.340779088185316
12,43.5,-9.159766271789074
12,44.0,-10.111715737924763
12,44.5,-11.198096712328308
12,45.0,-12.274773444125891
12,45.5,-13.23219463983826
12,46.0,-14.07121100053394
12,46.5,-14.78998172069178
12,47.0,-15.456772059313764
12,47.5,-16.314110166110428
12,48.0,-17.726903405865123
12,48.5,-20.059009598144826
12,49.0,-23.036019889724123
12,49.5,-22.323196020153155
12,50.0,-18.75045806799391
12,50.5,-15.798967963490757
12,51.0,-13.59422946409409
12,51.5,-12.027029260585378
12,52.0,-10.960854374293614
12,52.5,-10.289088296269949
12,53.0,-9.948749038967591
12,53.5,-9.855700422672369
12,54.0,-9.971093493638676
12,54.5,-10.26650953383867
12,55.0,-10.729058971125916
12,55.5,-11.350282338542964
12,56.0,-12.186939862746314
12,56.5,-13.203349784033849
12,57.0,-14.237835583984715
12,57.5,-15.225848509466156
12,58.0,-16.017372515116154
12,58.5,-16.06996642265865
12,59.0,-15.025645904457344
12,59.5,-13.286031880436344
12,60.0,-11.307275076837971
12,60.5,-9.478215292769528
12,61.0,-7.926944401056829
12,61.5,-6.679555235089615
12,62.0,-5.771934934202591
12,62.5,-5.154289037939893
12,63.0,-4.8687246997837015
12,63.5,-4.937806670612584
12,64.0,-5.407482516748193
12,64.5,-6.341694186009562
12,65.0,-7.860601001055719
12,65.5,-10.123081528097192
12,66.0,-13.214161911138875
12,66.5,-16.014711721969228
12,67.0,-14.930845928361885
12,67.5,-12.363993888234036
12,68.0,-10.172373054399976
12,68.5,-8.815695791028613
12,69.0,-8.15721685239456
12,69.5,-8.175966175598775
12,70.0,-8.85696615674871
12,70.5,-10.350612601727756
12,71.0,-12.923499677887502
12,71.5,-17.295027811713204
12,72.0,-22.024625396988377
12,72.5,-19.27408008256326
12,73.0,-14.48724785227614
12,73.5,-11.339456668827738
12,74.0,-9.419962279646318
12,74.5,-8.267242690826842
12,75.0,-7.690569072256893
12,75.5,-7.54123682178978
12,76.0,-7.771875487872022
12,76.5,-8.318108898280546
12,77.0,-9.160685306454612
12,77.5,-10.19359771442633
12,78.0,-11.251479820986118
12,78.5,-12.080441747811468
12,79.0,-12.428468488234676
12,79.5,-12.293938225978042
12,80.0,-11.901303967935736
12,80.5,-11.542474417434867
12,81.0,-11.425320724766262
12,81.5,-11.67552769539654
12,82.0,-12.424588851535024
12,82.5,-13.813100554287027
12,83.0,-16.011094637339234
12,83.5,-19.4050865576514
12,84.0,-22.231503988141124
12,84.5,-19.784695893067987
12,85.0,-15.7064331164122
12,85.5,-12.83826065072273
12,86.0,-10.845872824497809
12,86.5,-9.569611499630383
12,87.0,-8.887556118763227
12,87.5,-8.73106939894208
12,88.0,-9.084497916313076
12,88.5,-10.007597478069298
12,89.0,-11.55658302694856
12,89.5,-13.678193949633544
12,90.0,-15.952651552610586
12,90.5,-16.355697956630816
12,91.0,-14.324721186975871
12,91.5,-12.000479983068146
12,92.0,-10.314950446058214
12,92.5,-9.196583700777202
12,93.0,-8.587474486956676
12,93.5,-8.361713461367726
12,94.0,-8.335173517508842
12,94.5,-8.300830430432367
12,95.0,-8.04345192010888
12,95.5,-7.485525083379896
12,96.0,-6.753545213951327
12,96.5,-5.999759884671717
12,97.0,-5.414397505980381
12,97.5,-5.1070480248189885
12,98.0,-5.127952963083692
12,98.5,-5.496141115736712
12,99.0,-6.253495523829098
12,99.5,-7.39344701102184
12,100.0,-8.442108269622823
13,0.0,-13.330791579191088
13,0.5,-11.407956119828878
13,1.0,-8.645339932081571
13,1.5,-6.507539829540071
13,2.0,-5.123015762246244
13,2.5,-4.365221450462657
13,3.0,-4.092580389573792
13,3.5,-4.170816230900462
13,4.0,-4.417669510781634
13,4.5,-4.567268201548122
13,5.0,-4.361682321628554
13,5.5,-3.7687282379949503
13,6.0,-2.9942230231819806
13,6.5,-2.21824419714221
13,7.0,-1.620782321767286
13,7.5,-1.2944162334391818
13,8.0,-1.2568509064244686
13,8.5,-1.5349399016530378
13,9.0,-2.1445257164755813
13,9.5,-3.086457443296136
13,10.0,-4.329179235715586
13,10.5,-5.956137853143387
13,11.0,-7.927627901762863
13,11.5,-10.23072685972426
13,12.0,-12.785892644213996
13,12.5,-15.2805954764395
13,13.0,-17.236502547429716
13,13.5,-17.37599153786632
13,14.0,-15.692539236832983
13,14.5,-13.552131757017062
13,15.0,-11.586215915818146
13,15.5,-9.96218799938164
13,16.0,-8.696706705508564
13,16.5,-7.807446766110925
13,17.0,-7.221529516603634
13,17.5,-6.9498409873135705
13,18.0,-6.985105035113456
13,18.5,-7.31440531102935
13,19.0,-7.9220466411655615
13,19.5,-8.867513510346878
13,20.0,-10.191247099494303
13,20.5,-11.97331678552707
13,21.0,-14.611543878775388
13,21.5,-17.95097655866945
13,22.0,-18.856980770858712
13,22.5,-18.024810731504985
13,23.0,-16.392883918867994
13,23.5,-14.562311662749591
13,24.0,-13.233159821948508
13,24.5,-12.512722363821988
13,25.0,-12.35075973419992
13,25.5,-12.677403669148946
13,26.0,-13.423859102238897
13,26.5,-14.395191239398496
13,27.0,-15.107774176116678
13,27.5,-14.998855906859209
13,28.0,-14.224102440142852
13,28.5,-13.310375972763456
13,29.0,-12.551677949585947
13,29.5,-12.03728967618036
13,30.0,-11.706808173882893
13,30.5,-11.52151059996067
13,31.0,-11.446773504303687
13,31.5,-11.488901556717304
13,32.0,-11.703994088982984
13,32.5,-12.221357060360514
13,33.0,-13.192078542109286
13,33.5,-14.751405020259345
13,34.0,-17.211319754891093
13,34.5,-20.273751669306726
13,35.0,-20.085300426214484
13,35.5,-16.98474746715427
13,36.0,-13.370553629216918
13,36.5,-10.972846626622877
13,37.0,-9.597165312628675
13,37.5,-9.0478306215869
13,38.0,-9.238940547608818
13,38.5,-10.259935138746584
13,39.0,-12.377097530322107
13,39.5,-16.084386077428476
13,40.0,-20.573523492504943
13,40.5,-19.14691421141281
13,41.0,-14.110674032012724
13,41.5,-10.95104720523075
13,42.0,-9.210933490255796
13,42.5,-8.503341246961709
13,43.0,-8.656312239651973
13,43.5,-9.751297774278598
13,44.0,-12.01149073379352
13,44.5,-16.36092104931353
13,45.0,-19.929707959765583
13,45.5,-15.949884364491746
13,46.0,-11.36471999715595
13,46.5,-8.530371605894867
13,47.0,-6.783883102910497
13,47.5,-5.874543474856601
13,48.0,-5.660847229386067
13,48.5,-6.065680869170995
13,49.0,-7.031880638130988
13,49.5,-8.527670689665868
13,50.0,-10.069323079176048
13,50.5,-10.590870998147333
13,51.0,-9.696833326829376
13,51.5,-8.209099391305527
13,52.0,-6.8578683363226345
13,52.5,-5.91465311937429
13,53.0,-5.455614873770012
13,53.5,-5.444798596086597
13,54.0,-5.872339264452512
13,54.5,-6.713542185868762
13,55.0,-7.905495111776462
13,55.5,-9.306168982829329
13,56.0,-10.842497946029765
13,56.5,-12.232232810557935
13,57.0,-13.116403220985845
13,57.5,-13.46607243702347
13,58.0,-13.659635628214607
13,58.5,-14.057212111980723
13,59.0,-14.495180220121808
13,59.5,-14.465595314434315
13,60.0,-13.688359369873549
13,60.5,-12.314811224130152
13,61.0,-10.772568061674336
13,61.5,-9.461015199892238
13,62.0,-8.601899333165903
13,62.5,-8.210847276425033
13,63.0,-8.352139108781582
13,63.5,-9.06383488150208
13,64.0,-10.518458734781042
13,64.5,-12.959812416905626
13,65.0,-16.975017499616296
13,65.5,-22.031391320657995
13,66.0,-19.493746327610094
13,66.5,-14.746944836486184
13,67.0,-11.755828914492518
13,67.5,-9.964101923039795
13,68.0,-8.96277798699153
13,68.5,-8.56684596112165
13,69.0,-8.626944596895827
13,69.5,-9.04963464116659
13,70.0,-9.689964239438728
13,70.5,-10.429708097246165
13,71.0,-11.091575043439368
13,71.5,-11.57058502679582
13,72.0,-11.860631592532188
13,72.5,-12.045040697301337
13,73.0,-12.357560509591274
13,73.5,-13.062423178180005
13,74.0,-14.382837454798407
13,74.5,-16.34891023213681
13,75.0,-18.509109619377277
13,75.5,-20.40526796986951
13,76.0,-20.637528898526988
13,76.5,-18.961138681066647
13,77.0,-16.69572315410823
13,77.5,-15.271579452646694
13,78.0,-14.475814168481334
13,78.5,-13.886953574734283
13,79.0,-13.12962010363753
13,79.5,-11.984699503472902
13,80.0,-10.627829921172044
13,80.5,-9.31554046634383
13,81.0,-8.22770444078273
13,81.5,-7.48172667982381
13,82.0,-7.07897532902873
13,82.5,-7.071404095472388
13,83.0,-7.47344543952668
13,83.5,-8.346557106205612
13,84.0,-9.729040183080498
13,84.5,-11.695679961546343
13,85.0,-14.249643815737503
13,85.5,-16.92673034013084
13,86.0,-18.432940040497137
13,86.5,-18.26269937852218
13,87.0,-17.754361473737553
13,87.5,-17.82543185245753
13,88.0,-18.86961520010744
13,88.5,-21.165335373127707
13,89.0,-23.80329080341356
13,89.5,-22.046663851965278
13,90.0,-17.82802772867953
13,90.5,-14.772314899569016
13,91.0,-12.744344255610548
13,91.5,-11.482089607308993
13,92.0,-10.85381360346737
13,92.5,-10.72500356368919
13,93.0,-11.045925024367031
13,93.5,-11.71669641026545
13,94.0,-12.640992326654713
13,94.5,-13.554575988081996
13,95.0,-14.135032179145654
13,95.5,-14.218253271175255
13,96.0,-13.942502303185323
13,96.5,-13.571910661538158
13,97.0,-13.327410268997244
13,97.5,-13.30984963011134
13,98.0,-13.526667579693887
13,98.5,-13.928480641493392
13,99.0,-14.474359734778046
13,99.5,-15.073264202001264
13,100.0,-15.49861218928392
14,0.0,-15.255083692284918
14,0.5,-15.472321452929414
14,1.0,-15.820820844927884
14,1.5,-15.437505541813373
14,2.0,-13.701887162424988
14,2.5,-11.318124673434962
14,3.0,-9.15030684145726
14,3.5,-7.517697331737319
14,4.0,-6.3403732828404245
14,4.5,-5.6436782162544255
14,5.0,-5.417596153821289
14,5.5,-5.653356214721494
14,6.0,-6.3564099761781705
14,6.5,-7.6380467079468
14,7.0,-9.608786829794392
14,7.5,-12.440588475597927
14,8.0,-16.80576153620163
14,8.5,-21.44133884323357
14,9.0,-19.47739332386459
14,9.5,-15.909024036081814
14,10.0,-13.664045475398485
14,10.5,-12.380705978793031
14,11.0,-11.82276641264978
14,11.5,-11.817752109101074
14,12.0,-12.25576326387077
14,12.5,-13.080361040254052
14,13.0,-14.387797491336228
14,13.5,-16.268056075288037
14,14.0,-18.6490357454216
14,14.5,-21.27128251806191
14,15.0,-22.488271415275165
14,15.5,-19.53967376970317
14,16.0,-15.81092990946841
14,16.5,-13.496434774098216
14,17.0,-12.093627348935955
14,17.5,-11.445414722185353
14,18.0,-11.376581301297476
14,18.5,-11.551168404255066
14,19.0,-11.32580876178828
14,19.5,-10.00916804424923
14,20.0,-7.897516481318344
14,20.5,-5.813899281549248
14,21.0,-3.999688748490828
14,21.5,-2.608092523571218
14,22.0,-1.648515748556184
14,22.5,-1.0949421015345673
14,23.0,-0.9380130919367464
14,23.5,-1.1621146169240273
14,24.0,-1.7766393590968546
14,24.5,-2.806159570685492
14,25.0,-4.273195751571242
14,25.5,-6.170164168755631
14,26.0,-8.70951121140141
14,26.5,-12.020750188010592
14,27.0,-16.359477151960814
14,27.5,-20.65921666693578
14,28.0,-19.803812567559525
14,28.5,-15.673985054738338
14,29.0,-11.927298755702685
14,29.5,-9.133430669641657
14,30.0,-6.987527163701097
14,30.5,-5.440912866091273
14,31.0,-4.428099050035094
14,31.5,-3.9011501874218655
14,32.0,-3.850833037541006
14,32.5,-4.285652409669133
14,33.0,-5.241729223430339
14,33.5,-6.730767107613341
14,34.0,-8.914827021738242
14,34.5,-11.72209092371229
14,35.0,-14.492894373032382
14,35.5,-15.422461559892955
14,36.0,-14.593303084812716
14,36.5,-13.51736750299069
14,37.0,-13.350453771329631
14,37.5,-14.38820471332431
14,38.0,-16.926295471713125
14,38.5,-20.10296414088596
14,39.0,-20.50009376880781
14,39.5,-16.467781113422106
14,40.0,-13.339145602029475
14,40.5,-11.355969887282711
14,41.0,-10.34311847961124
14,41.5,-10.164413575910672
14,42.0,-10.763285113617949
14,42.5,-12.153451868056385
14,43.0,-14.550612607783746
14,43.5,-17.700174979728757
14,44.0,-18.48085757669205
14,44.5,-15.980619662706973
14,45.0,-13.345220255051428
14,45.5,-11.359862106263863
14,46.0,-10.045340927682616
14,46.5,-9.289253626944513
14,47.0,-8.92202521465021
14,47.5,-8.878356225222957
14,48.0,-9.100297327216644
14,48.5,-9.544973922113186
14,49.0,-10.182317603274573
14,49.5,-11.069206282876143
14,50.0,-12.224979075097307
14,50.5,-13.656414595567696
14,51.0,-15.496583763251207
14,51.5,-17.671580018148013
14,52.0,-19.84276558398215
14,52.5,-20.63550853799532
14,53.0,-19.785003216746286
14,53.5,-18.538172235254496
14,54.0,-17.105146162783885
14,54.5,-15.286240148605616
14,55.0,-13.821486663735046
14,55.5,-12.717541869078142
14,56.0,-11.884004885504323
14,56.5,-11.3580706578146
14,57.0,-11.160173778492444
14,57.5,-11.29884850670717
14,58.0,-11.803911208445925
14,58.5,-12.697542556977778
14,59.0,-13.926631966111708
14,59.5,-15.201074342910328
14,60.0,-15.938606328987468
14,60.5,-15.44530311013579
14,61.0,-13.97998376881039
14,61.5,-12.363880008432712
14,62.0,-11.078947250942928
14,62.5,-10.156566850666916
14,63.0,-9.627289163367877
14,63.5,-9.444593726332156
14,64.0,-9.49964298733318
14,64.5,-9.633461115375404
14,65.0,-9.616251729411596
14,65.5,-9.28009020630943
14,66.0,-8.66559067412844
14,66.5,-7.923026586595801
14,67.0,-7.292390558226768
14,67.5,-6.962759202244831
14,68.0,-7.072754674486823
14,68.5,-7.746345295755358
14,69.0,-9.241706830175922
14,69.5,-11.930824859775113
14,70.0,-16.155854762668284
14,70.5,-17.958828655725362
14,71.0,-13.060971311718442
14,71.5,-8.859318205412997
14,72.0,-6.187800159535144
14,72.5,-4.571439461978262
14,73.0,-3.649905546195904
14,73.5,-3.3646763468191154
14,74.0,-3.702932596243361
14,74.5,-4.699969824692441
14,75.0,-6.447557291029815
14,75.5,-9.417253511707454
14,76.0,-14.529209910955238
14,76.5,-21.77957308550167
14,77.0,-18.197190484895863
14,77.5,-12.442033304506504
14,78.0,-9.80215712995494
14,78.5,-8.64636979478113
14,79.0,-8.518541660432845
14,79.5,-9.280234448735357
14,80.0,-10.98908336199573
14,80.5,-13.941752646589148
14,81.0,-18.809332270874062
14,81.5,-24.7236043702459
14,82.0,-21.842821965220995
14,82.5,-17.67932776902764
14,83.0,-15.759705980083403
14,83.5,-15.037322193743622
14,84.0,-14.986727258934922
14,84.5,-15.039346698198868
14,85.0,-14.680205950385597
14,85.5,-13.849404474106509
14,86.0,-12.80567005439446
14,86.5,-11.837874850344628
14,87.0,-10.977373895752992
14,87.5,-10.086044447741054
14,88.0,-9.058875730380642
14,88.5,-7.838706203452877
14,89.0,-6.609556394980558
14,89.5,-5.586286627971105
14,90.0,-4.8455212682012645
14,90.5,-4.511855457313097
14,91.0,-4.671769969477227
14,91.5,-5.408059895027243
14,92.0,-6.827204698967432
14,92.5,-9.327938476639408
14,93.0,-13.624565280926516
14,93.5,-20.98031584748638
14,94.0,-19.931757318463184
14,94.5,-13.54866620531118
14,95.0,-10.446604571405716
14,95.5,-9.046228810412297
14,96.0,-8.83122280622828
14,96.5,-9.696682971521712
14,97.0,-11.87977946195657
14,97.5,-16.4065323380134
14,98.0,-27.90511522898469
14,98.5,-22.273281041878874
14,99.0,-14.46078935764545
14,99.5,-11.191048435143598
14,100.0,-9.935236114226946
15,0.0,-2.634757237820501
15,0.5,-2.633812272381283
15,1.0,-2.634583904825654
15,1.5,-2.646230968141794
15,2.0,-2.6814390220829423
15,2.5,-2.760867989104753
15,3.0,-2.914588356051316
15,3.5,-3.176045697942584
15,4.0,-3.611053092181193
15,4.5,-4.263493866490231
15,5.0,-5.1954410710523975
15,5.5,-6.467485576915882
15,6.0,-8.115080068835896
15,6.5,-10.36494613810084
15,7.0,-13.25964703205268
15,7.5,-16.27858222391226
15,8.0,-18.97393547489558
15,8.5,-20.77309202547321
15,9.0,-17.55960933880175
15,9.5,-14.94867323094752
15,10.0,-13.479986647488252
15,10.5,-12.397393928501534
15,11.0,-11.248798354065622
15,11.5,-10.15020963739257
15,12.0,-9.439907690552957
15,12.5,-9.25030224247402
15,13.0,-9.623028882726302
15,13.5,-10.62602493927148
15,14.0,-12.274720836213453
15,14.5,-14.603163291567151
15,15.0,-16.982960421937143
15,15.5,-17.535855040590896
15,16.0,-14.93836425541115
15,16.5,-12.0152556352487
15,17.0,-10.04808391902968
15,17.5,-8.850544167970986
15,18.0,-8.242492600614627
15,18.5,-8.096342545535462
15,19.0,-8.326033517648034
15,19.5,-8.875290699246463
15,20.0,-9.65671830284861
15,20.5,-10.543013598928056
15,21.0,-11.507428086282912
15,21.5,-12.547938386192556
15,22.0,-13.812204550009346
15,22.5,-15.475471229841432
15,23.0,-17.54622499840373
15,23.5,-19.242993091232325
15,24.0,-19.88103007949582
15,24.5,-18.550683460038037
15,25.0,-16.753446334602792
15,25.5,-15.544019068497397
15,26.0,-14.985660329950717
15,26.5,-15.184708342419365
15,27.0,-16.085353139911103
15,27.5,-16.415312957070103
15,28.0,-16.277416078113582
15,28.5,-15.144210051187562
15,29.0,-13.038985490200176
15,29.5,-10.91424650405796
15,30.0,-8.96864830425948
15,30.5,-7.376140024749958
15,31.0,-6.150991526819544
15,31.5,-5.249318099631677
15,32.0,-4.645187412404059
15,32.5,-4.256935425851829
15,33.0,-4.06309562576268
15,33.5,-4.026619542414121
15,34.0,-4.10844080461018
15,34.5,-4.276764827081754
15,35.0,-4.506101441174838
15,35.5,-4.780067783690623
15,36.0,-5.090039753035876
15,36.5,-5.475194765550146
15,37.0,-5.962662095067175
15,37.5,-6.582430245811448
15,38.0,-7.428013945349462
15,38.5,-8.522492417644496
15,39.0,-9.85795142540599
15,39.5,-11.248762325832317
15,40.0,-12.18445460700638
15,40.5,-12.193150319420951
15,41.0,-11.342633725800653
15,41.5,-10.199753656771156
15,42.0,-9.23081375082177
15,42.5,-8.671091853682611
15,43.0,-8.577784942750515
15,43.5,-9.032302923025158
15,44.0,-10.098592284587628
15,44.5,-12.03553491602972
15,45.0,-15.190653386536946
15,45.5,-20.095159810331648
15,46.0,-21.392134144060925
15,46.5,-16.93458796012943
15,47.0,-12.714427397468086
15,47.5,-10.128191661129486
15,48.0,-8.479942082273004
15,48.5,-7.437032015982372
15,49.0,-6.861189720717784
15,49.5,-6.626413744014963
15,50.0,-6.6980079567595
15,50.5,-7.034729659673328
15,51.0,-7.642363278112433
15,51.5,-8.507083448720179
15,52.0,-9.637597396077323
15,52.5,-11.024294895243347
15,53.0,-12.55546894010508
15,53.5,-14.018998228734826
15,54.0,-14.651861010039552
15,54.5,-14.15949083797054
15,55.0,-13.239515516893146
15,55.5,-12.434746929669618
15,56.0,-11.869040115869684
15,56.5,-11.603883639275814
15,57.0,-11.624576925439667
15,57.5,-11.883746941650449
15,58.0,-12.295817951137606
15,58.5,-12.737951984137233
15,59.0,-13.074882724845336
15,59.5,-13.207653396329796
15,60.0,-13.120788668080724
15,60.5,-12.851624477680035
15,61.0,-12.470732328889085
15,61.5,-12.041532184204671
15,62.0,-11.613683995483331
15,62.5,-11.196795523591744
15,63.0,-10.849508052422804
15,63.5,-10.617094732738291
15,64.0,-10.501643440694368
15,64.5,-10.505476930431945
15,65.0,-10.61169522594688
15,65.5,-10.77857098550652
15,66.0,-10.91492553534442
15,66.5,-10.86277426438236
15,67.0,-10.415045034663322
15,67.5,-9.644612907929847
15,68.0,-8.896993864511787
15,68.5,-8.403352335618555
15,69.0,-8.241158302032417
15,69.5,-8.500229974592134
15,70.0,-9.24131622585248
15,70.5,-10.64797099908696
15,71.0,-12.9665669355678
15,71.5,-16.914633707701242
15,72.0,-24.639261911902643
15,72.5,-26.68421927294082
15,73.0,-17.859452681149165
15,73.5,-13.677506428665644
15,74.0,-11.307689679672926
15,74.5,-9.895280019738598
15,75.0,-9.164143050536568
15,75.5,-8.928431900229
15,76.0,-9.13826498997748
15,76.5,-9.72188674098775
15,77.0,-10.633766938241672
15,77.5,-11.67626177372973
15,78.0,-12.517087272769604
15,78.5,-12.86779135548582
15,79.0,-12.769933376375626
15,79.5,-12.504902482340118
15,80.0,-12.385935853446194
15,80.5,-12.68988056955576
15,81.0,-13.620314236538714
15,81.5,-15.22689446564041
15,82.0,-17.00688272604269
15,82.5,-16.37925239498614
15,83.0,-13.201566698116952
15,83.5,-9.993780012285576
15,84.0,-7.539498004977899
15,84.5,-5.786723372717152
15,85.0,-4.615126262775411
15,85.5,-3.980127711763936
15,86.0,-3.81660458327008
15,86.5,-4.15635971018227
15,87.0,-5.068341787297226
15,87.5,-6.671915678553266
15,88.0,-9.169735181215206
15,88.5,-13.430186301909533
15,89.0,-21.009227461903592
15,89.5,-20.769100528708933
15,90.0,-13.761207781567782
15,90.5,-10.309969143256149
15,91.0,-8.484079769260548
15,91.5,-7.602467203189408
15,92.0,-7.406361741045516
15,92.5,-7.73298926019533
15,93.0,-8.459964835261047
15,93.5,-9.383860838696112
15,94.0,-10.303674568249711
15,94.5,-10.938028753718369
15,95.0,-11.228302244084652
15,95.5,-11.39036230305797
15,96.0,-11.704299895888466
15,96.5,-12.41003208455112
15,97.0,-13.58223572153238
15,97.5,-15.026481744177122
15,98.0,-15.8753881159018
15,98.5,-15.129236549861496
15,99.0,-13.256027637759187
15,99.5,-11.363839946351808
15,100.0,-10.230527980167272
16,0.0,-11.443473128174396
16,0.5,-11.199325718603005
16,1.0,-10.604786263747236
16,1.5,-9.861426965780096
16,2.0,-9.190249998936528
16,2.5,-8.727517818515285
16,3.0,-8.551905028518105
16,3.5,-8.717838253283325
16,4.0,-9.29037280223668
16,4.5,-10.31404084375468
16,5.0,-11.778257612716615
16,5.5,-13.241119357468566
16,6.0,-14.11637340140568
16,6.5,-14.244630308925355
16,7.0,-13.56834133807674
16,7.5,-12.60988648800538
16,8.0,-11.870463434206998
16,8.5,-11.635993639845232
16,9.0,-11.997854891191034
16,9.5,-12.961408489830797
16,10.0,-14.413271090350293
16,10.5,-15.926660362937154
16,11.0,-16.189002598879522
16,11.5,-15.42000491391783
16,12.0,-14.476564560784352
16,12.5,-13.90910617699227
16,13.0,-13.986686328916598
16,13.5,-14.91718859394179
16,14.0,-16.66524568392543
16,14.5,-19.033061842403374
16,15.0,-20.202792045026516
16,15.5,-18.14695958629086
16,16.0,-14.631497438247685
16,16.5,-12.077327983606288
16,17.0,-10.338249980037295
16,17.5,-9.30942299047526
16,18.0,-8.855662825138017
16,18.5,-8.851367581839627
16,19.0,-9.154602620795885
16,19.5,-9.530660907521703
16,20.0,-9.58323169655205
16,20.5,-9.165667126902653
16,21.0,-8.332966901678883
16,21.5,-7.282911980820142
16,22.0,-6.2323131451552
16,22.5,-5.340718082054647
16,23.0,-4.719440571893551
16,23.5,-4.383505707285817
16,24.0,-4.388869887617263
16,24.5,-4.774001937023644
16,25.0,-5.550263182385701
16,25.5,-6.650445613893544
16,26.0,-7.932832520422257
16,26.5,-8.784444408243175
16,27.0,-8.46800960406438
16,27.5,-7.051415916089454
16,28.0,-5.399414422155203
16,28.5,-4.065368015675248
16,29.0,-3.1939755148195355
16,29.5,-2.818706779165035
16,30.0,-2.9235285252495937
16,30.5,-3.547406771133108
16,31.0,-4.7704029792549525
16,31.5,-6.7217854193960935
16,32.0,-9.60387180875544
16,32.5,-14.272170607354004
16,33.0,-19.55230063094337
16,33.5,-18.852035163191807
16,34.0,-15.409615749670383
16,34.5,-13.274835611559396
16,35.0,-12.73565988444964
16,35.5,-13.485611056448484
16,36.0,-15.466247045608313
16,36.5,-18.781660524753097
16,37.0,-20.59509748505036
16,37.5,-16.998923800935916
16,38.0,-13.693050133267484
16,38.5,-11.788515890356113
16,39.0,-10.980220761921606
16,39.5,-11.091183759112043
16,40.0,-12.085970685219005
16,40.5,-14.140501557843669
16,41.0,-17.126577253351304
16,41.5,-19.13036055668407
16,42.0,-18.821825742066206
16,42.5,-16.824702578571916
16,43.0,-14.590679616379845
16,43.5,-13.258453582125371
16,44.0,-12.555940398685726
16,44.5,-11.99546606755892
16,45.0,-11.319831688169732
16,45.5,-10.49365450740302
16,46.0,-9.602199485513855
16,46.5,-8.80594230119482
16,47.0,-8.268366013606357
16,47.5,-8.190580597382022
16,48.0,-8.715869193648102
16,48.5,-9.97930125078978
16,49.0,-12.089805031528488
16,49.5,-14.949690240094938
16,50.0,-15.888420137736013
16,50.5,-13.013757201791291
16,51.0,-9.639784724053774
16,51.5,-7.178943558036756
16,52.0,-5.518794217261578
16,52.5,-4.4563241479394
16,53.0,-3.8863657922575743
16,53.5,-3.69088463861598
16,54.0,-3.830790937686184
16,54.5,-4.26887648906403
16,55.0,-4.9663787144374085
16,55.5,-5.873337721066791
16,56.0,-7.040858705181436
16,56.5,-8.461972095008967
16,57.0,-10.146764518087789
16,57.5,-12.317894991847226
16,58.0,-15.028787577876273
16,58.5,-17.731231137050504
16,59.0,-18.59636083607007
16,59.5,-17.03684811557003
16,60.0,-14.739669795095226
16,60.5,-13.035213978827384
16,61.0,-11.889984468941012
16,61.5,-11.218477032011569
16,62.0,-10.998499878150865
16,62.5,-11.228313495100984
16,63.0,-11.975161245092794
16,63.5,-13.331441790825671
16,64.0,-15.65797867925827
16,64.5,-19.262610605417976
16,65.0,-21.71332029461454
16,65.5,-18.742585819484745
16,66.0,-15.047187847254156
16,66.5,-12.252262133674131
16,67.0,-10.385240752994791
16,67.5,-9.273506142382123
16,68.0,-8.795145661435305
16,68.5,-8.908758718497465
16,69.0,-9.63656732147352
16,69.5,-11.03672340715886
16,70.0,-13.12759073471106
16,70.5,-15.923962865516126
16,71.0,-17.954860568386536
16,71.5,-16.934652172302087
16,72.0,-14.776085935665105
16,72.5,-13.27246207584427
16,73.0,-12.535507967569249
16,73.5,-12.505431501210449
16,74.0,-13.002109709697654
16,74.5,-13.645851509217104
16,75.0,-13.858703436721862
16,75.5,-13.28120565399375
16,76.0,-12.180003006246354
16,76.5,-11.14515631872501
16,77.0,-10.462309491705367
16,77.5,-10.289761817355355
16,78.0,-10.66821296631379
16,78.5,-11.550174176892863
16,79.0,-12.709678833894005
16,79.5,-13.659488031297874
16,80.0,-13.640778714656635
16,80.5,-12.693773595835587
16,81.0,-11.55749478719892
16,81.5,-10.760945082054096
16,82.0,-10.452587144707014
16,82.5,-10.730460439833337
16,83.0,-11.628864073403252
16,83.5,-13.309767619725418
16,84.0,-15.921238563289323
16,84.5,-19.616861562691494
16,85.0,-22.68683517136513
16,85.5,-20.26925481044257
16,86.0,-17.065918666759742
16,86.5,-14.941352292075996
16,87.0,-13.572885373486784
16,87.5,-12.63708098870582
16,88.0,-11.949675524494486
16,88.5,-11.35687297569788
16,89.0,-10.857042515795246
16,89.5,-10.490942565749556
16,90.0,-10.282929981661098
16,90.5,-10.286553479410577
16,91.0,-10.535698299680556
16,91.5,-11.036488057595022
16,92.0,-11.755084207642089
16,92.5,-12.69364658130027
16,93.0,-13.743373922980998
16,93.5,-14.729269902793115
16,94.0,-15.510479609746028
16,94.5,-15.854070027125148
16,95.0,-15.645572282536367
16,95.5,-14.963662361056167
16,96.0,-14.030963234229484
16,96.5,-13.010125584397915
16,97.0,-12.103510630728454
16,97.5,-11.433564649723053
16,98.0,-11.071190573323154
16,98.5,-11.069875186157065
16,99.0,-11.479408798042662
16,99.5,-12.355725416563608
16,100.0,-13.310409719490748
17,0.0,-13.01447664567825
17,0.5,-12.108192306942332
17,1.0,-10.360729948454535
17,1.5,-8.604587702910894
17,2.0,-7.142743249768456
17,2.5,-6.011727332997764
17,3.0,-5.19182487272273
17,3.5,-4.683813209662133
17,4.0,-4.446871802327008
17,4.5,-4.495638668313212
17,5.0,-4.843654219942697
17,5.5,-5.50388657607836
17,6.0,-6.48176677569472
17,6.5,-7.906909907290919
17,7.0,-9.88143166319579
17,7.5,-12.608107053785222
17,8.0,-17.032504971070438
17,8.5,-24.09253810342755
17,9.0,-23.36152869755689
17,9.5,-16.348302332059887
17,10.0,-12.459453400221395
17,10.5,-9.96057993546034
17,11.0,-8.359165340860303
17,11.5,-7.433433391305414
17,12.0,-7.084067782919679
17,12.5,-7.297821581203211
17,13.0,-8.143947792980825
17,13.5,-9.73697735191746
17,14.0,-12.165261830170689
17,14.5,-15.265080440502436
17,15.0,-15.552268141753146
17,15.5,-12.34518796032436
17,16.0,-8.983999794864541
17,16.5,-6.880178278845804
17,17.0,-5.534970698740181
17,17.5,-4.831604746996626
17,18.0,-4.688190692927608
17,18.5,-5.04690607971859
17,19.0,-5.852092880952465
17,19.5,-7.093336698412149
17,20.0,-8.564290862116744
17,20.5,-9.806676422976931
17,21.0,-10.334095298477834
17,21.5,-9.9537204864706
17,22.0,-9.195850992670527
17,22.5,-8.677292717972364
17,23.0,-8.680438408212057
17,23.5,-9.324357149488186
17,24.0,-10.696873853999488
17,24.5,-12.841893150863312
17,25.0,-15.285399118944724
17,25.5,-16.466640829458342
17,26.0,-15.06139230652457
17,26.5,-12.482555498747429
17,27.0,-10.63147930337782
17,27.5,-9.53780978766982
17,28.0,-9.098490593347616
17,28.5,-9.187601732219989
17,29.0,-9.648719274710384
17,29.5,-10.211060708047574
17,30.0,-10.521677273529304
17,30.5,-10.562954893975922
17,31.0,-10.58510644669784
17,31.5,-10.775878127227353
17,32.0,-11.277969619594543
17,32.5,-12.254217733063207
17,33.0,-13.683306901015117
17,33.5,-15.063712560104625
17,34.0,-15.676680155363492
17,34.5,-15.176358472975046
17,35.0,-12.83288264507316
17,35.5,-10.656120997025418
17,36.0,-9.292142895075038
17,36.5,-8.550431954598466
17,37.0,-8.36626851221473
17,37.5,-8.608168193302928
17,38.0,-9.0584716601835
17,38.5,-9.287051269498733
17,39.0,-8.905585884061784
17,39.5,-8.070291369623943
17,40.0,-7.219065561399916
17,40.5,-6.599780998706764
17,41.0,-6.403147636304344
17,41.5,-6.758847670501617
17,42.0,-7.798722411015256
17,42.5,-9.70743330105857
17,43.0,-13.12752340914546
17,43.5,-17.732404574752056
17,44.0,-15.185964585788597
17,44.5,-10.235880736064216
17,45.0,-7.0609945161602425
17,45.5,-5.06654609496961
17,46.0,-3.870688012049691
17,46.5,-3.3304572626977964
17,47.0,-3.34585338134201
17,47.5,-3.9307620549938553
17,48.0,-5.157049284909115
17,48.5,-7.163772027124251
17,49.0,-10.198477104535344
17,49.5,-15.347116240663112
17,50.0,-22.25404179042436
17,50.5,-19.28704217463849
17,51.0,-14.451501969736627
17,51.5,-12.323547142114627
17,52.0,-11.875629790779335
17,52.5,-12.866416058486973
17,53.0,-15.626755112887032
17,53.5,-20.998069154317182
17,54.0,-22.89893242842591
17,54.5,-14.935155320755529
17,55.0,-10.196369387963044
17,55.5,-7.461120507117197
17,56.0,-5.672614033081267
17,56.5,-4.594718100831187
17,57.0,-4.092177659106103
17,57.5,-4.05656110408535
17,58.0,-4.468119079166346
17,58.5,-5.325808457359348
17,59.0,-6.628066543751531
17,59.5,-8.331797986158426
17,60.0,-10.504085896050032
17,60.5,-12.822196753964286
17,61.0,-14.540096000241832
17,61.5,-15.268515086459452
17,62.0,-15.674367927532249
17,62.5,-16.37890788313794
17,63.0,-16.632928102113567
17,63.5,-16.561253215034803
17,64.0,-16.291252793220778
17,64.5,-16.000236586844228
17,65.0,-15.479725390666538
17,65.5,-13.984549608803418
17,66.0,-12.693554380360997
17,66.5,-11.947365112970274
17,67.0,-11.806916439938355
17,67.5,-12.269206855258002
17,68.0,-13.3439372597463
17,68.5,-15.048087312607596
17,69.0,-17.595511059703668
17,69.5,-20.8264860686108
17,70.0,-23.57646462387589
17,70.5,-24.65475255764809
17,71.0,-23.40515578909058
17,71.5,-22.051163386232574
17,72.0,-21.494832230584027
17,72.5,-21.92620843676137
17,73.0,-22.56943697348643
17,73.5,-21.963845565832862
17,74.0,-20.32090479510741
17,74.5,-18.329857315330194
17,75.0,-16.36455010279116
17,75.5,-14.996801133842167
17,76.0,-14.373572750543357
17,76.5,-14.472592653228904
17,77.0,-15.343202468098362
17,77.5,-17.05254867929911
17,78.0,-19.335902699636197
17,78.5,-20.28650697413381
17,79.0,-18.8769245512872
17,79.5,-15.97357713400008
17,80.0,-13.22073731228839
17,80.5,-11.353690031464048
17,81.0,-10.206543501752453
17,81.5,-9.662637279891207
17,82.0,-9.603416201159249
17,82.5,-9.963440659222334
17,83.0,-10.557451253421988
17,83.5,-11.028308480391525
17,84.0,-10.813953955355094
17,84.5,-9.762476223457249
17,85.0,-8.282172570079455
17,85.5,-6.814403914244649
17,86.0,-5.4857773353674135
17,86.5,-4.428873932913772
17,87.0,-3.672805280825576
17,87.5,-3.2097952802186795
17,88.0,-3.0384183955978217
17,88.5,-3.144477574491842
17,89.0,-3.537088677735467
17,89.5,-4.20896602253144
17,90.0,-5.23022888485371
17,90.5,-6.628539586762203
17,91.0,-8.497998494244
17,91.5,-10.977235816763846
17,92.0,-14.22285983662615
17,92.5,-18.733267788378672
17,93.0,-22.40036112889494
17,93.5,-20.366420061881733
17,94.0,-16.990319641516404
17,94.5,-14.74047214389977
17,95.0,-13.374053444398092
17,95.5,-12.590200187021557
17,96.0,-12.234650506632944
17,96.5,-12.183332380434235
17,97.0,-12.385045761271977
17,97.5,-12.806198988658103
17,98.0,-13.41888456346399
17,98.5,-14.169965242434165
17,99.0,-15.021511731304187
17,99.5,-15.73521985103238
17,100.0,-15.97849493024243
18,0.0,-5.307269015541235
18,0.5,-5.0841775751355085
18,1.0,-4.544402307306826
18,1.5,-3.882008930316847
18,2.0,-3.30509613581954
18,2.5,-2.933830525822993
18,3.0,-2.825937012018354
18,3.5,-3.012077949090583
18,4.0,-3.536009858785386
18,4.5,-4.43164173799769
18,5.0,-5.768936707128547
18,5.5,-7.639613908318698
18,6.0,-10.139980021795033
18,6.5,-13.766021507344949
18,7.0,-19.069972537132763
18,7.5,-24.83511607079565
18,8.0,-22.10349553255642
18,8.5,-18.58515748651001
18,9.0,-17.076652955494534
18,9.5,-16.688162227103575
18,10.0,-16.6654728833273
18,10.5,-16.098046294400554
18,11.0,-14.51453353550525
18,11.5,-12.436957394004256
18,12.0,-10.561053858177916
18,12.5,-9.201268478736754
18,13.0,-8.332141792889278
18,13.5,-8.00784185328961
18,14.0,-8.248077236158334
18,14.5,-9.145565936222075
18,15.0,-10.870687860322334
18,15.5,-13.886947398724129
18,16.0,-19.47931369607089
18,16.5,-25.502936297489114
18,17.0,-18.696397499362043
18,17.5,-13.539459786477314
18,18.0,-10.673526571412388
18,18.5,-8.948863326698842
18,19.0,-7.978684796398427
18,19.5,-7.49484914078194
18,20.0,-7.403512001932981
18,20.5,-7.606692260223106
18,21.0,-8.039333425176492
18,21.5,-8.630576258543863
18,22.0,-9.33684300914718
18,22.5,-10.143114366781148
18,23.0,-11.054930996353608
18,23.5,-12.218217082620711
18,24.0,-13.743807741403694
18,24.5,-15.841323772387833
18,25.0,-18.76644797333936
18,25.5,-22.14446709040048
18,26.0,-21.598350753469926
18,26.5,-18.66467805811564
18,27.0,-16.214114805346902
18,27.5,-14.44890336633673
18,28.0,-13.262178382704
18,28.5,-12.523850683638468
18,29.0,-12.135853077405288
18,29.5,-12.044386614437004
18,30.0,-12.206776481568108
18,30.5,-12.603478666526614
18,31.0,-13.228037031154722
18,31.5,-14.07903304851856
18,32.0,-15.144998963061957
18,32.5,-16.52770832795726
18,33.0,-18.174255830502634
18,33.5,-18.87514303611677
18,34.0,-17.351132937729197
18,34.5,-15.413022368165024
18,35.0,-13.43271919065509
18,35.5,-11.550289061650176
18,36.0,-9.95897251938367
18,36.5,-8.63995509633765
18,37.0,-7.6727075541161405
18,37.5,-7.086809568148762
18,38.0,-6.854630687547368
18,38.5,-7.006253831914219
18,39.0,-7.562597352110453
18,39.5,-8.51588616233137
18,40.0,-9.775124213859204
18,40.5,-11.213583567056356
18,41.0,-12.284351115889288
18,41.5,-12.287481444577631
18,42.0,-11.3961085372344
18,42.5,-10.483191503623171
18,43.0,-9.951564399435028
18,43.5,-9.955418920760453
18,44.0,-10.490047642299412
18,44.5,-11.482062257147184
18,45.0,-12.719253224775962
18,45.5,-14.144531241930205
18,46.0,-15.663495477807697
18,46.5,-16.92206804074675
18,47.0,-16.700732089129982
18,47.5,-15.691154515368234
18,48.0,-15.46992704956092
18,48.5,-16.169211870414095
18,49.0,-17.67951474396462
18,49.5,-19.873116874624618
18,50.0,-21.435241859042023
18,50.5,-20.708203644375057
18,51.0,-19.688705871722995
18,51.5,-18.974702119877485
18,52.0,-18.73070551155222
18,52.5,-17.853365171300787
18,53.0,-15.200656310038957
18,53.5,-11.825419925166058
18,54.0,-8.927652058257603
18,54.5,-6.703100820720479
18,55.0,-5.084912202832928
18,55.5,-4.0425951218689935
18,56.0,-3.4718686415656443
18,56.5,-3.394877700219684
18,57.0,-3.819135446698128
18,57.5,-4.836655340081588
18,58.0,-6.575911184459259
18,58.5,-9.381370080756565
18,59.0,-14.099561902014962
18,59.5,-21.383740792046204
18,60.0,-18.74466362591205
18,60.5,-12.8225452465086
18,61.0,-9.563066322295567
18,61.5,-7.65001399657648
18,62.0,-6.529882393698466
18,62.5,-5.848234129303493
18,63.0,-5.480018313084067
18,63.5,-5.335012435675846
18,64.0,-5.358915312123739
18,64.5,-5.553338702949817
18,65.0,-5.951452342489454
18,65.5,-6.600616110273822
18,66.0,-7.538613203749912
18,66.5,-8.906368243007162
18,67.0,-10.759169654503504
18,67.5,-13.133501965872004
18,68.0,-15.727480375334018
18,68.5,-17.225844781161673
18,69.0,-16.310509505010188
18,69.5,-14.490896735082584
18,70.0,-13.205366874552226
18,70.5,-12.589204991666875
18,71.0,-12.670583354505828
18,71.5,-13.504173974299698
18,72.0,-15.261752072306368
18,72.5,-18.357691652305423
18,73.0,-22.536703212251943
18,73.5,-21.011876002221747
18,74.0,-16.18162569152152
18,74.5,-12.308236108408192
18,75.0,-9.692581149215671
18,75.5,-7.816417816525707
18,76.0,-6.581607779273252
18,76.5,-5.925073589818206
18,77.0,-5.7796022371243545
18,77.5,-6.183214178261288
18,78.0,-7.21009608476294
18,78.5,-8.96062098239701
18,79.0,-11.48757583880501
18,79.5,-14.528881392465314
18,80.0,-14.90026354268005
18,80.5,-12.34203746761762
18,81.0,-10.219909701822898
18,81.5,-9.137328316897316
18,82.0,-8.994143943465085
18,82.5,-9.870890704676826
18,83.0,-11.869590888496086
18,83.5,-14.765166218210146
18,84.0,-15.94916265033942
18,84.5,-12.600671925844548
18,85.0,-8.808254463523832
18,85.5,-6.26447243167702
18,86.0,-4.6072422291044095
18,86.5,-3.702399607736879
18,87.0,-3.4562226344295848
18,87.5,-3.827148413343266
18,88.0,-4.825001640661655
18,88.5,-6.649598902766619
18,89.0,-9.593565901589969
18,89.5,-14.271731415051764
18,90.0,-21.09898180057361
18,90.5,-18.71094988036993
18,91.0,-13.250672133979876
18,91.5,-10.6068219758662
18,92.0,-9.474850850916413
18,92.5,-9.290183013900185
18,93.0,-9.903001027139725
18,93.5,-11.181527004615097
18,94.0,-13.03673740177069
18,94.5,-14.822554675168217
18,95.0,-15.310033511557656
18,95.5,-14.287449338358568
18,96.0,-12.872471658502558
18,96.5,-11.62278775339384
18,97.0,-10.6239681664902
18,97.5,-9.730022676927678
18,98.0,-8.804494737088142
18,98.5,-7.846123565096838
18,99.0,-6.862586927158245
18,99.5,-5.985238242022302
18,100.0,-5.458135107644838
19,0.0,-20.84284401314705
19,0.5,-19.71809367410377
19,1.0,-17.86372837910392
19,1.5,-16.308347306719007
19,2.0,-15.228528459731884
19,2.5,-14.445811183080837
19,3.0,-13.698775133115843
19,3.5,-12.80561455332536
19,4.0,-11.615415936234951
19,4.5,-10.225846663626704
19,5.0,-8.840615415855776
19,5.5,-7.657140069097266
19,6.0,-6.810662399673745
19,6.5,-6.290284824998325
19,7.0,-6.131676455737769
19,7.5,-6.3237226969070885
19,8.0,-6.859056736319798
19,8.5,-7.683480176519968
19,9.0,-8.687891552473442
19,9.5,-9.653909364032335
19,10.0,-10.282975441061788
19,10.5,-10.475632080047571
19,11.0,-10.41018027560196
19,11.5,-10.44478740190317
19,12.0,-10.856506027047486
19,12.5,-11.818379971244314
19,13.0,-13.605868338789136
19,13.5,-16.417058549854335
19,14.0,-19.34550177313267
19,14.5,-19.937425094514257
19,15.0,-17.30611472724214
19,15.5,-13.985879609202884
19,16.0,-11.929203985300692
19,16.5,-10.88691808725777
19,17.0,-10.549134740922398
19,17.5,-10.774461080099307
19,18.0,-11.355431632720991
19,18.5,-12.0512952131979
19,19.0,-12.638858554211788
19,19.5,-12.774305473610378
19,20.0,-12.055580185168209
19,20.5,-10.933558128143233
19,21.0,-10.12196694853563
19,21.5,-9.998200742319996
19,22.0,-10.742692291013611
19,22.5,-12.584635422809788
19,23.0,-15.830477963148098
19,23.5,-18.75058326548006
19,24.0,-15.561435959603315
19,24.5,-11.293760907166556
19,25.0,-8.286294670260633
19,25.5,-6.368974146770815
19,26.0,-5.155250298254352
19,26.5,-4.5571415422425
19,27.0,-4.498175999199118
19,27.5,-4.934589325281157
19,28.0,-5.844708301577053
19,28.5,-7.196766632781336
19,29.0,-8.853775117814529
19,29.5,-10.430881931942896
19,30.0,-11.476221293087573
19,30.5,-11.705248405068682
19,31.0,-11.584371847968072
19,31.5,-11.728127253156329
19,32.0,-12.4055689232519
19,32.5,-13.585342504385457
19,33.0,-14.4742339118734
19,33.5,-13.730989801373408
19,34.0,-11.410455152783204
19,34.5,-8.962804037101687
19,35.0,-7.022007768211559
19,35.5,-5.621756584201891
19,36.0,-4.7291305462297695
19,36.5,-4.2292953687620924
19,37.0,-4.109520687654716
19,37.5,-4.339765205619377
19,38.0,-4.929618349287378
19,38.5,-5.888026829491367
19,39.0,-7.267428389269774
19,39.5,-9.138754760953532
19,40.0,-11.525624482197992
19,40.5,-14.491852746726105
19,41.0,-16.490555151443953
19,41.5,-15.1200759614544
19,42.0,-12.39101046123176
19,42.5,-10.071845149501469
19,43.0,-8.271270875351089
19,43.5,-6.970988862935746
19,44.0,-6.101486686189243
19,44.5,-5.541225441119329
19,45.0,-5.275149680922127
19,45.5,-5.280727467535064
19,46.0,-5.530295690303395
19,46.5,-5.981719000709429
19,47.0,-6.609806545187556
19,47.5,-7.299123779729582
19,48.0,-7.883814874687167
19,48.5,-8.188145814331435
19,49.0,-8.138968239837862
19,49.5,-7.838775320610908
19,50.0,-7.506311182314977
19,50.5,-7.356743109951166
19,51.0,-7.5407798066031395
19,51.5,-8.190618620716549
19,52.0,-9.467465149532796
19,52.5,-11.60390970584034
19,53.0,-15.00777211928429
19,53.5,-20.82079418003903
19,54.0,-23.435387351055407
19,54.5,-18.579270644776408
19,55.0,-14.397977243092289
19,55.5,-12.35016882680235
19,56.0,-11.45128720982295
19,56.5,-11.479802404126476
19,57.0,-12.356982271727356
19,57.5,-14.241875199790211
19,58.0,-17.119341298019116
19,58.5,-18.925867517432632
19,59.0,-17.14676697412429
19,59.5,-14.338675947119484
19,60.0,-11.872322274381942
19,60.5,-9.989015979221575
19,61.0,-8.63761087983335
19,61.5,-7.719510819696727
19,62.0,-7.194665049320399
19,62.5,-7.015081180238048
19,63.0,-7.224907958403936
19,63.5,-7.879387706340653
19,64.0,-9.169692131828231
19,64.5,-11.37148157734865
19,65.0,-15.228401058195171
19,65.5,-21.2483121245373
19,66.0,-21.647213928440507
19,66.5,-15.016864569310355
19,67.0,-10.911770733202513
19,67.5,-8.602081749161263
19,68.0,-7.287515748868974
19,68.5,-6.70339872286878
19,69.0,-6.66852045906921
19,69.5,-7.095240231015729
19,70.0,-7.82092607577153
19,70.5,-8.64082014888135
19,71.0,-9.183170176333157
19,71.5,-9.211904903831098
19,72.0,-8.881276552953635
19,72.5,-8.554411780663331
19,73.0,-8.508103329790856
19,73.5,-8.931405653686475
19,74.0,-9.967360075782796
19,74.5,-11.75200465456227
19,75.0,-14.405522852161402
19,75.5,-18.138655785403056
19,76.0,-21.20178585333447
19,76.5,-20.043109232813077
19,77.0,-17.053102627103527
19,77.5,-15.093266464166994
19,78.0,-14.107317188782355
19,78.5,-13.74024615885027
19,79.0,-13.71918175205614
19,79.5,-13.817549439848918
19,80.0,-13.92385498974298
19,80.5,-14.080575839450512
19,81.0,-14.392198797119638
19,81.5,-14.828217147108612
19,82.0,-15.073730198900009
19,82.5,-14.499733508407925
19,83.0,-12.995785176581323
19,83.5,-11.09481240476421
19,84.0,-9.381034002267947
19,84.5,-8.069116917550524
19,85.0,-7.196899471443137
19,85.5,-6.7684929878876
19,86.0,-6.726860211835209
19,86.5,-7.037064310632721
19,87.0,-7.622316601154841
19,87.5,-8.342459801331515
19,88.0,-8.998710718914303
19,88.5,-9.483890236758867
19,89.0,-9.78378008594748
19,89.5,-10.065316583357408
19,90.0,-10.59170318190987
19,90.5,-11.583170399749838
19,91.0,-13.290359995116583
19,91.5,-16.027693346160323
19,92.0,-20.138681283340585
19,92.5,-23.602591424247773
19,93.0,-21.07521644606278
19,93.5,-18.35311942358
19,94.0,-16.71132937949561
19,94.5,-16.0700699031787
19,95.0,-16.23687052981098
19,95.5,-16.90081673479514
19,96.0,-17.575996701860603
19,96.5,-17.805121598732978
19,97.0,-17.536459119192923
19,97.5,-17.247944020218192
19,98.0,-17.433103920542283
19,98.5,-18.274987935681587
19,99.0,-19.40143530086673
19,99.5,-19.084242893283445
19,100.0,-17.38412996700537
20,0.0,-17.792599114569143
20,0.5,-17.90427625718154
20,1.0,-18.22176863913796
20,1.5,-18.745991327197583
20,2.0,-19.43273725634915
20,2.5,-20.23538067790309
20,3.0,-21.0983057926933
20,3.5,-21.97573043980993
20,4.0,-23.026994143242167
20,4.5,-24.45711332972463
20,5.0,-26.386480439449183
20,5.5,-27.1188885226063
20,6.0,-25.619562095749547
20,6.5,-23.141362173016105
20,7.0,-20.67116073474786
20,7.5,-18.704533398863447
20,8.0,-17.16686181865224
20,8.5,-15.964968309096507
20,9.0,-14.868350615010096
20,9.5,-13.660155655325228
20,10.0,-12.285000408419693
20,10.5,-10.687456047746643
20,11.0,-9.031081358362512
20,11.5,-7.462139798244819
20,12.0,-6.087328619721968
20,12.5,-5.0007166045802895
20,13.0,-4.16349256931502
20,13.5,-3.622957873355271
20,14.0,-3.394521720766495
20,14.5,-3.4725239597723694
20,15.0,-3.875229005325548
20,15.5,-4.623620314989329
20,16.0,-5.724060884396809
20,16.5,-7.132959149727035
20,17.0,-8.892985203011076
20,17.5,-10.793180974666464
20,18.0,-12.35829203910815
20,18.5,-13.09164360426676
20,19.0,-13.375213496142738
20,19.5,-13.744922635776474
20,20.0,-14.45468500149607
20,20.5,-15.471656748618567
20,21.0,-16.160446782416237
20,21.5,-15.174468128342433
20,22.0,-13.2924404945816
20,22.5,-11.639734678635737
20,23.0,-10.55281758139837
20,23.5,-10.033956310435247
20,24.0,-10.154162008575808
20,24.5,-10.991025360420318
20,25.0,-12.61113516947633
20,25.5,-14.836532752558396
20,26.0,-16.85463123027612
20,26.5,-16.410532500929175
20,27.0,-13.442453654287275
20,27.5,-10.762340666721798
20,28.0,-9.012808766196263
20,28.5,-8.05635938684142
20,29.0,-7.74766810122782
20,29.5,-7.999013220984976
20,30.0,-8.73501373520067
20,30.5,-9.70932663342997
20,31.0,-10.349706114436144
20,31.5,-10.255740632346942
20,32.0,-9.693581341849836
20,32.5,-9.016229893912891
20,33.0,-8.476096798754009
20,33.5,-8.213459946368124
20,34.0,-8.293586218671598
20,34.5,-8.749833164556982
20,35.0,-9.528350751888803
20,35.5,-10.405507544799026
20,36.0,-10.928057888212484
20,36.5,-10.74551214751654
20,37.0,-10.003872356679064
20,37.5,-9.20529721750138
20,38.0,-8.661080961030603
20,38.5,-8.573127491590633
20,39.0,-9.044653918328663
20,39.5,-10.139125082616996
20,40.0,-11.875149897805954
20,40.5,-14.316326679823954
20,41.0,-16.614807101205862
20,41.5,-16.053143311609702
20,42.0,-13.542021088042825
20,42.5,-11.5946696078904
20,43.0,-10.36795783336727
20,43.5,-9.854391456533731
20,44.0,-10.005589655957746
20,44.5,-10.860618759269668
20,45.0,-12.55854234759208
20,45.5,-15.51176951798049
20,46.0,-20.36466856787561
20,46.5,-21.77850035264164
20,47.0,-17.521682155525955
20,47.5,-13.388284129531664
20,48.0,-10.451754433373225
20,48.5,-8.369274200449611
20,49.0,-6.909927429879152
20,49.5,-5.830837749934339
20,50.0,-5.099613252314311
20,50.5,-4.690279104144894
20,51.0,-4.561720333994489
20,51.5,-4.725992294774955
20,52.0,-5.198064706369031
20,52.5,-5.986804893003841
20,53.0,-7.0755524782713
20,53.5,-8.544822751449635
20,54.0,-10.347503485458558
20,54.5,-12.399229687091829
20,55.0,-14.456204079685646
20,55.5,-16.104328754579576
20,56.0,-17.17243973845233
20,56.5,-17.61323859440275
20,57.0,-17.611290477996782
20,57.5,-17.330077900871096
20,58.0,-16.851892485521482
20,58.5,-16.190902611880137
20,59.0,-15.32736263177559
20,59.5,-14.309596663186088
20,60.0,-13.175187148316578
20,60.5,-12.061134025771526
20,61.0,-11.004210776187632
20,61.5,-9.996502697964832
20,62.0,-9.069510431590151
20,62.5,-8.196411390706809
20,63.0,-7.455983018860662
20,63.5,-6.917463522171197
20,64.0,-6.59233771414403
20,64.5,-6.531269208880686
20,65.0,-6.765253770092699
20,65.5,-7.305781650624814
20,66.0,-8.134851371254046
20,66.5,-9.295614203220165
20,67.0,-10.730929707463536
20,67.5,-12.418584111718792
20,68.0,-14.406559034310902
20,68.5,-16.786953173168875
20,69.0,-19.512381107383828
20,69.5,-20.685915644766432
20,70.0,-20.38246883567073
20,70.5,-17.604084706741645
20,71.0,-14.500601396086934
20,71.5,-12.17085820117926
20,72.0,-10.545318667502338
20,72.5,-9.546285550842372
20,73.0,-9.05024699098758
20,73.5,-9.068158763254845
20,74.0,-9.623804717421946
20,74.5,-10.752798798520276
20,75.0,-12.476205251150098
20,75.5,-14.93121440861395
20,76.0,-17.658681060711817
20,76.5,-19.3246405362398
20,77.0,-19.26238795456085
20,77.5,-18.23976661871424
20,78.0,-17.613053329611592
20,78.5,-17.873949264667193
20,79.0,-19.04121338849001
20,79.5,-20.668405122854143
20,80.0,-20.830773923217304
20,80.5,-18.745765217985053
20,81.0,-15.58284571781403
20,81.5,-13.244783734111408
20,82.0,-11.626738748499658
20,82.5,-10.62937434210155
20,83.0,-10.15473130312858
20,83.5,-10.100174312534126
20,84.0,-10.436392931142064
20,84.5,-11.149866222412346
20,85.0,-12.239423934373374
20,85.5,-13.704999686827604
20,86.0,-15.752135465878728
20,86.5,-18.570003232493956
20,87.0,-22.54158604898114
20,87.5,-25.06995941055132
20,88.0,-24.22325883001787
20,88.5,-22.83401926686015
20,89.0,-21.47629660388852
20,89.5,-20.24343623827984
20,90.0,-20.025711312578107
20,90.5,-20.47077272250633
20,91.0,-20.3331566262267
20,91.5,-18.07329421810468
20,92.0,-15.021246742556624
20,92.5,-12.298962093585654
20,93.0,-10.203002354211334
20,93.5,-8.732046938822881
20,94.0,-7.725950453207408
20,94.5,-7.175852248709197
20,95.0,-7.041941545265789
20,95.5,-7.258894180768568
20,96.0,-7.720283342075946
20,96.5,-8.289539871092133
20,97.0,-8.716117851161114
20,97.5,-8.790431379938644
20,98.0,-8.524715159445313
20,98.5,-8.135565271632927
20,99.0,-7.834688632293757
20,99.5,-7.7887194565563265
20,100.0,-7.952928040142437
21,0.0,-9.72652414233132
21,0.5,-9.85843942852233
21,1.0,-10.216105457601628
21,1.5,-10.732351054827372
21,2.0,-11.213232889720516
21,2.5,-11.388487720081171
21,3.0,-11.096646788659472
21,3.5,-10.468428047585183
21,4.0,-9.733183986643088
21,4.5,-9.12295578781714
21,5.0,-8.761174135934786
21,5.5,-8.700769851119302
21,6.0,-8.964333658038935
21,6.5,-9.592828748538546
21,7.0,-10.607073404870288
21,7.5,-12.007235517892356
21,8.0,-13.952521024220763
21,8.5,-16.498459955064433
21,9.0,-19.65864603181943
21,9.5,-22.288570660990093
21,10.0,-21.43277188676825
21,10.5,-18.18041263312121
21,11.0,-15.301278799043276
21,11.5,-13.11634380939947
21,12.0,-11.50600704379243
21,12.5,-10.430678940170914
21,13.0,-9.79833435679854
21,13.5,-9.65707177674893
21,14.0,-10.048435348025627
21,14.5,-11.108104111218452
21,15.0,-13.014834006259049
21,15.5,-15.910153247800933
21,16.0,-18.859390713905974
21,16.5,-18.91333494608714
21,17.0,-15.234615696174524
21,17.5,-11.71729192463732
21,18.0,-9.536288546455928
21,18.5,-8.219680984380647
21,19.0,-7.574166647653136
21,19.5,-7.449918580280933
21,20.0,-7.805762203096319
21,20.5,-8.566364415193865
21,21.0,-9.691098971899956
21,21.5,-10.956564866128002
21,22.0,-11.958513752231203
21,22.5,-12.26544010466142
21,23.0,-11.91620850899348
21,23.5,-11.375641144095516
21,24.0,-11.051383851519342
21,24.5,-11.130306552741752
21,25.0,-11.66964249801798
21,25.5,-12.661192545414195
21,26.0,-14.15682932655198
21,26.5,-16.023416418696883
21,27.0,-17.778022018604034
21,27.5,-18.539365959837443
21,28.0,-18.33134922079464
21,28.5,-17.965970802362897
21,29.0,-18.11463499723678
21,29.5,-18.962378184603057
21,30.0,-20.669749191109343
21,30.5,-23.182714554942898
21,31.0,-24.928584893298037
21,31.5,-23.597625870199195
21,32.0,-21.05483423290037
21,32.5,-18.798550254884645
21,33.0,-17.161626023511698
21,33.5,-16.103961031701203
21,34.0,-15.406063322653234
21,34.5,-14.93593271347348
21,35.0,-14.555706471837198
21,35.5,-14.204810304390314
21,36.0,-13.895679603400694
21,36.5,-13.62227913392718
21,37.0,-13.38635106761796
21,37.5,-13.157160005866569
21,38.0,-12.892112049056804
21,38.5,-12.615030888233138
21,39.0,-12.366852340949585
21,39.5,-12.199486627528836
21,40.0,-12.184026059758558
21,40.5,-12.40635998890385
21,41.0,-12.941694046359704
21,41.5,-13.755975300021198
21,42.0,-14.383851290766874
21,42.5,-14.163392396525026
21,43.0,-12.815825689431952
21,43.5,-10.699139986178595
21,44.0,-8.52080065426514
21,44.5,-6.534546006015231
21,45.0,-4.926453143734862
21,45.5,-3.7161602480346265
21,46.0,-2.881818903438988
21,46.5,-2.4248262646411614
21,47.0,-2.3110167764871
21,47.5,-2.556969982362871
21,48.0,-3.17747964023494
21,48.5,-4.167639834546828
21,49.0,-5.456643014671482
21,49.5,-6.981902463209261
21,50.0,-8.320301092801142
21,50.5,-8.907102018069388
21,51.0,-8.689878074798042
21,51.5,-8.182317873856542
21,52.0,-7.905153881618232
21,52.5,-8.127662091987998
21,53.0,-8.992763516620984
21,53.5,-10.773592655519376
21,54.0,-13.855071347040855
21,54.5,-18.80009820396517
21,55.0,-21.630243475918693
21,55.5,-16.804271512658712
21,56.0,-12.613305918133628
21,56.5,-10.299731153939591
21,57.0,-9.158629700687314
21,57.5,-8.821735868343051
21,58.0,-9.228581901820004
21,58.5,-10.41962310467906
21,59.0,-12.541145502655157
21,59.5,-15.824920176550624
21,60.0,-18.974553110207776
21,60.5,-19.02455874086908
21,61.0,-17.13875338155829
21,61.5,-15.140944279715828
21,62.0,-13.541674017378048
21,62.5,-12.67552911640701
21,63.0,-12.46068425577041
21,63.5,-12.750017515811956
21,64.0,-13.447924789055566
21,64.5,-14.429595716590638
21,65.0,-15.55458814457899
21,65.5,-16.669337019007088
21,66.0,-17.669161644795487
21,66.5,-18.67023607905381
21,67.0,-19.740770190769773
21,67.5,-20.89874354655672
21,68.0,-21.88797986448309
21,68.5,-22.14238280973771
21,69.0,-21.6921854549946
21,69.5,-20.83482772016992
21,70.0,-19.5434049672706
21,70.5,-17.680509226017637
21,71.0,-15.443688971023658
21,71.5,-13.13315908040507
21,72.0,-10.994562657189348
21,72.5,-9.198419867459805
21,73.0,-7.662802604661094
21,73.5,-6.435726928627527
21,74.0,-5.501887229110652
21,74.5,-4.832134187714438
21,75.0,-4.41859969074713
21,75.5,-4.218239883636125
21,76.0,-4.231710683109363
21,76.5,-4.445239690682539
21,77.0,-4.87079173007115
21,77.5,-5.506534886629334
21,78.0,-6.368363066693012
21,78.5,-7.468574744352784
21,79.0,-8.783234348576954
21,79.5,-10.394901483384665
21,80.0,-12.190696629336664
21,80.5,-13.880019981625573
21,81.0,-14.869684773671992
21,81.5,-14.749851032403162
21,82.0,-13.810293911118888
21,82.5,-12.622241529966374
21,83.0,-11.579850588104328
21,83.5,-10.775275510918734
21,84.0,-10.31479259492316
21,84.5,-10.275755157472174
21,85.0,-10.753850277513193
21,85.5,-11.899163560907176
21,86.0,-14.188092598701994
21,86.5,-18.689830511932914
21,87.0,-24.74511502101529
21,87.5,-19.843266524993155
21,88.0,-13.44050196321718
21,88.5,-9.66256406377824
21,89.0,-7.2420240391496895
21,89.5,-5.716483121737648
21,90.0,-4.777084377609159
21,90.5,-4.376931527496527
21,91.0,-4.490177412413869
21,91.5,-5.111279971728847
21,92.0,-6.245024593085677
21,92.5,-8.03617213040761
21,93.0,-10.510940839176728
21,93.5,-13.315532687682852
21,94.0,-14.941747109969024
21,94.5,-13.714364513774916
21,95.0,-11.595595862881993
21,95.5,-10.063967030236055
21,96.0,-9.25696225863466
21,96.5,-9.013457739259232
21,97.0,-9.252754548228747
21,97.5,-9.884212349858023
21,98.0,-10.7915592303133
21,98.5,-11.81592817377832
21,99.0,-12.882877664734124
21,99.5,-13.823901827922464
21,100.0,-14.346616090064297
