Canal,Frecuencia,Magnitud
0,0.0,-29.025177471418885
0,0.5,-26.503571727467
0,1.0,-23.527437587295545
0,1.5,-21.26711188002213
0,2.0,-19.600924308130097
0,2.5,-18.34417300225382
0,3.0,-17.46999189571922
0,3.5,-16.98620452289602
0,4.0,-16.839448547779575
0,4.5,-17.03185644806796
0,5.0,-17.5727470070163
0,5.5,-18.47429647089856
0,6.0,-19.73450700307417
0,6.5,-21.49135605292105
0,7.0,-23.783066519942928
0,7.5,-26.6034383163872
0,8.0,-29.96121542427333
0,8.5,-30.8177853757697
0,9.0,-28.327528896226863
0,9.5,-26.336654023065517
0,10.0,-25.21612574712257
0,10.5,-24.71267551747954
0,11.0,-24.736082631627617
0,11.5,-25.17862783068344
0,12.0,-25.825359050647595
0,12.5,-26.187510769809577
0,13.0,-25.88688003412685
0,13.5,-25.25952306799375
0,14.0,-24.706787318850598
0,14.5,-24.338229216858156
0,15.0,-24.16317256337678
0,15.5,-24.01377647092881
0,16.0,-23.5460142034107
0,16.5,-22.52578858267985
0,17.0,-20.87679759509458
0,17.5,-18.83715811165428
0,18.0,-16.683671166413333
0,18.5,-14.607497434298097
0,19.0,-12.751197136611069
0,19.5,-11.02546494491242
0,20.0,-9.488343290164456
0,20.5,-8.171237549439763
0,21.0,-6.979365134421555
0,21.5,-5.942233829318546
0,22.0,-5.052859056987323
0,22.5,-4.300632395844583
0,23.0,-3.699114759373553
0,23.5,-3.207652719904663
0,24.0,-2.8441580215354128
0,24.5,-2.612472714030823
0,25.0,-2.5132993482226453
0,25.5,-2.5510013113859737
0,26.0,-2.736183146513937
0,26.5,-3.0789446128964983
0,27.0,-3.578977180732803
0,27.5,-4.28876141106655
0,28.0,-5.221570352006069
0,28.5,-6.424285473081929
0,29.0,-7.951632103441148
0,29.5,-9.83210194328518
0,30.0,-12.308210225588274
0,30.5,-15.42452981439354
0,31.0,-18.69946270564879
0,31.5,-19.708068748675878
0,32.0,-17.77305700770792
0,32.5,-15.452964447245426
0,33.0,-13.795532952945358
0,33.5,-12.821150196852686
0,34.0,-12.363329041534342
0,34.5,-12.388120110799225
0,35.0,-12.880610462080044
0,35.5,-13.837531154768342
0,36.0,-15.231085523973729
0,36.5,-17.095697699711405
0,37.0,-18.987561982292632
0,37.5,-19.752474915531803
0,38.0,-18.733652068252667
0,38.5,-16.959560765431767
0,39.0,-15.410373377976368
0,39.5,-14.350627819804089
0,40.0,-13.825355974046378
0,40.5,-13.807346469036684
0,41.0,-14.356227394730896
0,41.5,-15.611851972209593
0,42.0,-17.868558697538717
0,42.5,-21.86070379879016
0,43.0,-30.60789864366869
0,43.5,-27.5019034680711
0,44.0,-19.585069041841752
0,44.5,-15.332756246131613
0,45.0,-12.59021348489322
0,45.5,-10.691550939139503
0,46.0,-9.344367528583833
0,46.5,-8.441585346753158
0,47.0,-7.849095316370919
0,47.5,-7.5483743602041775
0,48.0,-7.513757300029484
0,48.5,-7.717794450067929
0,49.0,-8.129167307113217
0,49.5,-8.752883786595522
0,50.0,-9.547676686709384
0,50.5,-10.442452697189834
0,51.0,-11.42957089136877
0,51.5,-12.404776726143393
0,52.0,-13.301325290517962
0,52.5,-14.10861002442945
0,53.0,-14.870103219868152
0,53.5,-15.777190553425577
0,54.0,-17.00833161306879
0,54.5,-18.87335297847822
0,55.0,-21.92166539878289
0,55.5,-27.60762804916905
0,56.0,-34.34608985782347
0,56.5,-25.194587319750266
0,57.0,-19.626957395177804
0,57.5,-16.211406278426225
0,58.0,-13.897144846096458
0,58.5,-12.277913955404564
0,59.0,-11.15066566561195
0,59.5,-10.440744245337298
0,60.0,-10.049344871011057
0,60.5,-9.969927744791452
0,61.0,-10.196458382656642
0,61.5,-10.724404867957691
0,62.0,-11.542981336837796
0,62.5,-12.734187999074196
0,63.0,-14.32411417610359
0,63.5,-16.33362607519606
0,64.0,-19.025472636152728
0,64.5,-22.53620334961384
0,65.0,-26.9022657819557
0,65.5,-29.982740003201044
0,66.0,-28.911556173347066
0,66.5,-26.883908542127443
0,67.0,-25.68513578772678
0,67.5,-25.158000837448377
0,68.0,-24.787350823215952
0,68.5,-24.063857329349595
0,69.0,-22.7322260813678
0,69.5,-21.06469406245807
0,70.0,-19.46950077934303
0,70.5,-18.0615347183426
0,71.0,-16.964225375485334
0,71.5,-16.191307072859367
0,72.0,-15.717113370971193
0,72.5,-15.516790888639898
0,73.0,-15.533720071627648
0,73.5,-15.711401746434444
0,74.0,-15.95986715988992
0,74.5,-16.161973091447237
0,75.0,-16.208574382111625
0,75.5,-16.053677372058136
0,76.0,-15.73672108861526
0,76.5,-15.370685056551174
0,77.0,-15.04417101840851
0,77.5,-14.85464484319261
0,78.0,-14.864884823068287
0,78.5,-15.109025483286969
0,79.0,-15.597344090986995
0,79.5,-16.37862078288431
0,80.0,-17.44592249342903
0,80.5,-18.788272974909475
0,81.0,-20.316587576223966
0,81.5,-21.7578083333774
0,82.0,-22.78153781437754
0,82.5,-22.983650573060903
0,83.0,-22.46633877643706
0,83.5,-21.611296086751462
0,84.0,-20.74745512595554
0,84.5,-19.999389121867008
0,85.0,-19.385545912605963
0,85.5,-18.91684665377485
0,86.0,-18.57183906363337
0,86.5,-18.395382598741374
0,87.0,-18.444186321462983
0,87.5,-18.78077938239005
0,88.0,-19.4513281592932
0,88.5,-20.51526466870213
0,89.0,-21.717274494673664
0,89.5,-22.140762470305283
0,90.0,-20.778578230013878
0,90.5,-18.230979835898054
0,91.0,-15.63910535841814
0,91.5,-13.426068526492449
0,92.0,-11.69059129280662
0,92.5,-10.288040337841052
0,93.0,-9.233944201810644
0,93.5,-8.52337997925046
0,94.0,-8.097895138088163
0,94.5,-7.979252413562462
0,95.0,-8.188779422504835
0,95.5,-8.754780571615477
0,96.0,-9.712691319794867
0,96.5,-11.247544421232952
0,97.0,-13.582172965879218
0,97.5,-17.39563942410922
0,98.0,-25.395564672405644
0,98.5,-31.515905504365055
0,99.0,-19.797777391340983
0,99.5,-14.8602517798002
0,100.0,-12.637009434612104
1,0.0,-23.1008073977468
1,0.5,-20.42729863918104
1,1.0,-17.075964863489908
1,1.5,-14.588143583208534
1,2.0,-12.887599451868814
1,2.5,-11.794919794229603
1,3.0,-11.185432540877532
1,3.5,-11.007267207827017
1,4.0,-11.228073532545082
1,4.5,-11.862023512988888
1,5.0,-12.954944824779822
1,5.5,-14.55481562651146
1,6.0,-16.610936555488173
1,6.5,-18.84536237538981
1,7.0,-19.53576658858023
1,7.5,-17.806124001931668
1,8.0,-15.30565531960322
1,8.5,-13.141645953497832
1,9.0,-11.46181072815862
1,9.5,-10.190312149932309
1,10.0,-9.281711622873893
1,10.5,-8.623217381169049
1,11.0,-8.205817494860806
1,11.5,-8.010258784713146
1,12.0,-8.020021082149515
1,12.5,-8.226633148473587
1,13.0,-8.650074118028927
1,13.5,-9.298752235326726
1,14.0,-10.165112620748
1,14.5,-11.316297192681128
1,15.0,-12.69346212153986
1,15.5,-14.11290773976941
1,16.0,-15.08775495289333
1,16.5,-15.035971639876234
1,17.0,-13.947647000857208
1,17.5,-12.39789342683822
1,18.0,-10.887601055513873
1,18.5,-9.619216848552924
1,19.0,-8.66389677697373
1,19.5,-7.952704410122415
1,20.0,-7.495981471789561
1,20.5,-7.282079858360971
1,21.0,-7.282889816151189
1,21.5,-7.494601752299766
1,22.0,-7.914680037226115
1,22.5,-8.536569078617218
1,23.0,-9.33855639772636
1,23.5,-10.383380795544625
1,24.0,-11.673863427794386
1,24.5,-13.27141414726174
1,25.0,-15.268193742506265
1,25.5,-17.728504208899096
1,26.0,-20.767998595781386
1,26.5,-22.74418043057358
1,27.0,-21.20341771671288
1,27.5,-17.930870270647763
1,28.0,-15.032798898613866
1,28.5,-12.780365566879306
1,29.0,-11.047288637594107
1,29.5,-9.77384569267284
1,30.0,-8.818437349361298
1,30.5,-8.188050027936985
1,31.0,-7.876536934964895
1,31.5,-7.882806488638594
1,32.0,-8.220511681232678
1,32.5,-8.961886415061926
1,33.0,-10.190358505221257
1,33.5,-12.027415085814136
1,34.0,-14.9738022831557
1,34.5,-19.84867678454375
1,35.0,-25.29016308709703
1,35.5,-19.93342467690444
1,36.0,-14.725876400197413
1,36.5,-11.473762271660988
1,37.0,-9.30376404888584
1,37.5,-7.852486629075829
1,38.0,-6.836862864424184
1,38.5,-6.202902452617092
1,39.0,-5.901182814298951
1,39.5,-5.894899058731418
1,40.0,-6.163337578777139
1,40.5,-6.725372655632879
1,41.0,-7.589650357653249
1,41.5,-8.800167566972988
1,42.0,-10.418087288512792
1,42.5,-12.501756066254709
1,43.0,-15.433896295438528
1,43.5,-19.745888784950417
1,44.0,-27.076899577843182
1,44.5,-30.872618829219885
1,45.0,-23.037771607029978
1,45.5,-19.030782825002078
1,46.0,-16.75708644639014
1,46.5,-15.419048244806143
1,47.0,-14.597417443301469
1,47.5,-14.1709635565497
1,48.0,-14.051249264431668
1,48.5,-14.173097022470092
1,49.0,-14.488384345082295
1,49.5,-14.990324940256274
1,50.0,-15.649966348931535
1,50.5,-16.42512566249908
1,51.0,-17.33745134660792
1,51.5,-18.310973418532537
1,52.0,-19.240452484371797
1,52.5,-19.95102508326588
1,53.0,-20.22642576541234
1,53.5,-19.971738335072875
1,54.0,-19.27260875011485
1,54.5,-18.342587004821517
1,55.0,-17.373519669609138
1,55.5,-16.496769354644755
1,56.0,-15.702670608684096
1,56.5,-15.031357635810766
1,57.0,-14.49809577616842
1,57.5,-14.062695249111126
1,58.0,-13.73411395104867
1,58.5,-13.50784882341601
1,59.0,-13.377693866996465
1,59.5,-13.34349818653974
1,60.0,-13.404945163212984
1,60.5,-13.567701089037204
1,61.0,-13.840844886300305
1,61.5,-14.229933834967628
1,62.0,-14.725498393566266
1,62.5,-15.357924757781442
1,63.0,-16.095249131087417
1,63.5,-16.865743724054926
1,64.0,-17.61781406590742
1,64.5,-18.17604118636944
1,65.0,-18.37892344302685
1,65.5,-18.18337595719296
1,66.0,-17.70968328423126
1,66.5,-17.12037080419415
1,67.0,-16.603284674841284
1,67.5,-16.285356296860428
1,68.0,-16.247477921222536
1,68.5,-16.552729224003965
1,69.0,-17.31053157578476
1,69.5,-18.651824544617604
1,70.0,-20.7666716259267
1,70.5,-24.278906945599356
1,71.0,-28.78292793543092
1,71.5,-27.2166791057137
1,72.0,-22.07363085282727
1,72.5,-18.54423799503779
1,73.0,-16.07544535762997
1,73.5,-14.373808504807984
1,74.0,-13.24688736021
1,74.5,-12.581072114004469
1,75.0,-12.337045590805618
1,75.5,-12.487110543630251
1,76.0,-13.055363027343134
1,76.5,-14.05630671339988
1,77.0,-15.631217851723711
1,77.5,-17.82947463519411
1,78.0,-20.468110524442324
1,78.5,-22.02142615153488
1,79.0,-20.74105145851975
1,79.5,-18.247395767191826
1,80.0,-16.15214695590562
1,80.5,-14.699166039965482
1,81.0,-13.799376843395756
1,81.5,-13.380097716720616
1,82.0,-13.344894868591464
1,82.5,-13.636553224377318
1,83.0,-14.135534884536373
1,83.5,-14.690664204943856
1,84.0,-15.025596499424374
1,84.5,-14.909977854490435
1,85.0,-14.368120313847472
1,85.5,-13.655729613122926
1,86.0,-12.986355245650811
1,86.5,-12.551072021248189
1,87.0,-12.45572892096308
1,87.5,-12.763267858898628
1,88.0,-13.524093751536968
1,88.5,-14.895923290789437
1,89.0,-17.020848319866158
1,89.5,-19.93650877533717
1,90.0,-22.709885713753867
1,90.5,-21.70957753669188
1,91.0,-18.389076777032404
1,91.5,-15.682655731055297
1,92.0,-13.901560578522682
1,92.5,-12.755987189853345
1,93.0,-12.169462343767538
1,93.5,-12.059857300846064
1,94.0,-12.343316819307065
1,94.5,-12.899277541241265
1,95.0,-13.459494534408387
1,95.5,-13.578403988543768
1,96.0,-12.945705573444906
1,96.5,-11.686736696349982
1,97.0,-10.25550663578229
1,97.5,-8.967457457184846
1,98.0,-7.952788767838482
1,98.5,-7.272624496587706
1,99.0,-6.892873985234318
1,99.5,-6.836743645660891
1,100.0,-6.995053919946029
2,0.0,-8.81146392460088
2,0.5,-8.906754450429736
2,1.0,-9.178922885230207
2,1.5,-9.631186755218572
2,2.0,-10.222241543729918
2,2.5,-10.88543554942232
2,3.0,-11.498764424787026
2,3.5,-11.8833510798006
2,4.0,-11.90887006068347
2,4.5,-11.52830132375969
2,5.0,-10.84563676844826
2,5.5,-10.034093349067302
2,6.0,-9.250716482391786
2,6.5,-8.524115943020844
2,7.0,-7.912445235927956
2,7.5,-7.439539332252258
2,8.0,-7.071866779797819
2,8.5,-6.81388781367467
2,9.0,-6.654056249968916
2,9.5,-6.575766274830725
2,10.0,-6.565153087848749
2,10.5,-6.6086416545913735
2,11.0,-6.696444953504529
2,11.5,-6.822336190337063
2,12.0,-6.981679685896949
2,12.5,-7.167040224586343
2,13.0,-7.389275338224296
2,13.5,-7.641596445564676
2,14.0,-7.913204899918951
2,14.5,-8.216478361288344
2,15.0,-8.53549120916098
2,15.5,-8.85947612393347
2,16.0,-9.174334032116931
2,16.5,-9.455234141789438
2,17.0,-9.702556956184475
2,17.5,-9.891405575751095
2,18.0,-10.006277008216095
2,18.5,-10.038088817643816
2,19.0,-9.982432424229474
2,19.5,-9.834926351847916
2,20.0,-9.602920371519064
2,20.5,-9.30858839463763
2,21.0,-8.954140781619108
2,21.5,-8.574909799293385
2,22.0,-8.20106705837115
2,22.5,-7.863643472200162
2,23.0,-7.600702290674582
2,23.5,-7.424238024985938
2,24.0,-7.368515855294108
2,24.5,-7.461674680117511
2,25.0,-7.725848837607272
2,25.5,-8.17327055898773
2,26.0,-8.861583328137934
2,26.5,-9.809677671821598
2,27.0,-11.013157440172773
2,27.5,-12.562828872315931
2,28.0,-14.350732000320622
2,28.5,-16.025186634834245
2,29.0,-16.810322590216874
2,29.5,-16.24672195070226
2,30.0,-14.906793139340625
2,30.5,-13.557691979635836
2,31.0,-12.519702841643474
2,31.5,-11.857039112109645
2,32.0,-11.581358004852234
2,32.5,-11.672928983239744
2,33.0,-12.15047384735565
2,33.5,-13.016766836909014
2,34.0,-14.381650824588128
2,34.5,-16.293620539356795
2,35.0,-18.7793240864665
2,35.5,-21.273742998312088
2,36.0,-21.79533821266297
2,36.5,-20.01211299240439
2,37.0,-17.941578105531068
2,37.5,-16.432199895468635
2,38.0,-15.460167160717942
2,38.5,-15.028934689046704
2,39.0,-15.12159005231566
2,39.5,-15.741208633457433
2,40.0,-16.9193405094396
2,40.5,-18.88900377221232
2,41.0,-21.942784121533894
2,41.5,-26.556792207981225
2,42.0,-27.49537754570059
2,42.5,-22.66750645775814
2,43.0,-19.122440702850906
2,43.5,-16.8299822277873
2,44.0,-15.381800091183228
2,44.5,-14.467239516435145
2,45.0,-14.022776910669954
2,45.5,-14.002365671213212
2,46.0,-14.37708178805618
2,46.5,-15.127067535111506
2,47.0,-16.31911935053085
2,47.5,-17.945410386639825
2,48.0,-19.94124973363642
2,48.5,-21.880724505857152
2,49.0,-22.82315332901186
2,49.5,-22.4254119415659
2,50.0,-21.40917568064927
2,50.5,-20.603762651342848
2,51.0,-20.33121769234914
2,51.5,-20.78490477042408
2,52.0,-22.14952613263708
2,52.5,-24.431143129707188
2,53.0,-25.80089236026878
2,53.5,-23.119158761827716
2,54.0,-18.879759082111587
2,54.5,-15.387102801367517
2,55.0,-12.683792256434916
2,55.5,-10.632373835816267
2,56.0,-8.961668722271932
2,56.5,-7.647337165636604
2,57.0,-6.663531296438553
2,57.5,-5.911696992630369
2,58.0,-5.399413510008311
2,58.5,-5.117583252736715
2,59.0,-5.055900965780074
2,59.5,-5.211316604611151
2,60.0,-5.60366225518746
2,60.5,-6.248452921029863
2,61.0,-7.187603588333122
2,61.5,-8.475861192656957
2,62.0,-10.162480373116942
2,62.5,-12.535511256322808
2,63.0,-15.837627536537989
2,63.5,-19.84043037472215
2,64.0,-20.843443600832465
2,64.5,-17.03577278859543
2,65.0,-13.407361814996518
2,65.5,-10.791252840791229
2,66.0,-8.927556340883257
2,66.5,-7.480873418877698
2,67.0,-6.388503974127831
2,67.5,-5.586199027745511
2,68.0,-5.028183708849151
2,68.5,-4.703504696813633
2,69.0,-4.582944368323238
2,69.5,-4.677145190047333
2,70.0,-4.9848466033340015
2,70.5,-5.541669015539784
2,71.0,-6.362547764110272
2,71.5,-7.487749798856542
2,72.0,-8.952534726177554
2,72.5,-10.7327821724056
2,73.0,-12.884796779816796
2,73.5,-14.963153334673436
2,74.0,-15.95777987407656
2,74.5,-15.346704602008618
2,75.0,-14.031195435895096
2,75.5,-12.80060261637528
2,76.0,-11.977115564227583
2,76.5,-11.612878064753458
2,77.0,-11.675261528410054
2,77.5,-12.168158331547088
2,78.0,-13.102916981579488
2,78.5,-14.468756008447365
2,79.0,-16.148737529235643
2,79.5,-17.946483370872098
2,80.0,-19.089000059985672
2,80.5,-18.956415230193333
2,81.0,-18.03563292468685
2,81.5,-17.14302847010444
2,82.0,-16.605129117738958
2,82.5,-16.535825246096486
2,83.0,-16.879995090335573
2,83.5,-17.465171071045177
2,84.0,-17.832807574459707
2,84.5,-17.38626430574559
2,85.0,-16.07028100345748
2,85.5,-14.449439962895232
2,86.0,-12.88823519304902
2,86.5,-11.631380796210792
2,87.0,-10.737662189476984
2,87.5,-10.203584733676449
2,88.0,-10.030508030781297
2,88.5,-10.209942681485895
2,89.0,-10.76201032474274
2,89.5,-11.689832780496957
2,90.0,-13.109959073716366
2,90.5,-15.09085302759868
2,91.0,-17.810908113687958
2,91.5,-21.48624135568344
2,92.0,-25.797409523955093
2,92.5,-27.864267495932705
2,93.0,-25.956415372205
2,93.5,-24.0017627572954
2,94.0,-22.7149227653266
2,94.5,-21.46106394158596
2,95.0,-19.55501123031493
2,95.5,-17.075754283045423
2,96.0,-14.610255466709134
2,96.5,-12.342014032561524
2,97.0,-10.449491960664636
2,97.5,-8.943356999711337
2,98.0,-7.792282329656713
2,98.5,-6.997192315195295
2,99.0,-6.491128079952731
2,99.5,-6.290988633455622
2,100.0,-6.3321532747793965
3,0.0,-13.358243657223207
3,0.5,-12.619986506900418
3,1.0,-11.03682647907896
3,1.5,-9.314688924505209
3,2.0,-7.835029050433257
3,2.5,-6.67199390514307
3,3.0,-5.810405652442212
3,3.5,-5.248109099541789
3,4.0,-4.935905708851292
3,4.5,-4.887212896333261
3,5.0,-5.1145120937626425
3,5.5,-5.632505158430359
3,6.0,-6.453130160616476
3,6.5,-7.694106381200049
3,7.0,-9.445770388397118
3,7.5,-11.855077902578527
3,8.0,-15.587380345273669
3,8.5,-22.07335879861829
3,9.0,-28.794639314620184
3,9.5,-20.50350313382883
3,10.0,-15.8487632702783
3,10.5,-13.29783106053883
3,11.0,-11.863906990591689
3,11.5,-11.18729795922224
3,12.0,-11.105602520664092
3,12.5,-11.560365263339191
3,13.0,-12.602897439976267
3,13.5,-14.304565961660554
3,14.0,-16.70072730642889
3,14.5,-18.87201440174649
3,15.0,-19.450399988141083
3,15.5,-18.064458653403868
3,16.0,-15.915310727048542
3,16.5,-14.201642834782383
3,17.0,-13.046104066309564
3,17.5,-12.460602341977884
3,18.0,-12.389016850070416
3,18.5,-12.741752719978358
3,19.0,-13.331017106386405
3,19.5,-13.781946432802126
3,20.0,-13.53302583025468
3,20.5,-12.45121221550484
3,21.0,-10.8207780071228
3,21.5,-9.122285869006676
3,22.0,-7.616523145839208
3,22.5,-6.387967999177989
3,23.0,-5.47850842735362
3,23.5,-4.822086649287022
3,24.0,-4.434814528215054
3,24.5,-4.312790770589354
3,25.0,-4.446580940117571
3,25.5,-4.825241926252676
3,26.0,-5.476774911818417
3,26.5,-6.392177467334353
3,27.0,-7.5241929766454145
3,27.5,-8.880753654696623
3,28.0,-10.2411891492308
3,28.5,-11.212704656272347
3,29.0,-11.387697852505534
3,29.5,-10.787476254495138
3,30.0,-9.799652851889796
3,30.5,-8.822364091648307
3,31.0,-8.036587824251356
3,31.5,-7.488454432298442
3,32.0,-7.185610272701955
3,32.5,-7.088059734764944
3,33.0,-7.174932130479392
3,33.5,-7.39967627088588
3,34.0,-7.724052223026574
3,34.5,-8.076573573363628
3,35.0,-8.383963408386466
3,35.5,-8.584916289844257
3,36.0,-8.648273048356813
3,36.5,-8.59270171245535
3,37.0,-8.464417945359745
3,37.5,-8.326461256552001
3,38.0,-8.22060656056312
3,38.5,-8.182522714299386
3,39.0,-8.226018443847298
3,39.5,-8.344514801688142
3,40.0,-8.514866449325012
3,40.5,-8.722127106580215
3,41.0,-8.93624906993687
3,41.5,-9.142191510673438
3,42.0,-9.343594654362448
3,42.5,-9.558079907853475
3,43.0,-9.841655763050024
3,43.5,-10.241040424695267
3,44.0,-10.798968253988136
3,44.5,-11.618296767929804
3,45.0,-12.761386075315157
3,45.5,-14.346264296077166
3,46.0,-16.533372935652732
3,46.5,-19.524849239286446
3,47.0,-24.01293207404282
3,47.5,-27.514896735966804
3,48.0,-24.820385990834257
3,48.5,-22.061600393929144
3,49.0,-20.591448166899944
3,49.5,-20.174383922423125
3,50.0,-20.87449269898536
3,50.5,-22.84885049929865
3,51.0,-25.23537621402026
3,51.5,-23.461191606914976
3,52.0,-18.917493870636974
3,52.5,-14.952000506695269
3,53.0,-12.03800731226745
3,53.5,-9.749768262859364
3,54.0,-7.999556717159807
3,54.5,-6.686452898856135
3,55.0,-5.736110959579124
3,55.5,-5.129918717883671
3,56.0,-4.810871056657044
3,56.5,-4.794306084506903
3,57.0,-5.082416685054535
3,57.5,-5.722858339811759
3,58.0,-6.761453976118269
3,58.5,-8.306234633297457
3,59.0,-10.51697308457695
3,59.5,-13.554471092562618
3,60.0,-17.388812589137935
3,60.5,-18.21315014162448
3,61.0,-14.712829705327191
3,61.5,-11.422310212520149
3,62.0,-9.177803260169446
3,62.5,-7.5817999092011155
3,63.0,-6.51021011542319
3,63.5,-5.867576445421446
3,64.0,-5.543500398461022
3,64.5,-5.515266066700389
3,65.0,-5.760228171491211
3,65.5,-6.252907026153949
3,66.0,-6.953551342431318
3,66.5,-7.882256490339447
3,67.0,-8.978182067559407
3,67.5,-10.175074582092233
3,68.0,-11.366955945218937
3,68.5,-12.403722896534804
3,69.0,-13.279316908865622
3,69.5,-14.006954183125089
3,70.0,-14.726613333259424
3,70.5,-15.717835695725356
3,71.0,-17.240583712000458
3,71.5,-19.726245987310524
3,72.0,-23.70505425586468
3,72.5,-26.270954884671216
3,73.0,-21.70587985828906
3,73.5,-16.858107614491544
3,74.0,-13.486011400762946
3,74.5,-11.033776600014784
3,75.0,-9.252144591174105
3,75.5,-7.867313198918476
3,76.0,-6.845338750573743
3,76.5,-6.155045539473358
3,77.0,-5.722385976150017
3,77.5,-5.553647140517374
3,78.0,-5.650770788784682
3,78.5,-6.016563365523953
3,79.0,-6.652110461706606
3,79.5,-7.636376552509072
3,80.0,-9.016269634839894
3,80.5,-10.922813982603126
3,81.0,-13.579334588884644
3,81.5,-17.392535742551285
3,82.0,-24.118398529704415
3,82.5,-29.040365799689464
3,83.0,-21.968166283783127
3,83.5,-17.582486755105222
3,84.0,-15.206973252661696
3,84.5,-13.896776465650252
3,85.0,-13.277576872019017
3,85.5,-13.197268950399703
3,86.0,-13.571305315475698
3,86.5,-14.350573395491654
3,87.0,-15.470469609382178
3,87.5,-16.758505298007996
3,88.0,-17.831414647588755
3,88.5,-18.296219717615852
3,89.0,-18.00038089484493
3,89.5,-17.340174042649153
3,90.0,-16.72614076650107
3,90.5,-16.434644572811496
3,91.0,-16.601082376770147
3,91.5,-17.30750230693973
3,92.0,-18.62949349610882
3,92.5,-20.82681168922104
3,93.0,-23.88892199012593
3,93.5,-25.861795906566496
3,94.0,-23.58914723072332
3,94.5,-20.06863307437029
3,95.0,-17.372035485461872
3,95.5,-15.463587050734889
3,96.0,-14.190900695276778
3,96.5,-13.340817541693864
3,97.0,-12.868404600199897
3,97.5,-12.720127501877805
3,98.0,-12.840027504241702
3,98.5,-13.166683195130998
3,99.0,-13.652511236211977
3,99.5,-14.192727086538191
3,100.0,-14.55409678457
4,0.0,-28.02296001562972
4,0.5,-27.886301867966484
4,1.0,-27.5612535854209
4,1.5,-27.15675345260404
4,2.0,-26.754720402383064
4,2.5,-26.226322639934985
4,3.0,-25.13115577732945
4,3.5,-23.95465326963743
4,4.0,-22.946074708552512
4,4.5,-22.151562228572885
4,5.0,-21.543719667187197
4,5.5,-21.061318541901315
4,6.0,-20.62524508519876
4,6.5,-20.076724104018847
4,7.0,-19.30259014498096
4,7.5,-18.285932557452107
4,8.0,-17.0278688793451
4,8.5,-15.68912966261022
4,9.0,-14.400061787944225
4,9.5,-13.252940823557749
4,10.0,-12.332261311795232
4,10.5,-11.613534875063682
4,11.0,-11.147244355182156
4,11.5,-10.958770406442708
4,12.0,-11.066160733787797
4,12.5,-11.488036534133515
4,13.0,-12.29641261042623
4,13.5,-13.538544665871168
4,14.0,-15.223008019246572
4,14.5,-17.403151240452274
4,15.0,-19.38323174447896
4,15.5,-19.553835502692685
4,16.0,-17.836777884482405
4,16.5,-15.861442708768871
4,17.0,-14.286741229034591
4,17.5,-13.282036030821985
4,18.0,-12.825713449310344
4,18.5,-12.863055367236807
4,19.0,-13.31750066779745
4,19.5,-14.043502099417331
4,20.0,-14.56809190031648
4,20.5,-14.187185992207516
4,21.0,-12.672369788061827
4,21.5,-10.657450552691389
4,22.0,-8.732176067160836
4,22.5,-7.1170387664595225
4,23.0,-5.889491126607333
4,23.5,-4.961216414870893
4,24.0,-4.352526464412171
4,24.5,-4.05746147961028
4,25.0,-4.067231647571965
4,25.5,-4.380959320195637
4,26.0,-5.041498297214813
4,26.5,-6.080364112560964
4,27.0,-7.518896020766183
4,27.5,-9.544709118968193
4,28.0,-12.198481478711484
4,28.5,-15.18504598219974
4,29.0,-16.632835414632662
4,29.5,-15.07882311612604
4,30.0,-12.680837060634287
4,30.5,-10.838643420522288
4,31.0,-9.640187523341346
4,31.5,-8.956586862494204
4,32.0,-8.691468812638757
4,32.5,-8.734688270978562
4,33.0,-8.993945501998471
4,33.5,-9.330717335168847
4,34.0,-9.609294065149298
4,34.5,-9.68456640405278
4,35.0,-9.511860065395425
4,35.5,-9.177742752979828
4,36.0,-8.833909573931164
4,36.5,-8.59071459069459
4,37.0,-8.55079666006839
4,37.5,-8.768157864527312
4,38.0,-9.301597839768542
4,38.5,-10.18586695501264
4,39.0,-11.478993009166276
4,39.5,-13.239811315552572
4,40.0,-15.48973597369361
4,40.5,-18.486656180100645
4,41.0,-22.19857108512564
4,41.5,-25.912139859085148
4,42.0,-27.71022241529873
4,42.5,-27.119829268073183
4,43.0,-24.99267323255489
4,43.5,-21.82664568025285
4,44.0,-18.42288117962518
4,44.5,-15.198730124911556
4,45.0,-12.47178619429387
4,45.5,-10.25558359480698
4,46.0,-8.490251525173573
4,46.5,-7.167793923487612
4,47.0,-6.167393359129928
4,47.5,-5.505872711743286
4,48.0,-5.177703016485691
4,48.5,-5.1766454158770605
4,49.0,-5.506611328452799
4,49.5,-6.220407207002599
4,50.0,-7.364094649006505
4,50.5,-8.98001986562418
4,51.0,-11.31309907057612
4,51.5,-14.434374785228648
4,52.0,-17.61720019077295
4,52.5,-17.504353245505122
4,53.0,-14.785923420238635
4,53.5,-12.392981561367518
4,54.0,-10.831910000469332
4,54.5,-9.994223259643906
4,55.0,-9.76480665380434
4,55.5,-10.099431760735817
4,56.0,-11.05086485870386
4,56.5,-12.720258790330584
4,57.0,-15.253054603206486
4,57.5,-18.99174633161484
4,58.0,-21.61188532921892
4,58.5,-18.9469385917324
4,59.0,-15.327419155577488
4,59.5,-12.88447256119237
4,60.0,-11.268613184056749
4,60.5,-10.321229170413083
4,61.0,-9.916241520971273
4,61.5,-9.966182770877952
4,62.0,-10.410209357600593
4,62.5,-11.229072599327097
4,63.0,-12.320915274382358
4,63.5,-13.449190341577465
4,64.0,-14.30907501848708
4,64.5,-14.506646951990326
4,65.0,-14.072089561242931
4,65.5,-13.416672461987304
4,66.0,-12.907915146044283
4,66.5,-12.697198716248224
4,67.0,-12.873247139694538
4,67.5,-13.464203376550556
4,68.0,-14.422791662506429
4,68.5,-15.53162955141235
4,69.0,-16.37040702763244
4,69.5,-16.269162470093367
4,70.0,-15.208250058885506
4,70.5,-13.740353917373357
4,71.0,-12.407995885710529
4,71.5,-11.4155209440929
4,72.0,-10.798543149285242
4,72.5,-10.562336381470027
4,73.0,-10.685020880392726
4,73.5,-11.172882257146233
4,74.0,-12.039052086447503
4,74.5,-13.280215437841957
4,75.0,-14.823281085273814
4,75.5,-16.627463103324455
4,76.0,-18.24775605767674
4,76.5,-19.04299315373753
4,77.0,-18.882866739789424
4,77.5,-18.281394739701657
4,78.0,-17.80376903243492
4,78.5,-17.70142502559793
4,79.0,-18.022484777563704
4,79.5,-18.72754545232725
4,80.0,-19.575949057656256
4,80.5,-20.05535178360907
4,81.0,-19.663614789418645
4,81.5,-18.543476891131604
4,82.0,-17.189000458966206
4,82.5,-16.040782932879885
4,83.0,-15.29026653832515
4,83.5,-14.952006631602702
4,84.0,-15.091124534617226
4,84.5,-15.790118389910916
4,85.0,-17.188139445812954
4,85.5,-19.555331162016174
4,86.0,-24.09945749275755
4,86.5,-36.44865605837937
4,87.0,-29.392218342324632
4,87.5,-20.89960054173824
4,88.0,-16.958243298815212
4,88.5,-14.36513003109282
4,89.0,-12.594065931748982
4,89.5,-11.423967865246548
4,90.0,-10.658244772469628
4,90.5,-10.275182781793362
4,91.0,-10.26159178868896
4,91.5,-10.620586042187316
4,92.0,-11.372465998861808
4,92.5,-12.65681177307715
4,93.0,-14.617764611600256
4,93.5,-17.426134211402434
4,94.0,-20.991518427643083
4,94.5,-21.354040394479608
4,95.0,-17.45706402992462
4,95.5,-13.871863951035058
4,96.0,-11.346195343838469
4,96.5,-9.453369209027889
4,97.0,-8.08020638713297
4,97.5,-7.121575350439436
4,98.0,-6.502873465073735
4,98.5,-6.195241647011027
4,99.0,-6.156833951829995
4,99.5,-6.3847764320716776
4,100.0,-6.708300024807829
5,0.0,-8.280986510813836
5,0.5,-8.40275060877059
5,1.0,-8.758040402924712
5,1.5,-9.378779827857423
5,2.0,-10.26962685031618
5,2.5,-11.46061097842674
5,3.0,-12.979006431558886
5,3.5,-14.809295784850216
5,4.0,-17.10918841503171
5,4.5,-19.8267232151264
5,5.0,-22.798018650130757
5,5.5,-25.45182800621697
5,6.0,-27.15222677576103
5,6.5,-28.28680117706512
5,7.0,-28.97489818496042
5,7.5,-29.00745120359809
5,8.0,-28.85586111459487
5,8.5,-27.851410293787414
5,9.0,-24.22894013607575
5,9.5,-21.073689534287634
5,10.0,-18.855401331156436
5,10.5,-17.224020314504926
5,11.0,-16.12202998997195
5,11.5,-15.486713958323508
5,12.0,-15.271406812292758
5,12.5,-15.455536635417426
5,13.0,-16.047091372987392
5,13.5,-17.026973200332755
5,14.0,-18.26444565576128
5,14.5,-19.43776817326362
5,15.0,-19.72869250656975
5,15.5,-18.950315430099387
5,16.0,-17.76657912285574
5,16.5,-16.754357833977295
5,17.0,-16.10210386663426
5,17.5,-15.955745797974467
5,18.0,-16.431973251568902
5,18.5,-17.68633417796177
5,19.0,-19.94454032211937
5,19.5,-23.65994427399478
5,20.0,-25.62675798229501
5,20.5,-20.14676333011904
5,21.0,-15.346217656282844
5,21.5,-12.058926450558491
5,22.0,-9.6691009316562
5,22.5,-7.863621266354164
5,23.0,-6.534465435282705
5,23.5,-5.51136619340604
5,24.0,-4.78294991436448
5,24.5,-4.319876530762468
5,25.0,-4.094048509842383
5,25.5,-4.090844517226817
5,26.0,-4.300521689916868
5,26.5,-4.717527771284555
5,27.0,-5.3198710969807
5,27.5,-6.1433125327687454
5,28.0,-7.1669736215614135
5,28.5,-8.390201514151753
5,29.0,-9.797818586543174
5,29.5,-11.31762035256266
5,30.0,-12.990484001418714
5,30.5,-14.655113498841091
5,31.0,-16.068498726628523
5,31.5,-16.849037136016133
5,32.0,-16.705206546953608
5,32.5,-15.778109554608807
5,33.0,-14.490855619924002
5,33.5,-13.208764193531064
5,34.0,-12.023745484978775
5,34.5,-11.054137790805578
5,35.0,-10.343616355522231
5,35.5,-9.910999185308608
5,36.0,-9.783361390160154
5,36.5,-9.985264894420302
5,37.0,-10.572259292580387
5,37.5,-11.600991111095336
5,38.0,-13.306182350350062
5,38.5,-16.021483766486718
5,39.0,-20.878936723069195
5,39.5,-30.48976374033241
5,40.0,-25.32968134511591
5,40.5,-17.752835748293567
5,41.0,-13.91842668564585
5,41.5,-11.52051073337511
5,42.0,-9.913206745530289
5,42.5,-8.88349054196824
5,43.0,-8.2443024752922
5,43.5,-7.963175434164813
5,44.0,-8.004213976151688
5,44.5,-8.354533333103717
5,45.0,-9.012278963054072
5,45.5,-9.996813358333652
5,46.0,-11.328618496719692
5,46.5,-12.998363953265065
5,47.0,-15.171807399730833
5,47.5,-17.861244170164976
5,48.0,-21.031060458366067
5,48.5,-23.99946377798917
5,49.0,-25.376080134907404
5,49.5,-25.594122999306663
5,50.0,-25.87906091654292
5,50.5,-26.81450987761515
5,51.0,-28.894310775177267
5,51.5,-31.95137193190471
5,52.0,-28.56715709518898
5,52.5,-23.28547789491612
5,53.0,-19.83950378892647
5,53.5,-17.287010977951653
5,54.0,-15.379432226396672
5,54.5,-13.939386539834729
5,55.0,-12.845215003396126
5,55.5,-12.046884007010538
5,56.0,-11.437675523924256
5,56.5,-10.997945399871396
5,57.0,-10.700420463945012
5,57.5,-10.49698648291637
5,58.0,-10.376209102195144
5,58.5,-10.32814700452704
5,59.0,-10.349939103762791
5,59.5,-10.445878274856687
5,60.0,-10.635571274202734
5,60.5,-10.932290781322648
5,61.0,-11.354467005337066
5,61.5,-11.911125951921344
5,62.0,-12.583301893202986
5,62.5,-13.397439493194153
5,63.0,-14.28757833657446
5,63.5,-15.139616437951036
5,64.0,-15.875901566216502
5,64.5,-16.34332265982982
5,65.0,-16.491697667580734
5,65.5,-16.407990020869466
5,66.0,-16.24958549961025
5,66.5,-16.159156607042256
5,67.0,-16.25775430731791
5,67.5,-16.64277692830849
5,68.0,-17.39892076431892
5,68.5,-18.610050857606687
5,69.0,-20.56958531991566
5,69.5,-23.68647193338721
5,70.0,-28.586920704524594
5,70.5,-30.799997529311398
5,71.0,-24.93850375983021
5,71.5,-20.236714493526254
5,72.0,-17.043579756425675
5,72.5,-14.770263960080296
5,73.0,-12.96464231069067
5,73.5,-11.543421918748926
5,74.0,-10.42494326616344
5,74.5,-9.551139337527225
5,75.0,-8.911056053089716
5,75.5,-8.446231396333069
5,76.0,-8.167345781198021
5,76.5,-8.074613350456886
5,77.0,-8.165240295585884
5,77.5,-8.450286039038739
5,78.0,-8.94748296587381
5,78.5,-9.67104767550451
5,79.0,-10.612878235474724
5,79.5,-11.848867835879018
5,80.0,-13.334877736401788
5,80.5,-14.943632338839375
5,81.0,-16.267077205942414
5,81.5,-16.648252303583718
5,82.0,-15.909917826466058
5,82.5,-14.593732352856074
5,83.0,-13.304559886226556
5,83.5,-12.20868729278729
5,84.0,-11.40737276219873
5,84.5,-10.909236481052504
5,85.0,-10.699429423532433
5,85.5,-10.7712127652183
5,86.0,-11.134264930503488
5,86.5,-11.804602834033776
5,87.0,-12.826442749765263
5,87.5,-14.258646363641107
5,88.0,-16.155293082342553
5,88.5,-18.842146589378476
5,89.0,-22.610901545952643
5,89.5,-27.21571330368509
5,90.0,-28.130524817444726
5,90.5,-24.43993652271177
5,91.0,-21.496025466906364
5,91.5,-19.743706419102864
5,92.0,-18.88436697655947
5,92.5,-18.69997792533821
5,93.0,-19.18648952046704
5,93.5,-20.39210749972581
5,94.0,-22.647882710935388
5,94.5,-26.341020214253746
5,95.0,-29.39646420382545
5,95.5,-25.662918444983617
5,96.0,-20.99718273975637
5,96.5,-17.601718901902355
5,97.0,-15.154948578979688
5,97.5,-13.345093482299992
5,98.0,-11.986898174256712
5,98.5,-11.015266068737724
5,99.0,-10.312138537805705
5,99.5,-9.874055497047982
5,100.0,-9.705683737938166
6,0.0,-4.778054340211347
6,0.5,-4.839847167020298
6,1.0,-5.020448067497452
6,1.5,-5.337042254251529
6,2.0,-5.793671993232686
6,2.5,-6.4084671682475065
6,3.0,-7.199910462428257
6,3.5,-8.168281619060759
6,4.0,-9.419304428102237
6,4.5,-10.98993835927051
6,5.0,-12.9978122229854
6,5.5,-15.618909648296926
6,6.0,-19.057457273472053
6,6.5,-23.637134360424305
6,7.0,-25.78419828564849
6,7.5,-22.554805162652112
6,8.0,-19.271263087746643
6,8.5,-17.145855467498162
6,9.0,-15.863805761703484
6,9.5,-15.193481716735688
6,10.0,-15.037559849370352
6,10.5,-15.351678910110422
6,11.0,-16.1608351012577
6,11.5,-17.562257014150422
6,12.0,-19.74006910113373
6,12.5,-23.01838374889345
6,13.0,-28.222088366138752
6,13.5,-31.225052934875443
6,14.0,-26.147411202467687
6,14.5,-21.74759936307206
6,15.0,-19.03352301496975
6,15.5,-17.26658637415201
6,16.0,-16.069366744515527
6,16.5,-15.264117394011867
6,17.0,-14.645934719369574
6,17.5,-14.104558832463391
6,18.0,-13.51973648071785
6,18.5,-12.814088054304674
6,19.0,-11.997059247771215
6,19.5,-11.058092438489195
6,20.0,-10.090154315159408
6,20.5,-9.186762536163409
6,21.0,-8.340103577055404
6,21.5,-7.607311496988179
6,22.0,-7.005580920669895
6,22.5,-6.537234566637727
6,23.0,-6.211640141461819
6,23.5,-6.004323754253973
6,24.0,-5.919495230333952
6,24.5,-5.952209607677483
6,25.0,-6.091855141811093
6,25.5,-6.322189124574153
6,26.0,-6.647440805036901
6,26.5,-7.049386164041421
6,27.0,-7.501933982296095
6,27.5,-8.020609842958166
6,28.0,-8.57870998423679
6,28.5,-9.164949102265451
6,29.0,-9.768730387162693
6,29.5,-10.363820563809046
6,30.0,-10.981385061238916
6,30.5,-11.596661789660557
6,31.0,-12.199598871770808
6,31.5,-12.773464736699475
6,32.0,-13.27701090161875
6,32.5,-13.710463667223708
6,33.0,-14.03308051403299
6,33.5,-14.234352794896864
6,34.0,-14.35411629401379
6,34.5,-14.441809561854855
6,35.0,-14.572876570575716
6,35.5,-14.828208888129856
6,36.0,-15.277489462772577
6,36.5,-16.041521589234335
6,37.0,-17.21700750515331
6,37.5,-18.90045431601197
6,38.0,-21.429760692270044
6,38.5,-25.20254411714764
6,39.0,-27.81547303171545
6,39.5,-23.16181002813684
6,40.0,-19.055185130926468
6,40.5,-16.251213166301813
6,41.0,-14.306194243205171
6,41.5,-12.95777259752346
6,42.0,-12.051453327197196
6,42.5,-11.516910048051974
6,43.0,-11.249657514409716
6,43.5,-11.188490449893823
6,44.0,-11.224882696268317
6,44.5,-11.211093426631884
6,45.0,-10.98449740465912
6,45.5,-10.43980383916344
6,46.0,-9.617573281208331
6,46.5,-8.684271752880745
6,47.0,-7.734911992231088
6,47.5,-6.908370628268762
6,48.0,-6.274666282977843
6,48.5,-5.867634706988132
6,49.0,-5.716781532457921
6,49.5,-5.836686627081565
6,50.0,-6.263106813124614
6,50.5,-7.020066537218601
6,51.0,-8.2361585796787
6,51.5,-10.033601296432456
6,52.0,-12.739760724767333
6,52.5,-17.161765668417004
6,53.0,-26.689437109585008
6,53.5,-26.83064107000949
6,54.0,-17.379743915345767
6,54.5,-13.303858337350292
6,55.0,-10.91725871547474
6,55.5,-9.48226390792914
6,56.0,-8.615945552482563
6,56.5,-8.233563361105817
6,57.0,-8.274651717753281
6,57.5,-8.723965995220626
6,58.0,-9.593953112855075
6,58.5,-10.935864936748343
6,59.0,-12.79585122007638
6,59.5,-15.074589643254397
6,60.0,-17.335012937592623
6,60.5,-17.83954899180483
6,61.0,-16.09091790402782
6,61.5,-13.871962075232792
6,62.0,-12.11969417124602
6,62.5,-10.80899158014992
6,63.0,-9.921711035652296
6,63.5,-9.399628540602086
6,64.0,-9.150485917644437
6,64.5,-9.143608789415246
6,65.0,-9.340924073966065
6,65.5,-9.696170129940525
6,66.0,-10.149352763275768
6,66.5,-10.675753287858743
6,67.0,-11.204386644945384
6,67.5,-11.678960417385216
6,68.0,-12.058109298536586
6,68.5,-12.31166373598388
6,69.0,-12.450226403109207
6,69.5,-12.466617817280596
6,70.0,-12.359254309779518
6,70.5,-12.10729491703148
6,71.0,-11.69935070499942
6,71.5,-11.131068481170006
6,72.0,-10.428124445504482
6,72.5,-9.657611908857149
6,73.0,-8.824316192201948
6,73.5,-8.001536421731581
6,74.0,-7.230535379602436
6,74.5,-6.539617434078304
6,75.0,-5.966694734019331
6,75.5,-5.489963944435475
6,76.0,-5.13729348722662
6,76.5,-4.923368756343376
6,77.0,-4.842297458501267
6,77.5,-4.908530580046705
6,78.0,-5.1344807027291095
6,78.5,-5.528476701739783
6,79.0,-6.087885901127209
6,79.5,-6.868185890191247
6,80.0,-7.880477499589585
6,80.5,-9.17344313967085
6,81.0,-10.809168146786092
6,81.5,-12.837112204086727
6,82.0,-15.598591096020384
6,82.5,-19.4729273168154
6,83.0,-25.00473248933061
6,83.5,-27.623117895769177
6,84.0,-22.522771656373664
6,84.5,-18.42864733006845
6,85.0,-15.732547494672357
6,85.5,-13.862030481381518
6,86.0,-12.396097120704002
6,86.5,-11.243794626656417
6,87.0,-10.329393700823502
6,87.5,-9.605347955660998
6,88.0,-9.067361088975602
6,88.5,-8.672690302552084
6,89.0,-8.436159650713066
6,89.5,-8.36201555183296
6,90.0,-8.449869634356578
6,90.5,-8.707547966639789
6,91.0,-9.145102756585558
6,91.5,-9.765970244813952
6,92.0,-10.552796554326491
6,92.5,-11.562026506408214
6,93.0,-12.775602040380884
6,93.5,-14.155735620085936
6,94.0,-15.792991649051409
6,94.5,-17.649994756206887
6,95.0,-19.747580607852413
6,95.5,-22.12254123753144
6,96.0,-24.75302511138188
6,96.5,-27.635080739887822
6,97.0,-29.169086138310725
6,97.5,-27.363875676181884
6,98.0,-24.207222696073977
6,98.5,-21.463370419483347
6,99.0,-19.182499462764763
6,99.5,-17.375454969759762
6,100.0,-16.305475765568186
7,0.0,-17.34834974755433
7,0.5,-14.990539245919994
7,1.0,-11.7587451912478
7,1.5,-9.27675616238438
7,2.0,-7.55611862572451
7,2.5,-6.428993820917624
7,3.0,-5.766138267229361
7,3.5,-5.506864292815607
7,4.0,-5.594501543688233
7,4.5,-6.014481626047684
7,5.0,-6.757696794679351
7,5.5,-7.795889565360354
7,6.0,-9.036689291818716
7,6.5,-10.42078327920477
7,7.0,-11.64292749752144
7,7.5,-12.34918956930187
7,8.0,-12.452705215013964
7,8.5,-12.161302534358692
7,9.0,-11.839875964834128
7,9.5,-11.74166049924746
7,10.0,-11.979509560362883
7,10.5,-12.616947542902462
7,11.0,-13.63632514114927
7,11.5,-14.9034445698475
7,12.0,-15.97524749939265
7,12.5,-16.09309532036975
7,13.0,-14.915935841283982
7,13.5,-13.117327046838383
7,14.0,-11.443466408388964
7,14.5,-10.019455184505702
7,15.0,-8.914831448607853
7,15.5,-8.101951053029705
7,16.0,-7.536227312427531
7,16.5,-7.195479649760984
7,17.0,-7.03208762554293
7,17.5,-7.037016236453626
7,18.0,-7.198226923948237
7,18.5,-7.499712823566302
7,19.0,-7.913695686536348
7,19.5,-8.4409340383365
7,20.0,-9.02179820496529
7,20.5,-9.55676658651162
7,21.0,-9.953508442669818
7,21.5,-10.0647337447387
7,22.0,-9.827994871823131
7,22.5,-9.322463646915155
7,23.0,-8.713227007032138
7,23.5,-8.104316988710721
7,24.0,-7.614427075836738
7,24.5,-7.311549794872453
7,25.0,-7.234219050934552
7,25.5,-7.410279840775185
7,26.0,-7.887040782240166
7,26.5,-8.707430862426804
7,27.0,-9.909040118580194
7,27.5,-11.698716395891022
7,28.0,-14.288123064275444
7,28.5,-18.254170987950395
7,29.0,-23.921874974819254
7,29.5,-23.83817777424721
7,30.0,-19.04464536395477
7,30.5,-15.47975240122208
7,31.0,-13.2319502963265
7,31.5,-11.7997202567444
7,32.0,-10.959920500461724
7,32.5,-10.526942846001752
7,33.0,-10.453210397062248
7,33.5,-10.687734431779363
7,34.0,-11.219181720347732
7,34.5,-12.026343361660068
7,35.0,-13.108941883002862
7,35.5,-14.461493623091169
7,36.0,-16.037144560125068
7,36.5,-17.93020026934646
7,37.0,-20.053853783757766
7,37.5,-22.194983351621683
7,38.0,-24.07087771905178
7,38.5,-24.93108996104882
7,39.0,-24.490313381840902
7,39.5,-23.335640189893667
7,40.0,-22.033795570925072
7,40.5,-20.693306497004464
7,41.0,-19.372674145891384
7,41.5,-18.044231007793226
7,42.0,-16.689888263620503
7,42.5,-15.36329084593775
7,43.0,-14.02223521259122
7,43.5,-12.7603058972647
7,44.0,-11.660904944914284
7,44.5,-10.69510754984618
7,45.0,-9.927010610619394
7,45.5,-9.385580963852812
7,46.0,-9.089617225524115
7,46.5,-9.066632749077968
7,47.0,-9.352395539261224
7,47.5,-10.003219846091287
7,48.0,-11.121780179449024
7,48.5,-12.868227714018538
7,49.0,-15.506882784142674
7,49.5,-20.09762764314202
7,50.0,-27.34699484204769
7,50.5,-23.785553961918232
7,51.0,-17.26517154968181
7,51.5,-13.639804099085334
7,52.0,-11.384568512188885
7,52.5,-9.932267491255011
7,53.0,-9.09307007887676
7,53.5,-8.719089166353264
7,54.0,-8.808454908207212
7,54.5,-9.39566203825909
7,55.0,-10.56135718337772
7,55.5,-12.455725528727118
7,56.0,-15.732847789759536
7,56.5,-22.1574155539506
7,57.0,-28.89433599082203
7,57.5,-19.13153024494095
7,58.0,-13.628887836852812
7,58.5,-10.442678673189146
7,59.0,-8.305633144834632
7,59.5,-6.861491905302473
7,60.0,-5.833346601416027
7,60.5,-5.167606091190612
7,61.0,-4.810448560768855
7,61.5,-4.716198237146258
7,62.0,-4.851113408566597
7,62.5,-5.194692219887442
7,63.0,-5.70636352523165
7,63.5,-6.312167409849346
7,64.0,-6.963495538475855
7,64.5,-7.525152746486149
7,65.0,-7.872166576878607
7,65.5,-7.945078054535376
7,66.0,-7.7836122565208195
7,66.5,-7.487174475522927
7,67.0,-7.1810727177305855
7,67.5,-6.961421039030945
7,68.0,-6.887019939990211
7,68.5,-6.990135114930127
7,69.0,-7.2997652601278915
7,69.5,-7.829757231547945
7,70.0,-8.574743754779874
7,70.5,-9.606042491206969
7,71.0,-10.938928863406217
7,71.5,-12.649242444270271
7,72.0,-14.859542205342622
7,72.5,-17.75250182139609
7,73.0,-22.20898243545893
7,73.5,-29.276630393624423
7,74.0,-28.42487651806737
7,74.5,-21.451465028948878
7,75.0,-17.39061206005176
7,75.5,-14.5331823291419
7,76.0,-12.39599044719204
7,76.5,-10.78388604185482
7,77.0,-9.480246918095904
7,77.5,-8.4776933881772
7,78.0,-7.750771728125903
7,78.5,-7.27785656743068
7,79.0,-7.05824551867769
7,79.5,-7.074785884606818
7,80.0,-7.330721389560685
7,80.5,-7.818626229713781
7,81.0,-8.496512729702895
7,81.5,-9.247301443226482
7,82.0,-9.92291225832854
7,82.5,-10.222415330096895
7,83.0,-9.956822332361751
7,83.5,-9.185857061239693
7,84.0,-8.184802253757178
7,84.5,-7.197114801822531
7,85.0,-6.357953955612043
7,85.5,-5.742293334199538
7,86.0,-5.329437602413913
7,86.5,-5.140683488214227
7,87.0,-5.177759365062152
7,87.5,-5.432969497960269
7,88.0,-5.89021345479386
7,88.5,-6.57806476915208
7,89.0,-7.483894579827237
7,89.5,-8.576272766931469
7,90.0,-9.926135878807976
7,90.5,-11.500061998383064
7,91.0,-13.298841200185006
7,91.5,-15.30790297194824
7,92.0,-17.44678939854584
7,92.5,-19.84814029775645
7,93.0,-22.4987492506376
7,93.5,-25.4819747616523
7,94.0,-29.284817937427867
7,94.5,-32.876728280296106
7,95.0,-31.42334034071899
7,95.5,-27.24406632954416
7,96.0,-23.98570580242893
7,96.5,-21.49380317584317
7,97.0,-19.59572797308137
7,97.5,-18.111942399232312
7,98.0,-16.90499710653355
7,98.5,-15.907834448299273
7,99.0,-14.97483962177064
7,99.5,-14.069317860368484
7,100.0,-13.399782105585375
8,0.0,-5.56440426176697
8,0.5,-5.741290510586974
8,1.0,-6.263479540938287
8,1.5,-7.199429607903916
8,2.0,-8.601322617731137
8,2.5,-10.609859766690889
8,3.0,-13.45413578803094
8,3.5,-17.428241647312156
8,4.0,-22.001518230156005
8,4.5,-21.207160132978125
8,5.0,-17.49448913502637
8,5.5,-14.918851106900457
8,6.0,-13.487468125185568
8,6.5,-12.801622103347212
8,7.0,-12.730182758047295
8,7.5,-13.14041363423303
8,8.0,-13.899913403496212
8,8.5,-14.672305736542812
8,9.0,-14.887820287227626
8,9.5,-14.18289921703534
8,10.0,-12.887577508818818
8,10.5,-11.45971911642009
8,11.0,-10.246103720846437
8,11.5,-9.35986619505975
8,12.0,-8.817688286439477
8,12.5,-8.627807266716594
8,13.0,-8.784551773541837
8,13.5,-9.31532643236151
8,14.0,-10.239180109473876
8,14.5,-11.71100615003767
8,15.0,-13.895204099187916
8,15.5,-17.254138140749255
8,16.0,-22.42050020293268
8,16.5,-24.538392764699392
8,17.0,-20.77638486961359
8,17.5,-16.67451987981438
8,18.0,-13.7034674159513
8,18.5,-11.70215083189573
8,19.0,-10.353728239103996
8,19.5,-9.389578617326771
8,20.0,-8.753088971071902
8,20.5,-8.397743834489019
8,21.0,-8.26715095321034
8,21.5,-8.354252056794985
8,22.0,-8.656228417282184
8,22.5,-9.17072075671688
8,23.0,-9.885132792491
8,23.5,-10.861496313503302
8,24.0,-12.101732157676736
8,24.5,-13.642256204870913
8,25.0,-15.505892222008043
8,25.5,-17.622354122045707
8,26.0,-19.963480967406245
8,26.5,-21.878192424270125
8,27.0,-22.55199931109498
8,27.5,-22.082973044027533
8,28.0,-21.11687802544094
8,28.5,-20.03116121126009
8,29.0,-18.896509271499752
8,29.5,-17.74411459371791
8,30.0,-16.53277345442733
8,30.5,-15.367230483616996
8,31.0,-14.327991028878236
8,31.5,-13.478217757195042
8,32.0,-12.88548836193159
8,32.5,-12.552449131089348
8,33.0,-12.535392089918426
8,33.5,-12.870219600602612
8,34.0,-13.647259071294169
8,34.5,-14.968241945119944
8,35.0,-17.04823224081009
8,35.5,-20.197266766980164
8,36.0,-24.06688636074677
8,36.5,-24.51287503417566
8,37.0,-20.063254464699988
8,37.5,-16.595183946524756
8,38.0,-14.163235742986718
8,38.5,-12.499286887270252
8,39.0,-11.397592997330982
8,39.5,-10.724686840830858
8,40.0,-10.41624377175502
8,40.5,-10.399389216711326
8,41.0,-10.63524034223053
8,41.5,-11.065627824560565
8,42.0,-11.591896392239889
8,42.5,-12.058330727282026
8,43.0,-12.318501693705418
8,43.5,-12.227015193005078
8,44.0,-11.78988319567634
8,44.5,-11.08954778930321
8,45.0,-10.277291734429172
8,45.5,-9.456516364864378
8,46.0,-8.684232916217313
8,46.5,-8.006720605696367
8,47.0,-7.392864667626553
8,47.5,-6.871735180503536
8,48.0,-6.455803057663955
8,48.5,-6.157548572857816
8,49.0,-6.000483165285025
8,49.5,-5.997684915477174
8,50.0,-6.180844467258593
8,50.5,-6.570273366410539
8,51.0,-7.232741328536893
8,51.5,-8.214106784541235
8,52.0,-9.6123254333404
8,52.5,-11.569911388496813
8,53.0,-14.283980035263832
8,53.5,-18.53549395583396
8,54.0,-24.523882820675187
8,54.5,-23.54684362697485
8,55.0,-18.0863553960994
8,55.5,-14.827754612884275
8,56.0,-12.771922763939225
8,56.5,-11.518040427473863
8,57.0,-10.857943613641345
8,57.5,-10.634386222568114
8,58.0,-10.808083570888805
8,58.5,-11.354876489722797
8,59.0,-12.251529372884496
8,59.5,-13.450401783042334
8,60.0,-15.007610897598788
8,60.5,-16.834676652966596
8,61.0,-18.80738136086318
8,61.5,-20.671861927663564
8,62.0,-22.014750053451635
8,62.5,-22.508456479533614
8,63.0,-21.84243765513113
8,63.5,-20.18082269393501
8,64.0,-17.91968813582273
8,64.5,-15.595677253787075
8,65.0,-13.479558601315292
8,65.5,-11.66505732148037
8,66.0,-10.21769395171325
8,66.5,-9.040757166066362
8,67.0,-8.16748539481516
8,67.5,-7.594038101397249
8,68.0,-7.310276305527712
8,68.5,-7.319307823674327
8,69.0,-7.634626999781811
8,69.5,-8.280656407337947
8,70.0,-9.266802057550914
8,70.5,-10.71502430620006
8,71.0,-12.66481492570822
8,71.5,-15.115780923408666
8,72.0,-17.50064932471078
8,72.5,-18.125057171981076
8,73.0,-16.54554799177362
8,73.5,-14.45780285762232
8,74.0,-12.798442145319932
8,74.5,-11.665931438233851
8,75.0,-11.018290176271094
8,75.5,-10.747703062578305
8,76.0,-10.822275349829615
8,76.5,-11.185404799567609
8,77.0,-11.806717285097733
8,77.5,-12.595814327334532
8,78.0,-13.423450015633176
8,78.5,-14.108007758002826
8,79.0,-14.471686158064346
8,79.5,-14.49285387352511
8,80.0,-14.271791417305556
8,80.5,-13.982833109015647
8,81.0,-13.766455973006815
8,81.5,-13.697764165150526
8,82.0,-13.792997666767723
8,82.5,-14.035752690319576
8,83.0,-14.365686216610008
8,83.5,-14.72504232019025
8,84.0,-15.012042883582998
8,84.5,-15.144871449225304
8,85.0,-15.094388677879328
8,85.5,-14.89059246455668
8,86.0,-14.57826832638331
8,86.5,-14.221759365677546
8,87.0,-13.863101196927794
8,87.5,-13.527148765839256
8,88.0,-13.238659789196204
8,88.5,-12.996312870160247
8,89.0,-12.83256872068166
8,89.5,-12.781836956969313
8,90.0,-12.884147311151764
8,90.5,-13.193919242225451
8,91.0,-13.784770995127406
8,91.5,-14.744307846351278
8,92.0,-16.169772492417028
8,92.5,-18.407962339732958
8,93.0,-21.93841745247396
8,93.5,-27.252902045766564
8,94.0,-27.899225531778143
8,94.5,-22.130598610739817
8,95.0,-18.12292964324736
8,95.5,-15.542668767595892
8,96.0,-13.887508154154265
8,96.5,-12.80169323258776
8,97.0,-12.22308698793468
8,97.5,-12.11622191587572
8,98.0,-12.47674432890966
8,98.5,-13.33419560140112
8,99.0,-14.87899414608308
8,99.5,-17.376180508898862
8,100.0,-20.08229860904381
9,0.0,-17.007749987113087
9,0.5,-17.570581455041424
9,1.0,-19.324641260803244
9,1.5,-22.452142838324093
9,2.0,-25.320785144636744
9,2.5,-23.41556850957879
9,3.0,-18.5326653900382
9,3.5,-15.301927630140677
9,4.0,-13.231457531815272
9,4.5,-12.04818008536856
9,5.0,-11.618713596360568
9,5.5,-11.915477738991196
9,6.0,-13.021519957547865
9,6.5,-15.351315020001566
9,7.0,-19.613746971004357
9,7.5,-23.50290035511452
9,8.0,-18.54231179186319
9,8.5,-13.142200663956322
9,9.0,-9.73827267888432
9,9.5,-7.433620654835742
9,10.0,-5.89994308636909
9,10.5,-4.864127308659612
9,11.0,-4.289259818750463
9,11.5,-4.148221885055149
9,12.0,-4.433554507556727
9,12.5,-5.161339942073245
9,13.0,-6.472310915307359
9,13.5,-8.544729678174512
9,14.0,-11.753821141736266
9,14.5,-17.936590316961272
9,15.0,-26.325999546355185
9,15.5,-17.491971194028718
9,16.0,-11.926694619857868
9,16.5,-9.089819946459473
9,17.0,-7.376905736479795
9,17.5,-6.452728837115751
9,18.0,-6.16506324416233
9,18.5,-6.453828741862509
9,19.0,-7.327911406312869
9,19.5,-8.981608032620194
9,20.0,-11.70754996799626
9,20.5,-15.913187748610708
9,21.0,-19.205359517931623
9,21.5,-15.27880320234677
9,22.0,-10.793342811709229
9,22.5,-7.827452302522598
9,23.0,-5.905804174090038
9,23.5,-4.585766121119437
9,24.0,-3.766040571197084
9,24.5,-3.3684619016209663
9,25.0,-3.3405583986665386
9,25.5,-3.656698923113134
9,26.0,-4.343893289357271
9,26.5,-5.424265179281123
9,27.0,-6.9173164704274415
9,27.5,-9.043124878699066
9,28.0,-11.99464231776136
9,28.5,-16.26342018325175
9,29.0,-21.61126062638225
9,29.5,-21.297815088946017
9,30.0,-17.0955020281318
9,30.5,-14.331579923650413
9,31.0,-12.79401981933906
9,31.5,-12.063061360526913
9,32.0,-11.951587373823124
9,32.5,-12.363158879008669
9,33.0,-13.26780149411464
9,33.5,-14.615372206299304
9,34.0,-16.4586120273981
9,34.5,-18.54971207653413
9,35.0,-20.1630988455578
9,35.5,-20.329622544224215
9,36.0,-19.26225979140981
9,36.5,-17.88766390853856
9,37.0,-16.732226882580573
9,37.5,-15.877593523246825
9,38.0,-15.170083922323617
9,38.5,-14.502180855909844
9,39.0,-13.759495720804864
9,39.5,-12.897329968551382
9,40.0,-11.97402607441698
9,40.5,-11.006341737551113
9,41.0,-10.100030242123385
9,41.5,-9.316794441133016
9,42.0,-8.691828554466332
9,42.5,-8.260128674819727
9,43.0,-8.007538153170007
9,43.5,-7.956397595384264
9,44.0,-8.110469837628415
9,44.5,-8.490347581022741
9,45.0,-9.10634382054736
9,45.5,-9.98584509264639
9,46.0,-11.155614030766472
9,46.5,-12.616167311802958
9,47.0,-14.528937521469404
9,47.5,-16.954919923021404
9,48.0,-20.079526807672167
9,48.5,-24.127011422365285
9,49.0,-28.700714564726397
9,49.5,-30.55214571125785
9,50.0,-28.358975002602858
9,50.5,-26.17623661219349
9,51.0,-24.125270060036037
9,51.5,-21.822977849842484
9,52.0,-19.26030071092405
9,52.5,-16.71117144510172
9,53.0,-14.452108605846588
9,53.5,-12.423412645582172
9,54.0,-10.704376125489478
9,54.5,-9.282949338452273
9,55.0,-8.129154931359137
9,55.5,-7.24848871519388
9,56.0,-6.567509880510975
9,56.5,-6.0998671509516855
9,57.0,-5.843665249915401
9,57.5,-5.776587311091726
9,58.0,-5.903849043768969
9,58.5,-6.229834156668299
9,59.0,-6.753941075970237
9,59.5,-7.459731000932701
9,60.0,-8.397594962112494
9,60.5,-9.547647738470925
9,61.0,-10.900106588008992
9,61.5,-12.39366480743514
9,62.0,-13.834656547159556
9,62.5,-15.028846707712246
9,63.0,-15.628278305756597
9,63.5,-15.589079006851676
9,64.0,-15.187374336184154
9,64.5,-14.74942081466175
9,65.0,-14.4862951309738
9,65.5,-14.495943855604793
9,66.0,-14.816661682521936
9,66.5,-15.49433797244279
9,67.0,-16.516959262873055
9,67.5,-17.797548879275503
9,68.0,-18.983017863573117
9,68.5,-19.3659221577462
9,69.0,-18.5409419555436
9,69.5,-16.98639009840469
9,70.0,-15.426033402151594
9,70.5,-14.079658615141849
9,71.0,-13.074202520342308
9,71.5,-12.419640611182556
9,72.0,-12.097623229130212
9,72.5,-12.101637825669613
9,73.0,-12.436485851071147
9,73.5,-13.120944980694484
9,74.0,-14.202032130547517
9,74.5,-15.740822261006151
9,75.0,-17.790722119860437
9,75.5,-20.691208071467063
9,76.0,-24.72849339082835
9,76.5,-29.65767826492256
9,77.0,-30.938741850045385
9,77.5,-27.814381029966064
9,78.0,-25.675816968786695
9,78.5,-24.914414988780518
9,79.0,-25.241670699963898
9,79.5,-26.397794801993683
9,80.0,-27.454763762215556
9,80.5,-26.51561192505192
9,81.0,-23.79895948564153
9,81.5,-21.149338713186506
9,82.0,-19.035253392336774
9,82.5,-17.559415555876996
9,83.0,-16.691192425318008
9,83.5,-16.345258766303694
9,84.0,-16.56316990091817
9,84.5,-17.42970252374093
9,85.0,-19.0719437772399
9,85.5,-21.508465475493093
9,86.0,-23.707607532495867
9,86.5,-22.13751430754555
9,87.0,-18.32798234133653
9,87.5,-15.084259127865892
9,88.0,-12.713288445578204
9,88.5,-10.881945597758731
9,89.0,-9.523384123980652
9,89.5,-8.57792732532245
9,90.0,-7.930266419861967
9,90.5,-7.57608741748815
9,91.0,-7.501365119193283
9,91.5,-7.691914318438748
9,92.0,-8.134376735394994
9,92.5,-8.864838612654998
9,93.0,-9.884065439389117
9,93.5,-11.16757361705329
9,94.0,-12.792996706463768
9,94.5,-14.63686890902983
9,95.0,-16.371246761170852
9,95.5,-17.3245752531085
9,96.0,-17.05741928693395
9,96.5,-15.989673497186336
9,97.0,-14.788094464697627
9,97.5,-13.774020517764436
9,98.0,-13.0152045302205
9,98.5,-12.510345206122444
9,99.0,-12.185230029320168
9,99.5,-12.00638099077897
9,100.0,-11.937605820641126
10,0.0,-9.127232047892075
10,0.5,-9.244210431767875
10,1.0,-9.584887878295971
10,1.5,-10.177675996235962
10,2.0,-11.022802698688196
10,2.5,-12.141152609517636
10,3.0,-13.545943102047346
10,3.5,-15.20282870102942
10,4.0,-17.218619087914835
10,4.5,-19.494179258120734
10,5.0,-21.84989477009787
10,5.5,-23.90026697190797
10,6.0,-25.24136225175502
10,6.5,-26.06009916540941
10,7.0,-26.759935276957
10,7.5,-27.585589408421647
10,8.0,-28.35092355810778
10,8.5,-28.13099113236556
10,9.0,-26.337128966896067
10,9.5,-24.12969415868609
10,10.0,-22.31163022927798
10,10.5,-20.917651092060684
10,11.0,-20.00652946425249
10,11.5,-19.573159797086365
10,12.0,-19.6109977442574
10,12.5,-20.138966745258664
10,13.0,-21.279483852912577
10,13.5,-23.201460490230485
10,14.0,-26.193614219908238
10,14.5,-30.55906560285138
10,15.0,-31.17920039040572
10,15.5,-27.36664457848466
10,16.0,-24.02095541474732
10,16.5,-21.87946069829893
10,17.0,-20.575047869277117
10,17.5,-20.04133808554421
10,18.0,-20.29451907020816
10,18.5,-21.48452456452436
10,19.0,-24.000171070555982
10,19.5,-28.71135214828623
10,20.0,-28.61352248355928
10,20.5,-22.000500879923496
10,21.0,-17.03998144723921
10,21.5,-13.555464268609589
10,22.0,-10.92934526318287
10,22.5,-8.860274373999898
10,23.0,-7.255001081633416
10,23.5,-5.930254921176632
10,24.0,-4.886924914785661
10,24.5,-4.099387419731648
10,25.0,-3.5444674325220293
10,25.5,-3.2236095027680567
10,26.0,-3.1159094806783747
10,26.5,-3.2381581607494807
10,27.0,-3.594591316682885
10,27.5,-4.234823773806715
10,28.0,-5.191991594927716
10,28.5,-6.549016343730191
10,29.0,-8.430455924629776
10,29.5,-11.0145164563872
10,30.0,-15.114038825448375
10,30.5,-23.21779090919623
10,31.0,-28.42059191881878
10,31.5,-18.299016458943456
10,32.0,-13.91384195247497
10,32.5,-11.432558378109848
10,33.0,-9.978372906992814
10,33.5,-9.231670999282503
10,34.0,-9.002947033534399
10,34.5,-9.26616039154098
10,35.0,-10.043795440982237
10,35.5,-11.405635176994076
10,36.0,-13.47959160933849
10,36.5,-16.880945684635673
10,37.0,-23.106153655446317
10,37.5,-31.19748663940008
10,38.0,-22.38331577562517
10,38.5,-16.929375398520282
10,39.0,-14.044915515795518
10,39.5,-12.306004148482328
10,40.0,-11.309633813083392
10,40.5,-10.788366566862038
10,41.0,-10.646512501337732
10,41.5,-10.76923087861446
10,42.0,-10.994469275687406
10,42.5,-11.10893728379418
10,43.0,-10.907459542080808
10,43.5,-10.309732557658556
10,44.0,-9.453158726530894
10,44.5,-8.482833049434738
10,45.0,-7.586313639903317
10,45.5,-6.861925048314287
10,46.0,-6.351440609302455
10,46.5,-6.081499874596215
10,47.0,-6.040831280136536
10,47.5,-6.235640422480223
10,48.0,-6.658002938820539
10,48.5,-7.269584734690628
10,49.0,-7.971354367022902
10,49.5,-8.652550221782786
10,50.0,-9.063196950005016
10,50.5,-9.005007651666258
10,51.0,-8.468319680283525
10,51.5,-7.647799984574677
10,52.0,-6.772126449974489
10,52.5,-5.996680069376131
10,53.0,-5.415733569498264
10,53.5,-5.025388181187715
10,54.0,-4.855524629720292
10,54.5,-4.915288794195192
10,55.0,-5.203356740956175
10,55.5,-5.708351817044966
10,56.0,-6.467771358892924
10,56.5,-7.470889381031991
10,57.0,-8.677254596614157
10,57.5,-10.132845911778944
10,58.0,-11.70467743652434
10,58.5,-13.165302751036409
10,59.0,-14.17191467123412
10,59.5,-14.491566698630042
10,60.0,-14.297630184229844
10,60.5,-13.942809936195044
10,61.0,-13.719527064215685
10,61.5,-13.782937951125176
10,62.0,-14.209166430534774
10,62.5,-15.11199593458228
10,63.0,-16.614104696569814
10,63.5,-18.913411028075195
10,64.0,-22.767561236566586
10,64.5,-28.15406005944124
10,65.0,-25.962252246689957
10,65.5,-20.25305618015422
10,66.0,-16.50969169052476
10,66.5,-13.805787223315972
10,67.0,-11.798517047899374
10,67.5,-10.272794745063676
10,68.0,-9.100920366381873
10,68.5,-8.244510582106749
10,69.0,-7.6121382855274415
10,69.5,-7.210143052898131
10,70.0,-7.0347806222091736
10,70.5,-7.074324867352084
10,71.0,-7.340592851876707
10,71.5,-7.851558160619328
10,72.0,-8.621679362266077
10,72.5,-9.64263761276089
10,73.0,-10.999068554903758
10,73.5,-12.648520570836018
10,74.0,-14.461547194888158
10,74.5,-15.996211168909907
10,75.0,-16.533700575595375
10,75.5,-15.93492274822255
10,76.0,-14.824324375008546
10,76.5,-13.822708950810124
10,77.0,-13.106449012575808
10,77.5,-12.765670948986408
10,78.0,-12.819216284751326
10,78.5,-13.268520369815194
10,79.0,-14.111142348006975
10,79.5,-15.446655960168194
10,80.0,-17.316773788642056
10,80.5,-19.773900283004423
10,81.0,-22.49274278855529
10,81.5,-23.94052337891076
10,82.0,-22.952970570166823
10,82.5,-21.03279477621898
10,83.0,-19.53403812638468
10,83.5,-18.602609591289426
10,84.0,-18.253404706214024
10,84.5,-18.45952649531623
10,85.0,-19.21146728718172
10,85.5,-20.524817744761457
10,86.0,-22.63048614954755
10,86.5,-25.830000901835568
10,87.0,-31.13125858958757
10,87.5,-39.285974140508486
10,88.0,-35.641357212586364
10,88.5,-30.32852811443008
10,89.0,-27.898776092142743
10,89.5,-27.056205840099476
10,90.0,-27.34752547033357
10,90.5,-28.80238510686365
10,91.0,-31.735561136355727
10,91.5,-35.5166573014208
10,92.0,-34.09505992112671
10,92.5,-29.285611311586397
10,93.0,-25.7609466227322
10,93.5,-23.44915130739001
10,94.0,-21.821668829065484
10,94.5,-20.731301074409053
10,95.0,-20.04560286328377
10,95.5,-19.651886718057817
10,96.0,-19.466594639386045
10,96.5,-19.394851260106307
10,97.0,-19.37518367446965
10,97.5,-19.371984893617103
10,98.0,-19.39557773456469
10,98.5,-19.498259946036068
10,99.0,-19.77486273196953
10,99.5,-20.329438257233196
10,100.0,-20.969080345593856
11,0.0,-0.3222512625558596
11,0.5,-0.363726660113179
11,1.0,-0.4838144648317977
11,1.5,-0.6899944651979202
11,2.0,-0.9771234297414254
11,2.5,-1.342627381396996
11,3.0,-1.7760065296965657
11,3.5,-2.246771692817088
11,4.0,-2.759479205877033
11,4.5,-3.266633518808137
11,5.0,-3.730511328089744
11,5.5,-4.121754595805429
11,6.0,-4.420173952276628
11,6.5,-4.660359232946138
11,7.0,-4.87259674014781
11,7.5,-5.102410725749085
11,8.0,-5.419521302706998
11,8.5,-5.86602980408185
11,9.0,-6.487881527445957
11,9.5,-7.316622390530971
11,10.0,-8.346951318850188
11,10.5,-9.658041633371656
11,11.0,-11.204531595086298
11,11.5,-12.91079075670438
11,12.0,-14.570982183674769
11,12.5,-15.814977297698809
11,13.0,-16.4486336162925
11,13.5,-16.513882041301855
11,14.0,-16.331016795485564
11,14.5,-16.085137565492538
11,15.0,-15.7556572327739
11,15.5,-15.20540690485055
11,16.0,-14.350210352558957
11,16.5,-13.256463726250384
11,17.0,-11.996755403569887
11,17.5,-10.780327354073004
11,18.0,-9.74767409306367
11,18.5,-8.969395118099238
11,19.0,-8.49228260185031
11,19.5,-8.299783814110167
11,20.0,-8.412396103360907
11,20.5,-8.816891703766665
11,21.0,-9.520799967951705
11,21.5,-10.445773102315822
11,22.0,-11.414193363125944
11,22.5,-12.089950264756864
11,23.0,-12.124546196859889
11,23.5,-11.466054234278875
11,24.0,-10.41193215513401
11,24.5,-9.33719035685254
11,25.0,-8.465034727263511
11,25.5,-7.893616256665793
11,26.0,-7.60656329978083
11,26.5,-7.622588653844536
11,27.0,-7.931225995285587
11,27.5,-8.554816501993018
11,28.0,-9.491887654414072
11,28.5,-10.761175408931862
11,29.0,-12.365394117326492
11,29.5,-14.232924640856904
11,30.0,-16.39002769513279
11,30.5,-18.51525326467911
11,31.0,-20.107216653842432
11,31.5,-20.717452389881544
11,32.0,-20.418592071458637
11,32.5,-19.58355318322398
11,33.0,-18.430746925183687
11,33.5,-17.09897002082589
11,34.0,-15.634996025092178
11,34.5,-14.22735501393852
11,35.0,-12.993503510602364
11,35.5,-11.996351131630597
11,36.0,-11.290414259007044
11,36.5,-10.846866297275437
11,37.0,-10.694873583189418
11,37.5,-10.832899027605558
11,38.0,-11.265239002056957
11,38.5,-11.963517864146636
11,39.0,-12.853713099721244
11,39.5,-13.741277207274177
11,40.0,-14.279162243938838
11,40.5,-14.188072851073082
11,41.0,-13.469347132325325
11,41.5,-12.433696569800668
11,42.0,-11.39034280191086
11,42.5,-10.51909182010091
11,43.0,-9.81169306602172
11,43.5,-9.288064023239826
11,44.0,-8.929435149856154
11,44.5,-8.674004808303625
11,45.0,-8.49406528857885
11,45.5,-8.358849102582235
11,46.0,-8.250699810315044
11,46.5,-8.173956575369015
11,47.0,-8.143234462333375
11,47.5,-8.191845147241864
11,48.0,-8.358965624957804
11,48.5,-8.67973721244135
11,49.0,-9.17442990572772
11,49.5,-9.909417455988333
11,50.0,-10.905135989844435
11,50.5,-12.161472638739548
11,51.0,-13.801904538631902
11,51.5,-15.835540097076048
11,52.0,-18.312688504068102
11,52.5,-21.21312722167332
11,53.0,-24.25803595090001
11,53.5,-27.109240337843485
11,54.0,-28.954408950036942
11,54.5,-29.15876655403865
11,55.0,-27.30937099274401
11,55.5,-24.177026034997198
11,56.0,-20.83965562356628
11,56.5,-17.95572237656262
11,57.0,-15.681198337678742
11,57.5,-13.830091563378431
11,58.0,-12.417189925241344
11,58.5,-11.405785156852566
11,59.0,-10.759012542255068
11,59.5,-10.472742994506095
11,60.0,-10.53169294445294
11,60.5,-10.965599361275702
11,61.0,-11.82935583664596
11,61.5,-13.19946483274979
11,62.0,-15.160463362552182
11,62.5,-18.054244181539023
11,63.0,-21.632832963283807
11,63.5,-22.767601979086347
11,64.0,-19.825322968323523
11,64.5,-16.600112525684864
11,65.0,-14.271249970428068
11,65.5,-12.65997488708986
11,66.0,-11.613986177354777
11,66.5,-10.94993180841146
11,67.0,-10.631056642523792
11,67.5,-10.623393713189168
11,68.0,-10.90238906979221
11,68.5,-11.450780086295822
11,69.0,-12.318255265836536
11,69.5,-13.508310073756864
11,70.0,-14.956082228830487
11,70.5,-16.510237068135023
11,71.0,-17.318649672996138
11,71.5,-16.42525406277796
11,72.0,-14.32931918570507
11,72.5,-12.118530855192487
11,73.0,-10.103981072943718
11,73.5,-8.434311962991726
11,74.0,-7.099300909166022
11,74.5,-6.062169222434975
11,75.0,-5.322399384331581
11,75.5,-4.818789070503848
11,76.0,-4.56831755138655
11,76.5,-4.572920051282241
11,77.0,-4.844034995220716
11,77.5,-5.403312297964069
11,78.0,-6.294558184847307
11,78.5,-7.570776463430243
11,79.0,-9.272205735654678
11,79.5,-11.65079054154247
11,80.0,-14.800729097114644
11,80.5,-18.16509810452903
11,81.0,-18.69326658540705
11,81.5,-16.149159865707112
11,82.0,-13.57853220224574
11,82.5,-11.804644390685464
11,83.0,-10.741861672034483
11,83.5,-10.179672490692075
11,84.0,-10.05352032317781
11,84.5,-10.291295463826668
11,85.0,-10.789613235825293
11,85.5,-11.371235653402325
11,86.0,-11.80780800380274
11,86.5,-11.791025902421651
11,87.0,-11.212255804339062
11,87.5,-10.274384645005334
11,88.0,-9.287295725222958
11,88.5,-8.385108197676939
11,89.0,-7.691776354110271
11,89.5,-7.258043628801079
11,90.0,-7.071117425125645
11,90.5,-7.153424131672564
11,91.0,-7.524081532562419
11,91.5,-8.201886801259876
11,92.0,-9.199117634801402
11,92.5,-10.65666536858669
11,93.0,-12.685821317920876
11,93.5,-15.480499447895568
11,94.0,-19.82300430515354
11,94.5,-25.462541272944645
11,95.0,-23.652472240993987
11,95.5,-18.49048383774552
11,96.0,-15.283420572869804
11,96.5,-13.144817686165922
11,97.0,-11.7294638338139
11,97.5,-10.835358595440072
11,98.0,-10.34616199477031
11,98.5,-10.215312893585311
11,99.0,-10.416970767088978
11,99.5,-10.964240873179566
11,100.0,-11.590188765082694
12,0.0,-17.34834974755433
12,0.5,-14.990539245919994
12,1.0,-11.7587451912478
12,1.5,-9.27675616238438
12,2.0,-7.55611862572451
12,2.5,-6.428993820917624
12,3.0,-5.766138267229361
12,3.5,-5.506864292815607
12,4.0,-5.594501543688233
12,4.5,-6.014481626047684
12,5.0,-6.757696794679351
12,5.5,-7.795889565360354
12,6.0,-9.036689291818716
12,6.5,-10.42078327920477
12,7.0,-11.64292749752144
12,7.5,-12.34918956930187
12,8.0,-12.452705215013964
12,8.5,-12.161302534358692
12,9.0,-11.839875964834128
12,9.5,-11.74166049924746
12,10.0,-11.979509560362883
12,10.5,-12.616947542902462
12,11.0,-13.63632514114927
12,11.5,-14.9034445698475
12,12.0,-15.97524749939265
12,12.5,-16.09309532036975
12,13.0,-14.915935841283982
12,13.5,-13.117327046838383
12,14.0,-11.443466408388964
12,14.5,-10.019455184505702
12,15.0,-8.914831448607853
12,15.5,-8.101951053029705
12,16.0,-7.536227312427531
12,16.5,-7.195479649760984
12,17.0,-7.03208762554293
12,17.5,-7.037016236453626
12,18.0,-7.198226923948237
12,18.5,-7.499712823566302
12,19.0,-7.913695686536348
12,19.5,-8.4409340383365
12,20.0,-9.02179820496529
12,20.5,-9.55676658651162
12,21.0,-9.953508442669818
12,21.5,-10.0647337447387
12,22.0,-9.827994871823131
12,22.5,-9.322463646915155
12,23.0,-8.713227007032138
12,23.5,-8.104316988710721
12,24.0,-7.614427075836738
12,24.5,-7.311549794872453
12,25.0,-7.234219050934552
12,25.5,-7.410279840775185
12,26.0,-7.887040782240166
12,26.5,-8.707430862426804
12,27.0,-9.909040118580194
12,27.5,-11.698716395891022
12,28.0,-14.288123064275444
12,28.5,-18.254170987950395
12,29.0,-23.921874974819254
12,29.5,-23.83817777424721
12,30.0,-19.04464536395477
12,30.5,-15.47975240122208
12,31.0,-13.2319502963265
12,31.5,-11.7997202567444
12,32.0,-10.959920500461724
12,32.5,-10.526942846001752
12,33.0,-10.453210397062248
12,33.5,-10.687734431779363
12,34.0,-11.219181720347732
12,34.5,-12.026343361660068
12,35.0,-13.108941883002862
12,35.5,-14.461493623091169
12,36.0,-16.037144560125068
12,36.5,-17.93020026934646
12,37.0,-20.053853783757766
12,37.5,-22.194983351621683
12,38.0,-24.07087771905178
12,38.5,-24.93108996104882
12,39.0,-24.490313381840902
12,39.5,-23.335640189893667
12,40.0,-22.033795570925072
12,40.5,-20.693306497004464
12,41.0,-19.372674145891384
12,41.5,-18.044231007793226
12,42.0,-16.689888263620503
12,42.5,-15.36329084593775
12,43.0,-14.02223521259122
12,43.5,-12.7603058972647
12,44.0,-11.660904944914284
12,44.5,-10.69510754984618
12,45.0,-9.927010610619394
12,45.5,-9.385580963852812
12,46.0,-9.089617225524115
12,46.5,-9.066632749077968
12,47.0,-9.352395539261224
12,47.5,-10.003219846091287
12,48.0,-11.121780179449024
12,48.5,-12.868227714018538
12,49.0,-15.506882784142674
12,49.5,-20.09762764314202
12,50.0,-27.34699484204769
12,50.5,-23.785553961918232
12,51.0,-17.26517154968181
12,51.5,-13.639804099085334
12,52.0,-11.384568512188885
12,52.5,-9.932267491255011
12,53.0,-9.09307007887676
12,53.5,-8.719089166353264
12,54.0,-8.808454908207212
12,54.5,-9.39566203825909
12,55.0,-10.56135718337772
12,55.5,-12.455725528727118
12,56.0,-15.732847789759536
12,56.5,-22.1574155539506
12,57.0,-28.89433599082203
12,57.5,-19.13153024494095
12,58.0,-13.628887836852812
12,58.5,-10.442678673189146
12,59.0,-8.305633144834632
12,59.5,-6.861491905302473
12,60.0,-5.833346601416027
12,60.5,-5.167606091190612
12,61.0,-4.810448560768855
12,61.5,-4.716198237146258
12,62.0,-4.851113408566597
12,62.5,-5.194692219887442
12,63.0,-5.70636352523165
12,63.5,-6.312167409849346
12,64.0,-6.963495538475855
12,64.5,-7.525152746486149
12,65.0,-7.872166576878607
12,65.5,-7.945078054535376
12,66.0,-7.7836122565208195
12,66.5,-7.487174475522927
12,67.0,-7.1810727177305855
12,67.5,-6.961421039030945
12,68.0,-6.887019939990211
12,68.5,-6.990135114930127
12,69.0,-7.2997652601278915
12,69.5,-7.829757231547945
12,70.0,-8.574743754779874
12,70.5,-9.606042491206969
12,71.0,-10.938928863406217
12,71.5,-12.649242444270271
12,72.0,-14.859542205342622
12,72.5,-17.75250182139609
12,73.0,-22.20898243545893
12,73.5,-29.276630393624423
12,74.0,-28.42487651806737
12,74.5,-21.451465028948878
12,75.0,-17.39061206005176
12,75.5,-14.5331823291419
12,76.0,-12.39599044719204
12,76.5,-10.78388604185482
12,77.0,-9.480246918095904
12,77.5,-8.4776933881772
12,78.0,-7.750771728125903
12,78.5,-7.27785656743068
12,79.0,-7.05824551867769
12,79.5,-7.074785884606818
12,80.0,-7.330721389560685
12,80.5,-7.818626229713781
12,81.0,-8.496512729702895
12,81.5,-9.247301443226482
12,82.0,-9.92291225832854
12,82.5,-10.222415330096895
12,83.0,-9.956822332361751
12,83.5,-9.185857061239693
12,84.0,-8.184802253757178
12,84.5,-7.197114801822531
12,85.0,-6.357953955612043
12,85.5,-5.742293334199538
12,86.0,-5.329437602413913
12,86.5,-5.140683488214227
12,87.0,-5.177759365062152
12,87.5,-5.432969497960269
12,88.0,-5.89021345479386
12,88.5,-6.57806476915208
12,89.0,-7.483894579827237
12,89.5,-8.576272766931469
12,90.0,-9.926135878807976
12,90.5,-11.500061998383064
12,91.0,-13.298841200185006
12,91.5,-15.30790297194824
12,92.0,-17.44678939854584
12,92.5,-19.84814029775645
12,93.0,-22.4987492506376
12,93.5,-25.4819747616523
12,94.0,-29.284817937427867
12,94.5,-32.876728280296106
12,95.0,-31.42334034071899
12,95.5,-27.24406632954416
12,96.0,-23.98570580242893
12,96.5,-21.49380317584317
12,97.0,-19.59572797308137
12,97.5,-18.111942399232312
12,98.0,-16.90499710653355
12,98.5,-15.907834448299273
12,99.0,-14.97483962177064
12,99.5,-14.069317860368484
12,100.0,-13.399782105585375
13,0.0,-17.06963233729375
13,0.5,-16.208317565322446
13,1.0,-14.594769196075797
13,1.5,-12.852373986240922
13,2.0,-11.23889060240243
13,2.5,-9.841073417596675
13,3.0,-8.694675551094075
13,3.5,-7.84802927408636
13,4.0,-7.264596660982503
13,4.5,-6.989181720254433
13,5.0,-7.056729111535793
13,5.5,-7.506932821939407
13,6.0,-8.391646375727483
13,6.5,-9.915979802848984
13,7.0,-12.359499607136906
13,7.5,-16.36049546797966
13,8.0,-22.881764013493573
13,8.5,-22.24154872267119
13,9.0,-15.295741134100265
13,9.5,-11.22855774885572
13,10.0,-8.792261032281276
13,10.5,-7.151446630733285
13,11.0,-6.118295547619361
13,11.5,-5.579053211625557
13,12.0,-5.467418320017677
13,12.5,-5.757634540602226
13,13.0,-6.479135173605004
13,13.5,-7.653332859296825
13,14.0,-9.251027962199617
13,14.5,-11.244283912453987
13,15.0,-12.889306853293228
13,15.5,-12.830655008218612
13,16.0,-11.133417640667451
13,16.5,-9.197194083291867
13,17.0,-7.573609472877062
13,17.5,-6.421861671990192
13,18.0,-5.71898773889586
13,18.5,-5.416346251538426
13,19.0,-5.4865953507859695
13,19.5,-5.921704376420678
13,20.0,-6.710111588201812
13,20.5,-7.783944504423659
13,21.0,-9.07133475342362
13,21.5,-10.151667873129629
13,22.0,-10.385768694585794
13,22.5,-9.57593016621646
13,23.0,-8.255441415958419
13,23.5,-6.883232996148486
13,24.0,-5.743784226998987
13,24.5,-4.9102837395228685
13,25.0,-4.380866997154953
13,25.5,-4.153236163287416
13,26.0,-4.206573897333072
13,26.5,-4.550304058135582
13,27.0,-5.179369995135424
13,27.5,-6.1655124820251554
13,28.0,-7.547309091753789
13,28.5,-9.4389062550875
13,29.0,-12.012650994866116
13,29.5,-15.443617494310722
13,30.0,-19.722753419895003
13,30.5,-20.532618043303195
13,31.0,-16.93224857331812
13,31.5,-13.876547736936091
13,32.0,-11.902241825893263
13,32.5,-10.58315974998699
13,33.0,-9.787827232466144
13,33.5,-9.419822317822284
13,34.0,-9.39710114837874
13,34.5,-9.70416201690916
13,35.0,-10.34355812663127
13,35.5,-11.325737000466017
13,36.0,-12.648676067250008
13,36.5,-14.45928666174118
13,37.0,-16.781405366568663
13,37.5,-19.41687812250617
13,38.0,-21.47339766489819
13,38.5,-21.130968701006992
13,39.0,-19.075053737408005
13,39.5,-16.998950640114746
13,40.0,-15.420580889695684
13,40.5,-14.227727470715458
13,41.0,-13.388697879277176
13,41.5,-12.8374808056453
13,42.0,-12.51257661438501
13,42.5,-12.374117496743407
13,43.0,-12.373694229304125
13,43.5,-12.476762819265067
13,44.0,-12.636382853514869
13,44.5,-12.815947474618136
13,45.0,-12.964015188680984
13,45.5,-13.03945745349383
13,46.0,-13.02161299119834
13,46.5,-12.916450285134232
13,47.0,-12.744974690606242
13,47.5,-12.55443679638829
13,48.0,-12.39572260286297
13,48.5,-12.314496437287222
13,49.0,-12.346102449518549
13,49.5,-12.517489793260795
13,50.0,-12.838403287004535
13,50.5,-13.287506722000616
13,51.0,-13.858492713061306
13,51.5,-14.466602228289965
13,52.0,-15.00022332081308
13,52.5,-15.343713593618018
13,53.0,-15.43828144615833
13,53.5,-15.343650745769086
13,54.0,-15.194060014312164
13,54.5,-15.150545272124248
13,55.0,-15.351582428503637
13,55.5,-15.903441623450377
13,56.0,-16.977041081146815
13,56.5,-18.730555821623263
13,57.0,-21.249432906305785
13,57.5,-23.908440550171257
13,58.0,-23.250127202487192
13,58.5,-19.676844309923325
13,59.0,-16.440501040547705
13,59.5,-14.112134707127176
13,60.0,-12.375050229867108
13,60.5,-11.154199411690334
13,61.0,-10.363168215721757
13,61.5,-9.932197022866749
13,62.0,-9.819565286842623
13,62.5,-9.969194928048708
13,63.0,-10.309139440786335
13,63.5,-10.69275335361432
13,64.0,-10.927323221259474
13,64.5,-10.771609174082297
13,65.0,-10.132721088365344
13,65.5,-9.160530123054992
13,66.0,-8.116266666813088
13,66.5,-7.113897036816477
13,67.0,-6.281855696403191
13,67.5,-5.667698311871805
13,68.0,-5.284093267600875
13,68.5,-5.142649332681192
13,69.0,-5.24059371047584
13,69.5,-5.591526466383242
13,70.0,-6.192010119250559
13,70.5,-7.104456604277746
13,71.0,-8.347410047785784
13,71.5,-9.98369295643273
13,72.0,-12.076054672950512
13,72.5,-14.589294012590118
13,73.0,-17.440649066678425
13,73.5,-19.36410112222584
13,74.0,-18.940514200794237
13,74.5,-17.27384594205332
13,75.0,-15.8292940643802
13,75.5,-14.8746970716827
13,76.0,-14.436623719763816
13,76.5,-14.449218203053068
13,77.0,-14.845591170140256
13,77.5,-15.534703847087274
13,78.0,-16.343095752118938
13,78.5,-16.948297582921782
13,79.0,-16.98223034199993
13,79.5,-16.341702575896296
13,80.0,-15.2848792591013
13,80.5,-14.1475179577564
13,81.0,-13.13559892376115
13,81.5,-12.353285547084488
13,82.0,-11.770571077799891
13,82.5,-11.406726265489793
13,83.0,-11.25428257042054
13,83.5,-11.290681757441613
13,84.0,-11.509833340557124
13,84.5,-11.907634068418204
13,85.0,-12.477473879401412
13,85.5,-13.200325136451832
13,86.0,-14.135123058294946
13,86.5,-15.28870355627538
13,87.0,-16.723638520802044
13,87.5,-18.540023334757148
13,88.0,-20.867262843240944
13,88.5,-24.307117847364257
13,89.0,-30.048282860832003
13,89.5,-36.34942003918323
13,90.0,-29.881233549531224
13,90.5,-24.413058858439637
13,91.0,-21.245040259273395
13,91.5,-19.183015875511373
13,92.0,-17.868512698770516
13,92.5,-17.050728008687873
13,93.0,-16.702107259069408
13,93.5,-16.802402857466674
13,94.0,-17.372839702552522
13,94.5,-18.427976539282444
13,95.0,-19.87754095351225
13,95.5,-21.09645832027931
13,96.0,-20.767245266086125
13,96.5,-18.674566951567684
13,97.0,-16.13694686668757
13,97.5,-13.916687153842435
13,98.0,-12.141742541386346
13,98.5,-10.822893989600324
13,99.0,-9.830121790951882
13,99.5,-9.168780321346448
13,100.0,-8.876740784012837
14,0.0,-15.599461578898778
14,0.5,-14.31826340606652
14,1.0,-12.168543104770963
14,1.5,-10.326894234645955
14,2.0,-9.07483918469672
14,2.5,-8.405200895655716
14,3.0,-8.27936251946722
14,3.5,-8.695546077546133
14,4.0,-9.752966965166976
14,4.5,-11.62153344542336
14,5.0,-14.796302070938022
14,5.5,-20.83724610019697
14,6.0,-28.6393823011001
14,6.5,-20.714744387444103
14,7.0,-15.00703637226133
14,7.5,-12.20179305486153
14,8.0,-10.61264245778126
14,8.5,-9.906592523119068
14,9.0,-9.967224053226971
14,9.5,-10.803413111259436
14,10.0,-12.544381763930312
14,10.5,-15.726560184909752
14,11.0,-20.109755399212485
14,11.5,-19.451208569469017
14,12.0,-13.89818040569094
14,12.5,-10.089983626800471
14,13.0,-7.47065670616389
14,13.5,-5.665502128465905
14,14.0,-4.476381061615238
14,14.5,-3.706681510209326
14,15.0,-3.3298310356124583
14,15.5,-3.322032738624909
14,16.0,-3.668742102868993
14,16.5,-4.362676837482141
14,17.0,-5.487129601880376
14,17.5,-7.094830376393129
14,18.0,-9.329284457778389
14,18.5,-12.376045555009505
14,19.0,-16.10529722711912
14,19.5,-18.451919326796467
14,20.0,-16.52370272750468
14,20.5,-13.741234266310077
14,21.0,-11.718407643440386
14,21.5,-10.475979815906786
14,22.0,-9.830905388267018
14,22.5,-9.634564809053552
14,23.0,-9.783574083113546
14,23.5,-10.194761866190174
14,24.0,-10.758544115456836
14,24.5,-11.346176886838228
14,25.0,-11.82617181513682
14,25.5,-12.111413261486089
14,26.0,-12.236064789855948
14,26.5,-12.285257317201236
14,27.0,-12.370082112171914
14,27.5,-12.585064831024695
14,28.0,-12.97299177855272
14,28.5,-13.537242720457815
14,29.0,-14.223188818377585
14,29.5,-14.904603927611843
14,30.0,-15.481701200088365
14,30.5,-15.825067700519348
14,31.0,-15.933113792674282
14,31.5,-15.929344884120448
14,32.0,-15.971498269319405
14,32.5,-16.201584310165856
14,33.0,-16.716859332330337
14,33.5,-17.559460880560366
14,34.0,-18.825963755226518
14,34.5,-20.482889842687023
14,35.0,-22.3621296122308
14,35.5,-23.897357058728154
14,36.0,-24.334996449297552
14,36.5,-23.78384367963545
14,37.0,-22.95513215256973
14,37.5,-22.290441784795323
14,38.0,-21.728375068554197
14,38.5,-21.001726406501767
14,39.0,-19.79047965960861
14,39.5,-18.08898238438024
14,40.0,-16.226724935303764
14,40.5,-14.36588218529858
14,41.0,-12.709197343804249
14,41.5,-11.309270849307936
14,42.0,-10.161041922033847
14,42.5,-9.273887701175724
14,43.0,-8.567055135099169
14,43.5,-8.040894304544649
14,44.0,-7.678242682987201
14,44.5,-7.4270871080271155
14,45.0,-7.27073125368311
14,45.5,-7.185405767895419
14,46.0,-7.150985881137608
14,46.5,-7.158285525432216
14,47.0,-7.210018864311172
14,47.5,-7.318872643105426
14,48.0,-7.507942561557066
14,48.5,-7.802254117729067
14,49.0,-8.2173744545533
14,49.5,-8.80888495369759
14,50.0,-9.593022957731568
14,50.5,-10.568245572691495
14,51.0,-11.823067855739728
14,51.5,-13.34611819908836
14,52.0,-15.13336089809022
14,52.5,-17.088049763249806
14,53.0,-18.889164351507315
14,53.5,-20.19696715022032
14,54.0,-20.69148989772796
14,54.5,-20.64365216652773
14,55.0,-20.56628845274661
14,55.5,-20.776897021751804
14,56.0,-21.43000157756476
14,56.5,-22.53547110493807
14,57.0,-23.87909680603919
14,57.5,-24.928092845024175
14,58.0,-24.74592242401814
14,58.5,-23.35880983808245
14,59.0,-21.7236667461809
14,59.5,-20.442355505941187
14,60.0,-19.58903449119298
14,60.5,-19.22818517716549
14,61.0,-19.386351626601275
14,61.5,-20.102557376190585
14,62.0,-21.447817348593425
14,62.5,-23.7381484818981
14,63.0,-27.26310250649256
14,63.5,-30.447588614021765
14,64.0,-28.123148894743785
14,64.5,-23.98571602289074
14,65.0,-20.9656558648301
14,65.5,-18.913217418100228
14,66.0,-17.61004095671177
14,66.5,-16.83492094440691
14,67.0,-16.57511185403212
14,67.5,-16.853094556812636
14,68.0,-17.74543646524876
14,68.5,-19.413637168723763
14,69.0,-22.48259391664273
14,69.5,-27.864268562196884
14,70.0,-28.925217166023277
14,70.5,-22.21909815659491
14,71.0,-17.506968388898148
14,71.5,-14.376582501619955
14,72.0,-12.125904021200135
14,72.5,-10.517271879057327
14,73.0,-9.305787672789815
14,73.5,-8.466065046134164
14,74.0,-7.964180333610615
14,74.5,-7.775722488813106
14,75.0,-7.896958363059894
14,75.5,-8.352340457108449
14,76.0,-9.173774984625918
14,76.5,-10.383532635488454
14,77.0,-12.148676296887274
14,77.5,-14.525318049162124
14,78.0,-17.33773010701612
14,78.5,-19.016995691068757
14,79.0,-17.760304253452365
14,79.5,-15.27844945672302
14,80.0,-13.229204249124532
14,80.5,-11.849604570338094
14,81.0,-11.054178732394671
14,81.5,-10.78758731582606
14,82.0,-11.010548015515122
14,82.5,-11.751741296852632
14,83.0,-13.034456257581482
14,83.5,-15.026701489410684
14,84.0,-17.572954770354983
14,84.5,-19.241148786401524
14,85.0,-17.869101844768736
14,85.5,-15.106687360462647
14,86.0,-12.647746223537972
14,86.5,-10.838421189842428
14,87.0,-9.595595285699575
14,87.5,-8.811806514596162
14,88.0,-8.437514295722346
14,88.5,-8.415578846194464
14,89.0,-8.74672912748373
14,89.5,-9.419202790050887
14,90.0,-10.508134192419869
14,90.5,-12.058128869763388
14,91.0,-14.204934267388827
14,91.5,-17.172080256028732
14,92.0,-21.277409777530437
14,92.5,-26.79161321808837
14,93.0,-27.436778195637174
14,93.5,-23.47233841507956
14,94.0,-20.767072356488324
14,94.5,-19.392158531969628
14,95.0,-18.959615913776776
14,95.5,-19.273823940735003
14,96.0,-20.264832369392877
14,96.5,-22.056174782740115
14,97.0,-24.755401565838124
14,97.5,-28.25514127744221
14,98.0,-30.22035357595689
14,98.5,-28.196415881109587
14,99.0,-25.249491696507395
14,99.5,-23.03833096727828
14,100.0,-21.80844541630156
15,0.0,-10.445979946995063
15,0.5,-9.630146638251858
15,1.0,-7.956134695686572
15,1.5,-6.225189542961262
15,2.0,-4.806299433946847
15,2.5,-3.750311230891149
15,3.0,-3.0250524918794524
15,3.5,-2.611631205108046
15,4.0,-2.4580032302513084
15,4.5,-2.5584154580584912
15,5.0,-2.904160093383393
15,5.5,-3.478875929095749
15,6.0,-4.24447775273349
15,6.5,-5.2225070163795655
15,7.0,-6.336213498700999
15,7.5,-7.450267328903285
15,8.0,-8.470183125462894
15,8.5,-9.17544410689592
15,9.0,-9.456647098425597
15,9.5,-9.391169143634366
15,10.0,-9.160817064047947
15,10.5,-8.916549418766333
15,11.0,-8.764922967578858
15,11.5,-8.75318212885219
15,12.0,-8.888699044037775
15,12.5,-9.15620927465927
15,13.0,-9.55947183095654
15,13.5,-10.079406724493044
15,14.0,-10.69452702063746
15,14.5,-11.45458927947871
15,15.0,-12.36641848118952
15,15.5,-13.470389333429852
15,16.0,-14.790113518909331
15,16.5,-16.2428591693348
15,17.0,-17.661054881957337
15,17.5,-18.25313707729426
15,18.0,-17.446567903931133
15,18.5,-15.984512317754913
15,19.0,-14.55836857381732
15,19.5,-13.351667445775384
15,20.0,-12.49258063742548
15,20.5,-12.014208057359538
15,21.0,-11.88886335251886
15,21.5,-12.133482671235177
15,22.0,-12.75500541885057
15,22.5,-13.717230145742471
15,23.0,-14.851896156813584
15,23.5,-15.832073410987144
15,24.0,-15.984810115088225
15,24.5,-15.062715602371185
15,25.0,-13.622552456377145
15,25.5,-12.272823464974186
15,26.0,-11.186137536490651
15,26.5,-10.479707093962231
15,27.0,-10.186225454256508
15,27.5,-10.31270236418215
15,28.0,-10.921710250744718
15,28.5,-12.140882285466269
15,29.0,-14.20974456926468
15,29.5,-17.654214182831762
15,30.0,-25.38723541500054
15,30.5,-27.72766144203265
15,31.0,-18.284263004865764
15,31.5,-13.577913531300334
15,32.0,-10.705349242606328
15,32.5,-8.65257068313277
15,33.0,-7.18881726878779
15,33.5,-6.188277748339324
15,34.0,-5.500731465040711
15,34.5,-5.106958718511401
15,35.0,-4.982262446007652
15,35.5,-5.10545303944737
15,36.0,-5.460962918463359
15,36.5,-6.077224769418594
15,37.0,-6.961433896479087
15,37.5,-8.112302897667162
15,38.0,-9.663245802871884
15,38.5,-11.68417429477616
15,39.0,-14.386354130206296
15,39.5,-18.135637114607903
15,40.0,-23.22943186097413
15,40.5,-25.776296961141835
15,41.0,-21.3395824148154
15,41.5,-17.811858710229586
15,42.0,-15.611827558503848
15,42.5,-14.297233051910627
15,43.0,-13.53512225544033
15,43.5,-13.248953374162197
15,44.0,-13.385219978104686
15,44.5,-13.95032907704211
15,45.0,-14.983578129029857
15,45.5,-16.60685147053779
15,46.0,-19.046221411465545
15,46.5,-22.73354507630417
15,47.0,-29.09634323156071
15,47.5,-30.95733180239991
15,48.0,-24.36280075029404
15,48.5,-20.278673611022185
15,49.0,-17.8759102685219
15,49.5,-16.28477963381079
15,50.0,-15.28297154744766
15,50.5,-14.737144325316878
15,51.0,-14.526018198748387
15,51.5,-14.612653758599182
15,52.0,-14.964561136854666
15,52.5,-15.546913666315044
15,53.0,-16.306186179494897
15,53.5,-17.240146874565117
15,54.0,-18.21225382408179
15,54.5,-18.95489503423276
15,55.0,-19.051612734010437
15,55.5,-18.26613075346504
15,56.0,-16.760342755771006
15,56.5,-14.978544536522746
15,57.0,-13.27256184587708
15,57.5,-11.6765116665649
15,58.0,-10.29362627112462
15,58.5,-9.142230550150238
15,59.0,-8.21857787606232
15,59.5,-7.541764020800215
15,60.0,-7.068430225506327
15,60.5,-6.8214719936075445
15,61.0,-6.81141751560276
15,61.5,-7.044586219177289
15,62.0,-7.523835721670692
15,62.5,-8.307185756109547
15,63.0,-9.421929333919564
15,63.5,-10.887338232445934
15,64.0,-12.899690031910025
15,64.5,-15.576401430502262
15,65.0,-19.13309886465548
15,65.5,-23.017137463057715
15,66.0,-23.84012291808097
15,66.5,-21.428119821988947
15,67.0,-19.187541184503598
15,67.5,-17.893930410305945
15,68.0,-17.397637063274285
15,68.5,-17.56804438523138
15,69.0,-18.335246560499485
15,69.5,-19.575462292110902
15,70.0,-20.87860560246971
15,70.5,-21.46650225442985
15,71.0,-20.67493622502142
15,71.5,-19.084766018261487
15,72.0,-17.56584343833089
15,72.5,-16.49955746783846
15,73.0,-15.89962761330348
15,73.5,-15.819325223205515
15,74.0,-16.30677239883318
15,74.5,-17.436246874500842
15,75.0,-19.30040441647204
15,75.5,-22.091913826742417
15,76.0,-24.30916891164311
15,76.5,-22.5835574840514
15,77.0,-18.92903243755072
15,77.5,-15.899113456178664
15,78.0,-13.665336616604392
15,78.5,-12.021569553375716
15,79.0,-10.862685659748312
15,79.5,-10.023586505511869
15,80.0,-9.480494178164411
15,80.5,-9.196804031314455
15,81.0,-9.137431043377536
15,81.5,-9.276111648867094
15,82.0,-9.60417540546658
15,82.5,-10.10314692232778
15,83.0,-10.739955753915885
15,83.5,-11.539015264522504
15,84.0,-12.457760140301682
15,84.5,-13.456508222498424
15,85.0,-14.45735630209794
15,85.5,-15.30829054035256
15,86.0,-15.897203686893036
15,86.5,-16.07257016236929
15,87.0,-15.835382686094944
15,87.5,-15.33771165266612
15,88.0,-14.774410271512693
15,88.5,-14.248628566557825
15,89.0,-13.860341267738493
15,89.5,-13.66039394406424
15,90.0,-13.65937551301242
15,90.5,-13.87434887083371
15,91.0,-14.313039562171433
15,91.5,-14.966731264623515
15,92.0,-15.795278238950264
15,92.5,-16.82141473100685
15,93.0,-17.974597726144403
15,93.5,-19.167072281366547
15,94.0,-20.45037671777606
15,94.5,-21.849422365178864
15,95.0,-23.58868970229234
15,95.5,-26.151794825338527
15,96.0,-30.675239155357936
15,96.5,-39.357821312048166
15,97.0,-31.96174072517724
15,97.5,-24.663111288098545
15,98.0,-20.528903029193792
15,98.5,-17.802558474903268
15,99.0,-15.781651680190524
15,99.5,-14.335023379332169
15,100.0,-13.573174225841852
16,0.0,-4.096416640600027
16,0.5,-4.149380055488945
16,1.0,-4.302663072096848
16,1.5,-4.565966727262251
16,2.0,-4.934161983564072
16,2.5,-5.408665783684998
16,3.0,-5.9860649052021095
16,3.5,-6.64374748187045
16,4.0,-7.419757879181045
16,4.5,-8.289625146098306
16,5.0,-9.250832731990371
16,5.5,-10.298299802192824
16,6.0,-11.398326820990004
16,6.5,-12.629059016823769
16,7.0,-13.980683067425938
16,7.5,-15.455818771190245
16,8.0,-17.234529107791484
16,8.5,-19.418940466023
16,9.0,-22.28533225687524
16,9.5,-26.140816857666145
16,10.0,-29.56798163110824
16,10.5,-28.71416364541276
16,11.0,-26.05963959676356
16,11.5,-23.585027430891262
16,12.0,-21.582367480780807
16,12.5,-20.461520021044663
16,13.0,-20.007663176720943
16,13.5,-20.199168455626392
16,14.0,-21.022235869295606
16,14.5,-22.50340596368097
16,15.0,-23.91323029038319
16,15.5,-22.93092541749966
16,16.0,-19.77482268390483
16,16.5,-16.76162004405669
16,17.0,-14.26577880215121
16,17.5,-12.316928175012425
16,18.0,-10.82793093231908
16,18.5,-9.723135800133026
16,19.0,-8.986299742341085
16,19.5,-8.551985766564066
16,20.0,-8.441478424769517
16,20.5,-8.66386404253175
16,21.0,-9.272835605231862
16,21.5,-10.336956656070608
16,22.0,-12.015122443809002
16,22.5,-14.601887531716525
16,23.0,-18.735609837157565
16,23.5,-26.2935637467493
16,24.0,-24.91938385952127
16,24.5,-17.950993888479495
16,25.0,-14.09598374975563
16,25.5,-11.82039634686012
16,26.0,-10.342579314787724
16,26.5,-9.484227873813762
16,27.0,-9.145517780211849
16,27.5,-9.264844155001333
16,28.0,-9.861976573320092
16,28.5,-11.006882547059456
16,29.0,-12.812186151697766
16,29.5,-15.385148051390624
16,30.0,-18.675717736886696
16,30.5,-19.808812982576463
16,31.0,-17.293423045094737
16,31.5,-14.242404042225788
16,32.0,-12.045071262295137
16,32.5,-10.527199839469224
16,33.0,-9.609832652547858
16,33.5,-9.215006313122831
16,34.0,-9.280198166419064
16,34.5,-9.826040445836629
16,35.0,-10.925409408893252
16,35.5,-12.716615049965087
16,36.0,-15.456310870313848
16,36.5,-20.331004586158198
16,37.0,-30.44794094201732
16,37.5,-26.242425538275903
16,38.0,-18.64191622346201
16,38.5,-15.072311393087157
16,39.0,-13.053017410336462
16,39.5,-11.915089386612868
16,40.0,-11.437276100705969
16,40.5,-11.48865791429156
16,41.0,-12.048377264867636
16,41.5,-13.11465884089877
16,42.0,-14.614776049626975
16,42.5,-16.155917179231324
16,43.0,-16.85956313594604
16,43.5,-15.932881202781276
16,44.0,-14.132741028538632
16,44.5,-12.29175763991511
16,45.0,-10.803259992592851
16,45.5,-9.714218246705348
16,46.0,-8.98109321163537
16,46.5,-8.574018033284522
16,47.0,-8.429990459473188
16,47.5,-8.530391800853842
16,48.0,-8.850672638758306
16,48.5,-9.356930150322365
16,49.0,-9.996097772708763
16,49.5,-10.767079666972348
16,50.0,-11.599794464413812
16,50.5,-12.408964189210533
16,51.0,-13.177172718359474
16,51.5,-13.812405391277451
16,52.0,-14.255066468695944
16,52.5,-14.480031708279904
16,53.0,-14.497581839649904
16,53.5,-14.363100248066374
16,54.0,-14.161411753137068
16,54.5,-13.993910214568798
16,55.0,-13.960995787335568
16,55.5,-14.154130008078676
16,56.0,-14.692365004952157
16,56.5,-15.707860869169288
16,57.0,-17.375684639655603
16,57.5,-20.290717864669915
16,58.0,-25.74339201672549
16,58.5,-31.08170334481776
16,59.0,-23.72879115302533
16,59.5,-18.28662519306404
16,60.0,-14.926069157276428
16,60.5,-12.671728462265728
16,61.0,-11.124615000871705
16,61.5,-10.08146829183979
16,62.0,-9.460691812940734
16,62.5,-9.157810823359997
16,63.0,-9.139389342031237
16,63.5,-9.339244248868823
16,64.0,-9.681644773638505
16,64.5,-10.030682862283154
16,65.0,-10.220604722467325
16,65.5,-10.130989323547157
16,66.0,-9.775790548582108
16,66.5,-9.26081517633702
16,67.0,-8.759492976023942
16,67.5,-8.407949523779113
16,68.0,-8.293999746532283
16,68.5,-8.476104240302147
16,69.0,-9.02558264058954
16,69.5,-10.00889783078909
16,70.0,-11.48274525886552
16,70.5,-13.6808206815092
16,71.0,-16.58351164734877
16,71.5,-18.957802961085093
16,72.0,-17.95640457003695
16,72.5,-15.065238997410964
16,73.0,-12.530760828754504
16,73.5,-10.748265967740393
16,74.0,-9.598858423148265
16,74.5,-8.95443580404571
16,75.0,-8.750991760475094
16,75.5,-8.933341075553395
16,76.0,-9.478031890964552
16,76.5,-10.317891019330643
16,77.0,-11.405948556347044
16,77.5,-12.482067213819592
16,78.0,-13.130728471909146
16,78.5,-13.038935059560607
16,79.0,-12.359045518591142
16,79.5,-11.469235623481302
16,80.0,-10.708994807459966
16,80.5,-10.234436535900182
16,81.0,-10.09621645425694
16,81.5,-10.311085011550968
16,82.0,-10.913221066032076
16,82.5,-11.926592287812028
16,83.0,-13.3544997608347
16,83.5,-15.351194232211505
16,84.0,-17.902921226052005
16,84.5,-20.6989078302745
16,85.0,-22.278186374062617
16,85.5,-21.386948641484103
16,86.0,-19.37828924631139
16,86.5,-17.494143777250606
16,87.0,-15.891191887332134
16,87.5,-14.443380725935796
16,88.0,-13.098948521304152
16,88.5,-11.756228243463768
16,89.0,-10.494932048641871
16,89.5,-9.404195690231935
16,90.0,-8.465062458066997
16,90.5,-7.7469441363304306
16,91.0,-7.280583316225241
16,91.5,-7.082419635623362
16,92.0,-7.172488086838099
16,92.5,-7.5873079355006094
16,93.0,-8.368850852065977
16,93.5,-9.548118076648436
16,94.0,-11.300932814232752
16,94.5,-13.70313279787613
16,95.0,-16.586352181752364
16,95.5,-18.190710875896023
16,96.0,-16.60618486905879
16,96.5,-13.861837483167776
16,97.0,-11.622537339008195
16,97.5,-10.044373155679867
16,98.0,-9.000016295843984
16,98.5,-8.410088855808603
16,99.0,-8.17085112028852
16,99.5,-8.256545777642703
16,100.0,-8.498705708626403
17,0.0,-16.411421012180902
17,0.5,-15.897126928394458
17,1.0,-14.6990617370959
17,1.5,-13.228840715485086
17,2.0,-11.804767714553076
17,2.5,-10.545396033874304
17,3.0,-9.486602535680449
17,3.5,-8.665312380995807
17,4.0,-8.032968507043739
17,4.5,-7.616049536390857
17,5.0,-7.420087546204946
17,5.5,-7.442496068350743
17,6.0,-7.67781161144386
17,6.5,-8.140769851513198
17,7.0,-8.817916450275487
17,7.5,-9.662267673923578
17,8.0,-10.675046591910831
17,8.5,-11.726891768817836
17,9.0,-12.64637167379162
17,9.5,-13.25629858489005
17,10.0,-13.493184314468532
17,10.5,-13.502256049522344
17,11.0,-13.485989764669576
17,11.5,-13.62425399527034
17,12.0,-14.02254996917114
17,12.5,-14.706625749837457
17,13.0,-15.698885579456316
17,13.5,-16.837841194787213
17,14.0,-17.730829400324243
17,14.5,-17.86776104519065
17,15.0,-17.059738755498504
17,15.5,-15.83719869733123
17,16.0,-14.760261370951191
17,16.5,-14.090080420161277
17,17.0,-13.867865489889487
17,17.5,-14.161701742741249
17,18.0,-15.047552791226252
17,18.5,-16.602410633191802
17,19.0,-18.75879841279533
17,19.5,-20.795185935590744
17,20.0,-20.209051007279754
17,20.5,-17.481537308822528
17,21.0,-14.74092805368288
17,21.5,-12.67278702127166
17,22.0,-11.240514979765468
17,22.5,-10.331100599381994
17,23.0,-9.89158284122224
17,23.5,-9.856769145575106
17,24.0,-10.221491288927812
17,24.5,-10.974892453650964
17,25.0,-12.04916721032326
17,25.5,-13.20561114316954
17,26.0,-14.015188652786414
17,26.5,-13.859927864547611
17,27.0,-12.824064167001431
17,27.5,-11.455013113825755
17,28.0,-10.230808922362352
17,28.5,-9.329319158587731
17,29.0,-8.785775686467128
17,29.5,-8.609814901517725
17,30.0,-8.792019858573106
17,30.5,-9.34915582880062
17,31.0,-10.317676435456018
17,31.5,-11.74250140917296
17,32.0,-13.655270759790676
17,32.5,-16.338931033493935
17,33.0,-20.025169522374096
17,33.5,-25.02176562135626
17,34.0,-31.922093417334136
17,34.5,-32.50767228555178
17,35.0,-28.279170915128397
17,35.5,-26.23446928246348
17,36.0,-24.44053100893312
17,36.5,-21.63002608724647
17,37.0,-18.304459441999484
17,37.5,-15.40346284255584
17,38.0,-12.983020909936148
17,38.5,-11.105398204171122
17,39.0,-9.71765893103784
17,39.5,-8.761330547705041
17,40.0,-8.225606565115436
17,40.5,-8.069988136521
17,41.0,-8.326587054986485
17,41.5,-9.048819401763463
17,42.0,-10.312364620283535
17,42.5,-12.199640211692698
17,43.0,-14.99098677352708
17,43.5,-18.092968610476948
17,44.0,-18.297894532208108
17,44.5,-15.218056023756173
17,45.0,-12.23155330283146
17,45.5,-10.111149272344036
17,46.0,-8.694132971301203
17,46.5,-7.861321033714552
17,47.0,-7.474458787243074
17,47.5,-7.519436411193393
17,48.0,-7.998910126030131
17,48.5,-8.931704399032776
17,49.0,-10.343228598822844
17,49.5,-12.463702690609937
17,50.0,-15.527070498229651
17,50.5,-19.919115211314185
17,51.0,-25.227969259763054
17,51.5,-23.80944769042277
17,52.0,-19.718639951709196
17,52.5,-17.379836275835146
17,53.0,-16.368978434080574
17,53.5,-16.295341444794367
17,54.0,-17.09189895694884
17,54.5,-18.77473609036909
17,55.0,-21.08749021199654
17,55.5,-22.3617963489793
17,56.0,-20.60044195521224
17,56.5,-17.65012407770296
17,57.0,-15.334133687280978
17,57.5,-13.68434692308438
17,58.0,-12.657004956985867
17,58.5,-12.157411305969386
17,59.0,-12.09305836187687
17,59.5,-12.36655311271612
17,60.0,-12.841555278170013
17,60.5,-13.232923721283004
17,61.0,-13.167401318361502
17,61.5,-12.485777957261885
17,62.0,-11.42110942723135
17,62.5,-10.242890408955422
17,63.0,-9.212360762153754
17,63.5,-8.459926203137552
17,64.0,-7.979026684981298
17,64.5,-7.807101454304125
17,65.0,-7.959239330541849
17,65.5,-8.441447859597766
17,66.0,-9.249399854921045
17,66.5,-10.466370315799551
17,67.0,-12.109612617326572
17,67.5,-14.223189191302776
17,68.0,-16.729803972484792
17,68.5,-19.07271017433158
17,69.0,-20.25033264351786
17,69.5,-19.881254211028835
17,70.0,-19.12188563319441
17,70.5,-18.77756555519832
17,71.0,-19.16449718788588
17,71.5,-20.449383693904988
17,72.0,-22.671847528210343
17,72.5,-24.77675265687328
17,73.0,-23.70506669886295
17,73.5,-20.16541907957133
17,74.0,-17.033726483695485
17,74.5,-14.735689345282347
17,75.0,-13.156597951729603
17,75.5,-12.052000278421628
17,76.0,-11.378609194074638
17,76.5,-11.085132070711367
17,77.0,-11.108184692125256
17,77.5,-11.412719897778985
17,78.0,-11.935644463519337
17,78.5,-12.54846000372904
17,79.0,-13.02695150500296
17,79.5,-13.13951355256938
17,80.0,-12.731134939668513
17,80.5,-11.900765694607571
17,81.0,-10.902601395530215
17,81.5,-9.970061749906227
17,82.0,-9.161845165603983
17,82.5,-8.560843756019484
17,83.0,-8.20399744797397
17,83.5,-8.087331387258477
17,84.0,-8.2441960719323
17,84.5,-8.716916218070999
17,85.0,-9.560300244187289
17,85.5,-10.841031344868972
17,86.0,-12.849523606227354
17,86.5,-16.022834912795552
17,87.0,-22.08312150247421
17,87.5,-32.96628161641795
17,88.0,-21.89367477657365
17,88.5,-15.674027284264367
17,89.0,-12.308818983659506
17,89.5,-10.22064949535722
17,90.0,-8.801113202416515
17,90.5,-7.9229010890100575
17,91.0,-7.507250723089308
17,91.5,-7.513567249315638
17,92.0,-7.938670290519624
17,92.5,-8.864637885658757
17,93.0,-10.402862437777936
17,93.5,-12.750993362687128
17,94.0,-16.767903327527222
17,94.5,-24.693010614799388
17,95.0,-25.488086764313337
17,95.5,-17.196061819546415
17,96.0,-13.129382663927077
17,96.5,-10.62545035275586
17,97.0,-9.04491284704022
17,97.5,-8.102436079549324
17,98.0,-7.646977894579199
17,98.5,-7.612253382214285
17,99.0,-7.964074113595655
17,99.5,-8.692024681083634
17,100.0,-9.44796224364412
18,0.0,-13.60019192962092
18,0.5,-13.31892331908154
18,1.0,-12.59494124251082
18,1.5,-11.582334663661888
18,2.0,-10.4820686626589
18,2.5,-9.412367307376874
18,3.0,-8.438951724043275
18,3.5,-7.622501259035189
18,4.0,-6.931570762144001
18,4.5,-6.403085952994274
18,5.0,-6.048560718157751
18,5.5,-5.871449728937838
18,6.0,-5.878745865863132
18,6.5,-6.079700672130581
18,7.0,-6.485060643330682
18,7.5,-7.090028610633016
18,8.0,-7.950912732905475
18,8.5,-9.07215932911609
18,9.0,-10.48957477996568
18,9.5,-12.233410211463426
18,10.0,-14.278445634395734
18,10.5,-16.780038379598455
18,11.0,-19.638805597278584
18,11.5,-22.609557809065507
18,12.0,-25.04850196671462
18,12.5,-26.08229338339565
18,13.0,-25.219232329164395
18,13.5,-22.74411064407486
18,14.0,-19.679130823179086
18,14.5,-16.62338366691226
18,15.0,-13.964608392070238
18,15.5,-11.742229735138556
18,16.0,-9.910571367161973
18,16.5,-8.470799587694351
18,17.0,-7.294555521707207
18,17.5,-6.396697302250732
18,18.0,-5.7582769294604725
18,18.5,-5.354331089592607
18,19.0,-5.172798404113683
18,19.5,-5.1826123499435095
18,20.0,-5.363481746493811
18,20.5,-5.666771428313044
18,21.0,-6.050047844392009
18,21.5,-6.4178828359732
18,22.0,-6.665728895446542
18,22.5,-6.714123142195151
18,23.0,-6.550170822918465
18,23.5,-6.21991482581641
18,24.0,-5.824034224259529
18,24.5,-5.457331269923665
18,25.0,-5.188973997498222
18,25.5,-5.066180880429181
18,26.0,-5.1064601433878885
18,26.5,-5.326579700476377
18,27.0,-5.719773295636179
18,27.5,-6.310556739351722
18,28.0,-7.080851597801724
18,28.5,-8.020300225230217
18,29.0,-9.100414579879446
18,29.5,-10.245833988294406
18,30.0,-11.472370770818102
18,30.5,-12.681831278336952
18,31.0,-13.82074596848174
18,31.5,-14.868586795593654
18,32.0,-15.80160812374675
18,32.5,-16.674516201225263
18,33.0,-17.393830877089574
18,33.5,-17.805526316190885
18,34.0,-17.79751017661513
18,34.5,-17.365340400255818
18,35.0,-16.676826483351277
18,35.5,-15.952533835343758
18,36.0,-15.36631385429133
18,36.5,-14.962671847595104
18,37.0,-14.779072807137757
18,37.5,-14.783869393138804
18,38.0,-14.88876465814812
18,38.5,-14.94653567883169
18,39.0,-14.77768488931857
18,39.5,-14.282627849482534
18,40.0,-13.53139282743553
18,40.5,-12.635169074968944
18,41.0,-11.778870346682844
18,41.5,-11.078881113299886
18,42.0,-10.596518259030002
18,42.5,-10.373293534954463
18,43.0,-10.41733995714029
18,43.5,-10.754341453654176
18,44.0,-11.385352996742933
18,44.5,-12.37392480102372
18,45.0,-13.719378110042182
18,45.5,-15.407673857698777
18,46.0,-17.25800560618346
18,46.5,-18.69938393160541
18,47.0,-19.08641716388441
18,47.5,-18.38064079297875
18,48.0,-17.326837299697463
18,48.5,-16.477183129743914
18,49.0,-16.028824404012042
18,49.5,-15.990475769806608
18,50.0,-16.369871146086975
18,50.5,-17.114704688232866
18,51.0,-18.18238748093544
18,51.5,-19.303351047642884
18,52.0,-19.968186376899148
18,52.5,-19.723847317592018
18,53.0,-18.723574344722756
18,53.5,-17.413186977380732
18,54.0,-16.171013365058172
18,54.5,-15.115409361959353
18,55.0,-14.236408081269728
18,55.5,-13.50962055922398
18,56.0,-12.837726948964956
18,56.5,-12.207290838588142
18,57.0,-11.624351761338296
18,57.5,-11.0645276522681
18,58.0,-10.57424684133711
18,58.5,-10.190707049660675
18,59.0,-9.945782938201342
18,59.5,-9.870960270335573
18,60.0,-9.986535584338563
18,60.5,-10.316203979093784
18,61.0,-10.884842252430063
18,61.5,-11.707471731156549
18,62.0,-12.77034679613556
18,62.5,-14.157640488959863
18,63.0,-15.844668859874902
18,63.5,-17.753335413655282
18,64.0,-19.91307633300582
18,64.5,-22.02675934450682
18,65.0,-23.619536223506422
18,65.5,-24.15220300716665
18,66.0,-23.44112078445933
18,66.5,-21.753097454755306
18,67.0,-19.61506654263423
18,67.5,-17.42881734401341
18,68.0,-15.419816228486406
18,68.5,-13.736812286771226
18,69.0,-12.306763113342106
18,69.5,-11.186789444515677
18,70.0,-10.397957290748549
18,70.5,-9.888043918076267
18,71.0,-9.684108516384372
18,71.5,-9.803715781821522
18,72.0,-10.263828569046767
18,72.5,-11.079872130549576
18,73.0,-12.372977803272398
18,73.5,-14.233552888979403
18,74.0,-16.871390518335602
18,74.5,-20.49025819581261
18,75.0,-24.080581587321674
18,75.5,-23.70749789174504
18,76.0,-20.609253141842306
18,76.5,-18.33894801447501
18,77.0,-17.04355435496023
18,77.5,-16.621200361026848
18,78.0,-17.035770449986085
18,78.5,-18.38654956742318
18,79.0,-21.01583152023053
18,79.5,-26.6478467386693
18,80.0,-33.719930820779474
18,80.5,-24.85146347380535
18,81.0,-19.10528379642521
18,81.5,-15.934988269682696
18,82.0,-13.846268649917238
18,82.5,-12.518565818355622
18,83.0,-11.794941936406216
18,83.5,-11.549934714223316
18,84.0,-11.7825037058608
18,84.5,-12.51828443760547
18,85.0,-13.789922664532448
18,85.5,-15.555631152490154
18,86.0,-17.602277758376076
18,86.5,-18.497920959918524
18,87.0,-17.003860116482358
18,87.5,-14.5310499453178
18,88.0,-12.389471682664166
18,88.5,-10.68872354546432
18,89.0,-9.45164025369882
18,89.5,-8.633729048335299
18,90.0,-8.128266190257458
18,90.5,-7.922724781504635
18,91.0,-7.996943233419057
18,91.5,-8.328999839469876
18,92.0,-8.892107324056937
18,92.5,-9.717439000203967
18,93.0,-10.78734693597566
18,93.5,-12.063950155323557
18,94.0,-13.626418702512822
18,94.5,-15.416345513502026
18,95.0,-17.348790207475044
18,95.5,-19.134689383889647
18,96.0,-20.142055391540552
18,96.5,-19.910740326597136
18,97.0,-18.6760703468313
18,97.5,-17.091075565011618
18,98.0,-15.567361403595182
18,98.5,-14.288920776003671
18,99.0,-13.216491383462978
18,99.5,-12.39938032379438
18,100.0,-11.962437828893542
19,0.0,-3.041182393666952
19,0.5,-3.1224557974115075
19,1.0,-3.359200065452704
19,1.5,-3.7714016533086094
19,2.0,-4.359964667182359
19,2.5,-5.141585321940437
19,3.0,-6.130956694892916
19,3.5,-7.317137234496261
19,4.0,-8.81281651193511
19,4.5,-10.638135017104856
19,5.0,-12.894590740325734
19,5.5,-15.733093442540255
19,6.0,-19.31594767478448
19,6.5,-24.07818270024305
19,7.0,-29.06925308414412
19,7.5,-28.69592183883781
19,8.0,-23.812923787333844
19,8.5,-20.670478468083065
19,9.0,-18.492023319401905
19,9.5,-16.71746839020999
19,10.0,-15.198249504554632
19,10.5,-13.796294717396664
19,11.0,-12.57381515438453
19,11.5,-11.55838322067568
19,12.0,-10.763715186963111
19,12.5,-10.218810598651569
19,13.0,-9.899180839927764
19,13.5,-9.83182403419888
19,14.0,-10.023909497464926
19,14.5,-10.506679586117338
19,15.0,-11.301537552526431
19,15.5,-12.454879297631493
19,16.0,-14.010801060271376
19,16.5,-15.957590408677753
19,17.0,-18.380461260563216
19,17.5,-20.769808065204465
19,18.0,-21.843091768460244
19,18.5,-21.061427627466728
19,19.0,-19.673558922676225
19,19.5,-18.507993819905533
19,20.0,-17.777306946764497
19,20.5,-17.398953311562618
19,21.0,-17.14424079957309
19,21.5,-16.760841060568417
19,22.0,-16.025513194787457
19,22.5,-14.932772532880596
19,23.0,-13.697735720799026
19,23.5,-12.452174576360813
19,24.0,-11.37094590281092
19,24.5,-10.526247477090102
19,25.0,-9.93905187644748
19,25.5,-9.62442195298355
19,26.0,-9.557049620386808
19,26.5,-9.73024887149303
19,27.0,-10.096259648211603
19,27.5,-10.600880236529836
19,28.0,-11.092294256100798
19,28.5,-11.360014190145325
19,29.0,-11.22395629169202
19,29.5,-10.673604833756633
19,30.0,-9.822602760517062
19,30.5,-8.885263210840328
19,31.0,-8.009725511048236
19,31.5,-7.271406397587854
19,32.0,-6.715957955440808
19,32.5,-6.311937034965574
19,33.0,-6.06800303327248
19,33.5,-5.973454060542656
19,34.0,-6.0073138225755605
19,34.5,-6.159296668883062
19,35.0,-6.422527972335187
19,35.5,-6.792774657665266
19,36.0,-7.262845416549655
19,36.5,-7.881296276416172
19,37.0,-8.664823468180618
19,37.5,-9.627279922031942
19,38.0,-10.883873203485775
19,38.5,-12.4544913070693
19,39.0,-14.32009157877617
19,39.5,-16.121310829905042
19,40.0,-16.857113494260506
19,40.5,-15.90643200692637
19,41.0,-14.043705928861147
19,41.5,-12.208832754277935
19,42.0,-10.726519296838266
19,42.5,-9.666591203914852
19,43.0,-8.936097418387408
19,43.5,-8.539261560549999
19,44.0,-8.459353439611661
19,44.5,-8.68294629025137
19,45.0,-9.213902114771956
19,45.5,-10.066956896773874
19,46.0,-11.242794840795318
19,46.5,-12.677893183626889
19,47.0,-14.346291741630278
19,47.5,-15.863776964043504
19,48.0,-16.625583309394635
19,48.5,-16.317202452553108
19,49.0,-15.368306245160268
19,49.5,-14.31705948513068
19,50.0,-13.489039960420625
19,50.5,-12.979206184309213
19,51.0,-12.749780916336482
19,51.5,-12.78011187739118
19,52.0,-13.014924269581051
19,52.5,-13.35788379600142
19,53.0,-13.662186379467087
19,53.5,-13.769995907174255
19,54.0,-13.526276478689397
19,54.5,-12.898230767164966
19,55.0,-12.002712101493966
19,55.5,-11.025598789269717
19,56.0,-10.032900684355134
19,56.5,-9.131576783665947
19,57.0,-8.38612196732184
19,57.5,-7.772128997561706
19,58.0,-7.326351281925799
19,58.5,-7.063930953688986
19,59.0,-6.994009675110638
19,59.5,-7.128694861136577
19,60.0,-7.499193966556549
19,60.5,-8.133276201416141
19,61.0,-9.085449779415937
19,61.5,-10.424571626077684
19,62.0,-12.2191902014595
19,62.5,-14.81988190251638
19,63.0,-18.690567033287778
19,63.5,-24.91166737187444
19,64.0,-28.734769070584143
19,64.5,-22.45514175082392
19,65.0,-18.39613419346229
19,65.5,-16.187276822363692
19,66.0,-15.081769041340817
19,66.5,-14.72714972836824
19,67.0,-15.084790426811749
19,67.5,-16.241711486950642
19,68.0,-18.4616220074771
19,68.5,-22.42673451031208
19,69.0,-29.335717777970768
19,69.5,-25.740501056830656
19,70.0,-19.462970812976668
19,70.5,-15.57173130292429
19,71.0,-13.021927342703982
19,71.5,-11.283967040836288
19,72.0,-10.09949117920742
19,72.5,-9.370606386042724
19,73.0,-8.985412715153572
19,73.5,-8.932464976106257
19,74.0,-9.20460511601124
19,74.5,-9.798972681754517
19,75.0,-10.708135405913492
19,75.5,-12.032324494146245
19,76.0,-13.817373523837093
19,76.5,-16.113410120419836
19,77.0,-19.244966974751577
19,77.5,-23.156941622568446
19,78.0,-25.983888956410148
19,78.5,-24.69108624998077
19,79.0,-22.21599036744109
19,79.5,-20.477851502354007
19,80.0,-19.547394144504715
19,80.5,-19.22558895208761
19,81.0,-19.291766671319238
19,81.5,-19.479741283666467
19,82.0,-19.456718917128374
19,82.5,-18.948161057862617
19,83.0,-18.00745377014456
19,83.5,-16.8460751986568
19,84.0,-15.75772092196102
19,84.5,-14.905136303284948
19,85.0,-14.359041836227483
19,85.5,-14.16420489537813
19,86.0,-14.340649195554828
19,86.5,-14.932392588470169
19,87.0,-15.990276644478062
19,87.5,-17.492408026114674
19,88.0,-19.066528340997007
19,88.5,-19.66311096467154
19,89.0,-18.27776186668887
19,89.5,-15.951194882352072
19,90.0,-13.66604139683117
19,90.5,-11.802242137137478
19,91.0,-10.370550181963209
19,91.5,-9.311769213829864
19,92.0,-8.6030445198235
19,92.5,-8.167060235272025
19,93.0,-8.00418669099218
19,93.5,-8.097303078007409
19,94.0,-8.442024973573172
19,94.5,-9.024644277669095
19,95.0,-9.828938453432269
19,95.5,-10.803483468730082
19,96.0,-11.817518793622222
19,96.5,-12.754806068100558
19,97.0,-13.36041787790274
19,97.5,-13.49236404797837
19,98.0,-13.243409938775088
19,98.5,-12.846277545117964
19,99.0,-12.482000421372442
19,99.5,-12.28904005355118
19,100.0,-12.291088548932647
20,0.0,-4.167856220421348
20,0.5,-4.301165697874934
20,1.0,-4.689701453714195
20,1.5,-5.366780227786841
20,2.0,-6.334073814907332
20,2.5,-7.617091688248629
20,3.0,-9.231559155929506
20,3.5,-11.134946714911171
20,4.0,-13.43693884596431
20,4.5,-15.994803592310372
20,5.0,-18.57949721925352
20,5.5,-20.833960213277848
20,6.0,-22.46212745295621
20,6.5,-23.53720325397453
20,7.0,-23.782344231649528
20,7.5,-22.552364739647988
20,8.0,-19.86639741695558
20,8.5,-17.05872611914606
20,9.0,-14.787793103521974
20,9.5,-13.106290853559887
20,10.0,-12.004698127629446
20,10.5,-11.381331258707933
20,11.0,-11.27125317663491
20,11.5,-11.732734869841616
20,12.0,-12.875570636657324
20,12.5,-14.90369429186487
20,13.0,-18.579303056884942
20,13.5,-23.865459314300445
20,14.0,-21.41314380855317
20,14.5,-15.77676544100298
20,15.0,-12.004251845151742
20,15.5,-9.47676976105267
20,16.0,-7.717975851286797
20,16.5,-6.548510162675661
20,17.0,-5.78048607868254
20,17.5,-5.38889544002193
20,18.0,-5.348280667121578
20,18.5,-5.639367499491165
20,19.0,-6.246818207691913
20,19.5,-7.226569569146915
20,20.0,-8.589450810677864
20,20.5,-10.313214805809652
20,21.0,-12.487157889639931
20,21.5,-14.783669650331875
20,22.0,-16.27267660083267
20,22.5,-16.178336458352124
20,23.0,-15.187931319133494
20,23.5,-14.1860303571104
20,24.0,-13.582569654505727
20,24.5,-13.470891933993222
20,25.0,-13.844868831282968
20,25.5,-14.66539305607616
20,26.0,-15.934505112424404
20,26.5,-17.443145096427905
20,27.0,-18.65586167743505
20,27.5,-18.93508397253741
20,28.0,-18.168341046943397
20,28.5,-16.923121892424405
20,29.0,-15.765811104463817
20,29.5,-15.008997437385633
20,30.0,-14.680260010706196
20,30.5,-14.81803264351962
20,31.0,-15.46279152392234
20,31.5,-16.686472184224748
20,32.0,-18.615420334950223
20,32.5,-21.8276270517069
20,33.0,-27.494349818826457
20,33.5,-31.10724444903065
20,34.0,-24.665771541049835
20,34.5,-19.693818328603196
20,35.0,-16.52984544642879
20,35.5,-14.269490441436773
20,36.0,-12.609356351411485
20,36.5,-11.267507837577538
20,37.0,-10.197602359148492
20,37.5,-9.36544639233395
20,38.0,-8.679434939981924
20,38.5,-8.138849639334442
20,39.0,-7.726383798439571
20,39.5,-7.423816700913109
20,40.0,-7.224374931640059
20,40.5,-7.1039965725475005
20,41.0,-7.058938078414166
20,41.5,-7.082205300579477
20,42.0,-7.1662819078582505
20,42.5,-7.303209004772714
20,43.0,-7.49979510791252
20,43.5,-7.750669919936319
20,44.0,-8.043902255924678
20,44.5,-8.390045151682447
20,45.0,-8.763937936049667
20,45.5,-9.138473623722216
20,46.0,-9.476875640974882
20,46.5,-9.732957043199905
20,47.0,-9.896324306023487
20,47.5,-9.959679740241892
20,48.0,-9.954779198980273
20,48.5,-9.94028487383166
20,49.0,-9.98056406687537
20,49.5,-10.142333699526343
20,50.0,-10.480950535804276
20,50.5,-11.030804418992131
20,51.0,-11.877535527738743
20,51.5,-13.056232483786069
20,52.0,-14.621862280167356
20,52.5,-16.550706041119742
20,53.0,-18.44147035786081
20,53.5,-19.3039297903982
20,54.0,-18.515436347120115
20,54.5,-16.88366291882411
20,55.0,-15.24198161539024
20,55.5,-13.926258384118062
20,56.0,-12.882641594757263
20,56.5,-12.104468625293093
20,57.0,-11.549347621166088
20,57.5,-11.127331577466348
20,58.0,-10.813371415872425
20,58.5,-10.582851134723173
20,59.0,-10.426981608707004
20,59.5,-10.358707924800845
20,60.0,-10.398376992670237
20,60.5,-10.580001742292623
20,61.0,-10.941907826120694
20,61.5,-11.513124305665084
20,62.0,-12.293926552472334
20,62.5,-13.338506541752784
20,63.0,-14.579457211206918
20,63.5,-15.828160781754406
20,64.0,-16.837987221112062
20,64.5,-17.202636655833125
20,65.0,-16.898481815671975
20,65.5,-16.323199240847813
20,66.0,-15.851892925987377
20,66.5,-15.639479766563111
20,67.0,-15.74755444016434
20,67.5,-16.115970126983115
20,68.0,-16.516840856513742
20,68.5,-16.554155611491566
20,69.0,-15.900061810999995
20,69.5,-14.656287873967123
20,70.0,-13.25491399874638
20,70.5,-11.925540634841662
20,71.0,-10.86082209747945
20,71.5,-10.120490496656712
20,72.0,-9.712004820308517
20,72.5,-9.639492248853502
20,73.0,-9.896436234372825
20,73.5,-10.474662578165198
20,74.0,-11.3383478180339
20,74.5,-12.355745701591076
20,75.0,-13.214464171058507
20,75.5,-13.550209011709669
20,76.0,-13.14417446848226
20,76.5,-12.289278343333278
20,77.0,-11.353641988183057
20,77.5,-10.629427405587414
20,78.0,-10.244841983088593
20,78.5,-10.249015380993976
20,79.0,-10.671589334266448
20,79.5,-11.59958993476003
20,80.0,-13.119068386610673
20,80.5,-15.40628540666974
20,81.0,-18.575280353185946
20,81.5,-21.52395871157185
20,82.0,-20.91823339568074
20,82.5,-17.936435094165187
20,83.0,-15.584901512932127
20,83.5,-14.073517235672536
20,84.0,-13.33369612878282
20,84.5,-13.2870917223699
20,85.0,-13.906568160699214
20,85.5,-15.202811898416416
20,86.0,-17.30071037929001
20,86.5,-19.69414877814629
20,87.0,-20.171750757718694
20,87.5,-17.809647495704
20,88.0,-15.11040939620263
20,88.5,-13.016735604900312
20,89.0,-11.637734114781392
20,89.5,-10.905060185603684
20,90.0,-10.723714261373038
20,90.5,-11.127617484577096
20,91.0,-12.221486818872227
20,91.5,-14.231435875172927
20,92.0,-17.693012142393822
20,92.5,-25.80164237259669
20,93.0,-31.073375532239737
20,93.5,-19.40826177149321
20,94.0,-14.534928500910755
20,94.5,-11.736526047961068
20,95.0,-10.00605559079004
20,95.5,-8.97382457071295
20,96.0,-8.508710583393157
20,96.5,-8.521384626664307
20,97.0,-9.021005567849416
20,97.5,-10.064457163886749
20,98.0,-11.760281703781796
20,98.5,-14.292035297707796
20,99.0,-18.495383648869165
20,99.5,-26.22919420239317
20,100.0,-30.08132441264114
21,0.0,-26.21609746559581
21,0.5,-20.450169503835102
21,1.0,-15.722084041758022
21,1.5,-12.807122638374768
21,2.0,-10.961683410651895
21,2.5,-9.835069703495003
21,3.0,-9.241389689144707
21,3.5,-9.098237422764422
21,4.0,-9.348655697932402
21,4.5,-9.96702290054814
21,5.0,-10.92482131749879
21,5.5,-12.139256284625365
21,6.0,-13.397114888825008
21,6.5,-14.45022188104228
21,7.0,-14.909619567091978
21,7.5,-14.76351842499097
21,8.0,-14.3841762355139
21,8.5,-14.16208185807941
21,9.0,-14.342872419147362
21,9.5,-15.070010170870528
21,10.0,-16.438125141945928
21,10.5,-18.625122972217014
21,11.0,-21.096236448196144
21,11.5,-21.31169994430584
21,12.0,-18.07592978081276
21,12.5,-14.802394303622032
21,13.0,-12.306202173467684
21,13.5,-10.513647395975545
21,14.0,-9.298665275481666
21,14.5,-8.48501370724742
21,15.0,-8.056004715362118
21,15.5,-7.994515323586711
21,16.0,-8.29491576314177
21,16.5,-8.96640948187481
21,17.0,-10.123935372326072
21,17.5,-11.895865055592758
21,18.0,-14.642269601561894
21,18.5,-19.325438958912383
21,19.0,-28.540636144855945
21,19.5,-25.79509148474972
21,20.0,-17.427028576511226
21,20.5,-13.51765102686596
21,21.0,-10.999599218452984
21,21.5,-9.310150222547197
21,22.0,-8.193926324948517
21,22.5,-7.517550124973427
21,23.0,-7.235682375795843
21,23.5,-7.316104241457944
21,24.0,-7.786228042562693
21,24.5,-8.713260130163421
21,25.0,-10.20746983262301
21,25.5,-12.432633758167654
21,26.0,-15.99383091684662
21,26.5,-20.75127285371659
21,27.0,-20.717206997121973
21,27.5,-15.631398399543889
21,28.0,-11.798250121799082
21,28.5,-9.2908883175911
21,29.0,-7.577286301900591
21,29.5,-6.452968050179482
21,30.0,-5.721936463353835
21,30.5,-5.351051097210169
21,31.0,-5.308013450534045
21,31.5,-5.565988507673154
21,32.0,-6.100553916481625
21,32.5,-6.9459734354623
21,33.0,-8.091613077007917
21,33.5,-9.499413480775488
21,34.0,-11.251272679931589
21,34.5,-13.259232204015396
21,35.0,-15.394662527716582
21,35.5,-17.402601585204824
21,36.0,-18.978131638048733
21,36.5,-20.255802354173703
21,37.0,-21.581493306946587
21,37.5,-23.338193604574204
21,38.0,-25.53476722410277
21,38.5,-26.242804908230102
21,39.0,-23.49729509365844
21,39.5,-20.13497958827024
21,40.0,-17.61932433714922
21,40.5,-15.77426586085464
21,41.0,-14.53375660273386
21,41.5,-13.793461786642188
21,42.0,-13.451182880358694
21,42.5,-13.410076673549408
21,43.0,-13.523974509357974
21,43.5,-13.58492151771664
21,44.0,-13.366442829891213
21,44.5,-12.736268170329918
21,45.0,-11.792899571494184
21,45.5,-10.74270182128221
21,46.0,-9.767897845066123
21,46.5,-8.99415351068294
21,47.0,-8.41665225294129
21,47.5,-8.068732846074278
21,48.0,-7.944736079887262
21,48.5,-8.015582053475734
21,49.0,-8.235162006068995
21,49.5,-8.559544684722002
21,50.0,-8.909132679687996
21,50.5,-9.19925848725402
21,51.0,-9.395280259618088
21,51.5,-9.48547411506189
21,52.0,-9.518445079226575
21,52.5,-9.573278967202109
21,53.0,-9.720394170374709
21,53.5,-10.02405775752983
21,54.0,-10.503534269722936
21,54.5,-11.144793321893422
21,55.0,-11.867652602332331
21,55.5,-12.502659181534066
21,56.0,-12.897289404802171
21,56.5,-12.923226406413924
21,57.0,-12.662941420004117
21,57.5,-12.30602798145413
21,58.0,-12.062650763252185
21,58.5,-12.08524220916373
21,59.0,-12.471134416337735
21,59.5,-13.28225073562746
21,60.0,-14.66565746228147
21,60.5,-16.677190443221427
21,61.0,-19.11959974835672
21,61.5,-20.513678109429005
21,62.0,-19.1870279301495
21,62.5,-16.64645928592272
21,63.0,-14.488296424099715
21,63.5,-13.006636486098923
21,64.0,-12.029519770393582
21,64.5,-11.500114531179651
21,65.0,-11.319933338071737
21,65.5,-11.349852668869694
21,66.0,-11.404340587881087
21,66.5,-11.262391954218764
21,67.0,-10.768942528066326
21,67.5,-9.946744977113877
21,68.0,-8.981166695983989
21,68.5,-8.089956475812356
21,69.0,-7.348785435687789
21,69.5,-6.857956998559905
21,70.0,-6.665292620601344
21,70.5,-6.7913121175638445
21,71.0,-7.278890736295123
21,71.5,-8.190829981785278
21,72.0,-9.601942674858432
21,72.5,-11.566082329282256
21,73.0,-14.261800557498615
21,73.5,-16.883831271102512
21,74.0,-16.79096971632597
21,74.5,-14.196602813032934
21,75.0,-11.69709161430952
21,75.5,-9.79681006578051
21,76.0,-8.505887870646234
21,76.5,-7.736196367462782
21,77.0,-7.361203817798845
21,77.5,-7.358403481233427
21,78.0,-7.709104350806009
21,78.5,-8.394887797696214
21,79.0,-9.381767867157404
21,79.5,-10.726997852135549
21,80.0,-12.374406573320044
21,80.5,-14.235840784118771
21,81.0,-16.07354859500288
21,81.5,-17.46215850128855
21,82.0,-18.20183547842252
21,82.5,-18.358162320288635
21,83.0,-18.209704360949743
21,83.5,-17.80269608939372
21,84.0,-16.964107861378004
21,84.5,-15.57355835820459
21,85.0,-13.815213351526696
21,85.5,-12.037448398169452
21,86.0,-10.33968721443904
21,86.5,-8.870943849210107
21,87.0,-7.663987649611511
21,87.5,-6.7123450942012814
21,88.0,-6.0269904138406485
21,88.5,-5.553488889269097
21,89.0,-5.304140890188931
21,89.5,-5.2744054657881385
21,90.0,-5.4613804503472565
21,90.5,-5.8700815380681375
21,91.0,-6.515397405196387
21,91.5,-7.409577043483784
21,92.0,-8.540637161611984
21,92.5,-10.004959731525206
21,93.0,-11.771672072910938
21,93.5,-13.68165294773424
21,94.0,-15.42179059015912
21,94.5,-16.087882756353654
21,95.0,-15.31163084123699
21,95.5,-13.859243401829916
21,96.0,-12.470915812497973
21,96.5,-11.30807904381299
21,97.0,-10.447063383924384
21,97.5,-9.870374190566183
21,98.0,-9.5405627361171
21,98.5,-9.432394493784326
21,99.0,-9.514055550209417
21,99.5,-9.767343847504025
21,100.0,-10.045635281021596
